Year,Reference area,Sex,Age,Degree of urbanisation,GeoCode,Value
2007,,,,,,35.0
2008,,,,,,31.7
2009,,,,,,31.7
2010,,,,,,33.7
2011,,,,,,36.8
2012,,,,,,38.0
2013,,,,,,37.0
2014,,,,,,30.6
2015,,,,,,32.1
2016,,,,,,25.4
2017,,,,,,25.6
2018,,,,,,22.4
2019,,,,,,20.124198
2020,,,,,,25.3
2021,,,,,,33.262233
2022,,,,,,33.152856
2023,,,,,,29.810233
2007,,Female,,,,34.7
2008,,Female,,,,31.4
2009,,Female,,,,30.7
2010,,Female,,,,32.7
2011,,Female,,,,36.1
2012,,Female,,,,37.2
2013,,Female,,,,36.5
2014,,Female,,,,29.7
2015,,Female,,,,31.5
2016,,Female,,,,25.0
2017,,Female,,,,25.0
2018,,Female,,,,22.5
2019,,Female,,,,20.078519
2020,,Female,,,,25.3
2021,,Female,,,,33.107334
2022,,Female,,,,32.831914
2023,,Female,,,,29.669467
2007,,Male,,,,35.4
2008,,Male,,,,32.1
2009,,Male,,,,32.9
2010,,Male,,,,34.8
2011,,Male,,,,37.6
2012,,Male,,,,39.0
2013,,Male,,,,37.5
2014,,Male,,,,31.5
2015,,Male,,,,32.7
2016,,Male,,,,25.7
2017,,Male,,,,26.3
2018,,Male,,,,22.2
2019,,Male,,,,20.175708
2020,,Male,,,,25.3
2021,,Male,,,,33.434792
2022,,Male,,,,33.509346
2023,,Male,,,,29.964547
2007,,,,Urban,,23.2
2008,,,,Urban,,22.6
2009,,,,Urban,,21.9
2010,,,,Urban,,23.6
2011,,,,Urban,,30.7
2012,,,,Urban,,35.4
2013,,,,Urban,,28.5
2014,,,,Urban,,26.9
2015,,,,Urban,,29.3
2016,,,,Urban,,18.6
2017,,,,Urban,,20.4
2018,,,,Urban,,20.1
2019,,,,Urban,,14.7
2020,,,,Urban,,18.3
2021,,,,Urban,,33.257744
2022,,,,Urban,,34.041195
2023,,,,Urban,,30.196133
2007,,,,Rural,,41.7
2008,,,,Rural,,36.8
2009,,,,Rural,,37.1
2010,,,,Rural,,39.5
2011,,,,Rural,,40.4
2012,,,,Rural,,39.6
2013,,,,Rural,,41.4
2014,,,,Rural,,32.6
2015,,,,Rural,,33.6
2016,,,,Rural,,29.0
2017,,,,Rural,,28.4
2018,,,,Rural,,23.7
2019,,,,Rural,,23.2
2020,,,,Rural,,29.3
2021,,,,Rural,,33.264901
2022,,,,Rural,,32.636018
2023,,,,Rural,,29.586577
2013,,,under 17 years old,,,45.2
2014,,,under 17 years old,,,37.9
2015,,,under 17 years old,,,40.5
2016,,,under 17 years old,,,31.5
2017,,,under 17 years old,,,32.0
2018,,,under 17 years old,,,28.3
2019,,,under 17 years old,,,25.7
2020,,,under 17 years old,,,31.8
2021,,,under 17 years old,,,40.506762
2022,,,under 17 years old,,,40.271414
2023,,,under 17 years old,,,36.679315
2013,,,14 to 28 years old,,,35.6
2014,,,14 to 28 years old,,,28.5
2015,,,14 to 28 years old,,,29.0
2016,,,14 to 28 years old,,,23.0
2017,,,14 to 28 years old,,,22.9
2018,,,14 to 28 years old,,,20.9
2019,,,14 to 28 years old,,,16.2
2020,,,14 to 28 years old,,,22.0
2021,,,14 to 28 years old,,,31.172875
2022,,,14 to 28 years old,,,31.568157
2023,,,14 to 28 years old,,,27.761652
2013,,,"16 to 62 years old (working age population: women 16-57 years old, men 16-62 years old)",,,33.3
2014,,,"16 to 62 years old (working age population: women 16-57 years old, men 16-62 years old)",,,27.0
2015,,,"16 to 62 years old (working age population: women 16-57 years old, men 16-62 years old)",,,27.9
2016,,,"16 to 62 years old (working age population: women 16-57 years old, men 16-62 years old)",,,21.8
2017,,,"16 to 62 years old (working age population: women 16-57 years old, men 16-62 years old)",,,22.0
2018,,,"16 to 62 years old (working age population: women 16-57 years old, men 16-62 years old)",,,19.3
2019,,,"16 to 62 years old (working age population: women 16-57 years old, men 16-62 years old)",,,17.117237
2020,,,"16 to 62 years old (working age population: women 16-57 years old, men 16-62 years old)",,,21.7
2021,,,"16 to 62 years old (working age population: women 16-57 years old, men 16-62 years old)",,,29.650855
2022,,,"16 to 62 years old (working age population: women 16-57 years old, men 16-62 years old)",,,30.277813
2023,,,"16 to 62 years old (working age population: women 16-57 years old, men 16-62 years old)",,,26.9455
2013,,,"58 years old and over (population over working age: women 58 years and older, men 63 years and older)",,,25.2
2014,,,"58 years old and over (population over working age: women 58 years and older, men 63 years and older)",,,21.3
2015,,,"58 years old and over (population over working age: women 58 years and older, men 63 years and older)",,,21.8
2016,,,"58 years old and over (population over working age: women 58 years and older, men 63 years and older)",,,19.9
2017,,,"58 years old and over (population over working age: women 58 years and older, men 63 years and older)",,,18.9
2018,,,"58 years old and over (population over working age: women 58 years and older, men 63 years and older)",,,14.8
2019,,,"58 years old and over (population over working age: women 58 years and older, men 63 years and older)",,,13.285424
2020,,,"58 years old and over (population over working age: women 58 years and older, men 63 years and older)",,,17.8
2021,,,"58 years old and over (population over working age: women 58 years and older, men 63 years and older)",,,24.097659
2022,,,"58 years old and over (population over working age: women 58 years and older, men 63 years and older)",,,22.733608
2023,,,"58 years old and over (population over working age: women 58 years and older, men 63 years and older)",,,19.920707
2007,Batken,,,,KG05,40.40248
2008,Batken,,,,KG05,20.74156
2009,Batken,,,,KG05,31.472533
2010,Batken,,,,KG05,33.595652
2011,Batken,,,,KG05,35.637925
2012,Batken,,,,KG05,34.23528
2013,Batken,,,,KG05,53.85581
2014,Batken,,,,KG05,40.719692
2015,Batken,,,,KG05,41.156483
2016,Batken,,,,KG05,37.049867
2017,Batken,,,,KG05,40.51893
2018,Batken,,,,KG05,33.773947
2019,Batken,,,,KG05,32.600278
2020,Batken,,,,KG05,34.7
2021,Batken,,,,KG05,40.671538
2022,Batken,,,,KG05,48.492371
2023,Batken,,,,KG05,48.132488
2007,Batken,Female,,,KG05,41.298197
2008,Batken,Female,,,KG05,22.400607
2009,Batken,Female,,,KG05,31.273921
2010,Batken,Female,,,KG05,31.928278
2011,Batken,Female,,,KG05,34.181401
2012,Batken,Female,,,KG05,34.639723
2013,Batken,Female,,,KG05,53.627067
2014,Batken,Female,,,KG05,39.011011
2015,Batken,Female,,,KG05,40.926454
2016,Batken,Female,,,KG05,36.116547
2017,Batken,Female,,,KG05,39.60454
2018,Batken,Female,,,KG05,33.671054
2019,Batken,Female,,,KG05,32.424874
2020,Batken,Female,,,KG05,34.3
2021,Batken,Female,,,KG05,40.835744
2022,Batken,Female,,,KG05,46.987664
2023,Batken,Female,,,KG05,47.095469
2007,Batken,Male,,,KG05,39.381264
2008,Batken,Male,,,KG05,18.757343
2009,Batken,Male,,,KG05,31.703885
2010,Batken,Male,,,KG05,35.557934
2011,Batken,Male,,,KG05,37.347648
2012,Batken,Male,,,KG05,33.764476
2013,Batken,Male,,,KG05,54.087839
2014,Batken,Male,,,KG05,42.448702
2015,Batken,Male,,,KG05,41.395882
2016,Batken,Male,,,KG05,38.033369
2017,Batken,Male,,,KG05,41.521176
2018,Batken,Male,,,KG05,33.888979
2019,Batken,Male,,,KG05,32.79437
2020,Batken,Male,,,KG05,35.1
2021,Batken,Male,,,KG05,40.494323
2022,Batken,Male,,,KG05,50.118899
2023,Batken,Male,,,KG05,49.224437
2007,Jalal-Abad,,,,KG03,53.037853
2008,Jalal-Abad,,,,KG03,40.086271
2009,Jalal-Abad,,,,KG03,36.873144
2010,Jalal-Abad,,,,KG03,44.705496
2011,Jalal-Abad,,,,KG03,45.290428
2012,Jalal-Abad,,,,KG03,55.657831
2013,Jalal-Abad,,,,KG03,46.412538
2014,Jalal-Abad,,,,KG03,46.435379
2015,Jalal-Abad,,,,KG03,45.092335
2016,Jalal-Abad,,,,KG03,32.247345
2017,Jalal-Abad,,,,KG03,32.58065
2018,Jalal-Abad,,,,KG03,32.21518
2019,Jalal-Abad,,,,KG03,26.949229
2020,Jalal-Abad,,,,KG03,37.2
2021,Jalal-Abad,,,,KG03,43.213902
2022,Jalal-Abad,,,,KG03,47.142901
2023,Jalal-Abad,,,,KG03,36.060409
2007,Jalal-Abad,Female,,,KG03,51.581913
2008,Jalal-Abad,Female,,,KG03,37.898731
2009,Jalal-Abad,Female,,,KG03,33.475027
2010,Jalal-Abad,Female,,,KG03,43.666948
2011,Jalal-Abad,Female,,,KG03,43.691714
2012,Jalal-Abad,Female,,,KG03,55.271782
2013,Jalal-Abad,Female,,,KG03,47.356836
2014,Jalal-Abad,Female,,,KG03,47.010505
2015,Jalal-Abad,Female,,,KG03,45.246248
2016,Jalal-Abad,Female,,,KG03,33.070935
2017,Jalal-Abad,Female,,,KG03,33.991288
2018,Jalal-Abad,Female,,,KG03,33.427506
2019,Jalal-Abad,Female,,,KG03,27.837054
2020,Jalal-Abad,Female,,,KG03,39.0
2021,Jalal-Abad,Female,,,KG03,43.253397
2022,Jalal-Abad,Female,,,KG03,47.199947
2023,Jalal-Abad,Female,,,KG03,36.438842
2007,Jalal-Abad,Male,,,KG03,54.569086
2008,Jalal-Abad,Male,,,KG03,42.427936
2009,Jalal-Abad,Male,,,KG03,40.528056
2010,Jalal-Abad,Male,,,KG03,45.762936
2011,Jalal-Abad,Male,,,KG03,46.925946
2012,Jalal-Abad,Male,,,KG03,56.050613
2013,Jalal-Abad,Male,,,KG03,45.459524
2014,Jalal-Abad,Male,,,KG03,45.842338
2015,Jalal-Abad,Male,,,KG03,44.933484
2016,Jalal-Abad,Male,,,KG03,31.382458
2017,Jalal-Abad,Male,,,KG03,31.110381
2018,Jalal-Abad,Male,,,KG03,30.924895
2019,Jalal-Abad,Male,,,KG03,26.006375
2020,Jalal-Abad,Male,,,KG03,35.4
2021,Jalal-Abad,Male,,,KG03,43.172054
2022,Jalal-Abad,Male,,,KG03,47.082026
2023,Jalal-Abad,Male,,,KG03,35.670056
2007,Issyk-Kul,,,,KG02,38.587156
2008,Issyk-Kul,,,,KG02,52.243736
2009,Issyk-Kul,,,,KG02,46.090374
2010,Issyk-Kul,,,,KG02,38.013539
2011,Issyk-Kul,,,,KG02,29.522755
2012,Issyk-Kul,,,,KG02,28.137635
2013,Issyk-Kul,,,,KG02,39.47799
2014,Issyk-Kul,,,,KG02,26.014325
2015,Issyk-Kul,,,,KG02,28.892638
2016,Issyk-Kul,,,,KG02,24.744553
2017,Issyk-Kul,,,,KG02,24.170329
2018,Issyk-Kul,,,,KG02,21.52951
2019,Issyk-Kul,,,,KG02,24.449709
2020,Issyk-Kul,,,,KG02,27.9
2021,Issyk-Kul,,,,KG02,38.130315
2022,Issyk-Kul,,,,KG02,31.240016
2023,Issyk-Kul,,,,KG02,30.852412
2007,Issyk-Kul,Female,,,KG02,38.684594
2008,Issyk-Kul,Female,,,KG02,52.152947
2009,Issyk-Kul,Female,,,KG02,47.889059
2010,Issyk-Kul,Female,,,KG02,36.910699
2011,Issyk-Kul,Female,,,KG02,31.115103
2012,Issyk-Kul,Female,,,KG02,28.242618
2013,Issyk-Kul,Female,,,KG02,40.42619
2014,Issyk-Kul,Female,,,KG02,26.354813
2015,Issyk-Kul,Female,,,KG02,29.07856
2016,Issyk-Kul,Female,,,KG02,24.749642
2017,Issyk-Kul,Female,,,KG02,24.266813
2018,Issyk-Kul,Female,,,KG02,21.495641
2019,Issyk-Kul,Female,,,KG02,25.261408
2020,Issyk-Kul,Female,,,KG02,29.0
2021,Issyk-Kul,Female,,,KG02,39.052987
2022,Issyk-Kul,Female,,,KG02,31.228686
2023,Issyk-Kul,Female,,,KG02,30.330535
2007,Issyk-Kul,Male,,,KG02,38.498843
2008,Issyk-Kul,Male,,,KG02,52.32036
2009,Issyk-Kul,Male,,,KG02,44.51291
2010,Issyk-Kul,Male,,,KG02,39.006289
2011,Issyk-Kul,Male,,,KG02,28.112247
2012,Issyk-Kul,Male,,,KG02,28.021324
2013,Issyk-Kul,Male,,,KG02,38.474804
2014,Issyk-Kul,Male,,,KG02,25.663079
2015,Issyk-Kul,Male,,,KG02,28.701454
2016,Issyk-Kul,Male,,,KG02,24.739204
2017,Issyk-Kul,Male,,,KG02,24.067407
2018,Issyk-Kul,Male,,,KG02,21.566132
2019,Issyk-Kul,Male,,,KG02,23.571244
2020,Issyk-Kul,Male,,,KG02,26.7
2021,Issyk-Kul,Male,,,KG02,37.162402
2022,Issyk-Kul,Male,,,KG02,31.252112
2023,Issyk-Kul,Male,,,KG02,31.403214
2007,Naryn,,,,KG04,45.182679
2008,Naryn,,,,KG04,42.730284
2009,Naryn,,,,KG04,44.11792
2010,Naryn,,,,KG04,53.531335
2011,Naryn,,,,KG04,49.925098
2012,Naryn,,,,KG04,39.932299
2013,Naryn,,,,KG04,43.754395
2014,Naryn,,,,KG04,30.560927
2015,Naryn,,,,KG04,38.007029
2016,Naryn,,,,KG04,37.798212
2017,Naryn,,,,KG04,29.21834
2018,Naryn,,,,KG04,30.596328
2019,Naryn,,,,KG04,28.138698
2020,Naryn,,,,KG04,36.8
2021,Naryn,,,,KG04,39.151777
2022,Naryn,,,,KG04,42.049858
2023,Naryn,,,,KG04,38.094443
2007,Naryn,Female,,,KG04,46.868159
2008,Naryn,Female,,,KG04,42.698866
2009,Naryn,Female,,,KG04,44.838863
2010,Naryn,Female,,,KG04,53.397509
2011,Naryn,Female,,,KG04,48.269824
2012,Naryn,Female,,,KG04,37.664069
2013,Naryn,Female,,,KG04,44.781415
2014,Naryn,Female,,,KG04,32.369301
2015,Naryn,Female,,,KG04,39.504744
2016,Naryn,Female,,,KG04,39.601891
2017,Naryn,Female,,,KG04,31.189138
2018,Naryn,Female,,,KG04,31.5949
2019,Naryn,Female,,,KG04,28.978045
2020,Naryn,Female,,,KG04,37.6
2021,Naryn,Female,,,KG04,39.257524
2022,Naryn,Female,,,KG04,42.689244
2023,Naryn,Female,,,KG04,38.158675
2007,Naryn,Male,,,KG04,43.678265
2008,Naryn,Male,,,KG04,42.757725
2009,Naryn,Male,,,KG04,43.496308
2010,Naryn,Male,,,KG04,53.676668
2011,Naryn,Male,,,KG04,51.728537
2012,Naryn,Male,,,KG04,42.395906
2013,Naryn,Male,,,KG04,42.671843
2014,Naryn,Male,,,KG04,28.643083
2015,Naryn,Male,,,KG04,36.407725
2016,Naryn,Male,,,KG04,35.859946
2017,Naryn,Male,,,KG04,27.069804
2018,Naryn,Male,,,KG04,29.460632
2019,Naryn,Male,,,KG04,27.215175
2020,Naryn,Male,,,KG04,35.9
2021,Naryn,Male,,,KG04,39.034895
2022,Naryn,Male,,,KG04,41.380597
2023,Naryn,Male,,,KG04,38.024712
2007,Osh,,,,KG06,46.59161
2008,Osh,,,,KG06,37.452826
2009,Osh,,,,KG06,38.292036
2010,Osh,,,,KG06,41.897118
2011,Osh,,,,KG06,44.680774
2012,Osh,,,,KG06,51.433698
2013,Osh,,,,KG06,43.409369
2014,Osh,,,,KG06,31.74014
2015,Osh,,,,KG06,28.944511
2016,Osh,,,,KG06,22.024663
2017,Osh,,,,KG06,14.267617
2018,Osh,,,,KG06,14.77862
2019,Osh,,,,KG06,14.029578
2020,Osh,,,,KG06,18.8
2021,Osh,,,,KG06,23.758245
2022,Osh,,,,KG06,19.945481
2023,Osh,,,,KG06,20.396452
2007,Osh,Female,,,KG06,48.708186
2008,Osh,Female,,,KG06,37.931554
2009,Osh,Female,,,KG06,38.334636
2010,Osh,Female,,,KG06,40.639754
2011,Osh,Female,,,KG06,44.169695
2012,Osh,Female,,,KG06,50.553916
2013,Osh,Female,,,KG06,42.660819
2014,Osh,Female,,,KG06,30.494417
2015,Osh,Female,,,KG06,28.438703
2016,Osh,Female,,,KG06,21.810872
2017,Osh,Female,,,KG06,12.948415
2018,Osh,Female,,,KG06,15.25625
2019,Osh,Female,,,KG06,14.136274
2020,Osh,Female,,,KG06,18.9
2021,Osh,Female,,,KG06,23.60099
2022,Osh,Female,,,KG06,20.799188
2023,Osh,Female,,,KG06,20.655436
2007,Osh,Male,,,KG06,44.295394
2008,Osh,Male,,,KG06,36.91306
2009,Osh,Male,,,KG06,38.245332
2010,Osh,Male,,,KG06,43.246261
2011,Osh,Male,,,KG06,45.24075
2012,Osh,Male,,,KG06,52.41883
2013,Osh,Male,,,KG06,44.228326
2014,Osh,Male,,,KG06,33.102942
2015,Osh,Male,,,KG06,29.48951
2016,Osh,Male,,,KG06,22.264453
2017,Osh,Male,,,KG06,15.723495
2018,Osh,Male,,,KG06,14.253422
2019,Osh,Male,,,KG06,13.910068
2020,Osh,Male,,,KG06,18.7
2021,Osh,Male,,,KG06,23.928052
2022,Osh,Male,,,KG06,19.013188
2023,Osh,Male,,,KG06,20.117912
2007,Talas,,,,KG07,35.259053
2008,Talas,,,,KG07,42.972123
2009,Talas,,,,KG07,33.003964
2010,Talas,,,,KG07,42.338833
2011,Talas,,,,KG07,50.172706
2012,Talas,,,,KG07,39.57478
2013,Talas,,,,KG07,23.057182
2014,Talas,,,,KG07,19.048344
2015,Talas,,,,KG07,21.481514
2016,Talas,,,,KG07,18.115851
2017,Talas,,,,KG07,20.679703
2018,Talas,,,,KG07,22.085934
2019,Talas,,,,KG07,13.290366
2020,Talas,,,,KG07,12.5
2021,Talas,,,,KG07,23.479874
2022,Talas,,,,KG07,23.919779
2023,Talas,,,,KG07,23.188886
2007,Talas,Female,,,KG07,35.524401
2008,Talas,Female,,,KG07,45.40342
2009,Talas,Female,,,KG07,35.673722
2010,Talas,Female,,,KG07,44.324841
2011,Talas,Female,,,KG07,51.365667
2012,Talas,Female,,,KG07,42.155403
2013,Talas,Female,,,KG07,23.320678
2014,Talas,Female,,,KG07,19.717988
2015,Talas,Female,,,KG07,22.565255
2016,Talas,Female,,,KG07,19.131642
2017,Talas,Female,,,KG07,21.40538
2018,Talas,Female,,,KG07,23.802663
2019,Talas,Female,,,KG07,13.968631
2020,Talas,Female,,,KG07,12.1
2021,Talas,Female,,,KG07,24.191255
2022,Talas,Female,,,KG07,23.962041
2023,Talas,Female,,,KG07,23.078628
2007,Talas,Male,,,KG07,34.937966
2008,Talas,Male,,,KG07,40.025342
2009,Talas,Male,,,KG07,29.757565
2010,Talas,Male,,,KG07,40.090318
2011,Talas,Male,,,KG07,48.834977
2012,Talas,Male,,,KG07,36.737399
2013,Talas,Male,,,KG07,22.797196
2014,Talas,Male,,,KG07,18.38895
2015,Talas,Male,,,KG07,20.402521
2016,Talas,Male,,,KG07,17.094741
2017,Talas,Male,,,KG07,19.940922
2018,Talas,Male,,,KG07,20.340712
2019,Talas,Male,,,KG07,12.593674
2020,Talas,Male,,,KG07,12.9
2021,Talas,Male,,,KG07,22.759796
2022,Talas,Male,,,KG07,23.876854
2023,Talas,Male,,,KG07,23.300729
2007,Chui,,,,KG08,14.980994
2008,Chui,,,,KG08,15.782631
2009,Chui,,,,KG08,21.239381
2010,Chui,,,,KG08,21.868453
2011,Chui,,,,KG08,28.620908
2012,Chui,,,,KG08,16.571766
2013,Chui,,,,KG08,23.615399
2014,Chui,,,,KG08,21.576154
2015,Chui,,,,KG08,24.813851
2016,Chui,,,,KG08,30.306457
2017,Chui,,,,KG08,33.300588
2018,Chui,,,,KG08,15.569903
2019,Chui,,,,KG08,19.096515
2020,Chui,,,,KG08,25.4
2021,Chui,,,,KG08,27.00352
2022,Chui,,,,KG08,26.113585
2023,Chui,,,,KG08,26.600808
2007,Chui,Female,,,KG08,13.323177
2008,Chui,Female,,,KG08,14.947409
2009,Chui,Female,,,KG08,20.612283
2010,Chui,Female,,,KG08,21.810234
2011,Chui,Female,,,KG08,31.580794
2012,Chui,Female,,,KG08,16.336951
2013,Chui,Female,,,KG08,23.536875
2014,Chui,Female,,,KG08,20.781079
2015,Chui,Female,,,KG08,24.23137
2016,Chui,Female,,,KG08,29.796796
2017,Chui,Female,,,KG08,32.33125
2018,Chui,Female,,,KG08,15.460809
2019,Chui,Female,,,KG08,19.149802
2020,Chui,Female,,,KG08,24.3
2021,Chui,Female,,,KG08,26.499911
2022,Chui,Female,,,KG08,25.651528
2023,Chui,Female,,,KG08,26.440502
2007,Chui,Male,,,KG08,16.816017
2008,Chui,Male,,,KG08,16.656433
2009,Chui,Male,,,KG08,21.936014
2010,Chui,Male,,,KG08,21.932251
2011,Chui,Male,,,KG08,25.292386
2012,Chui,Male,,,KG08,16.835987
2013,Chui,Male,,,KG08,23.697958
2014,Chui,Male,,,KG08,22.438097
2015,Chui,Male,,,KG08,25.448532
2016,Chui,Male,,,KG08,30.862157
2017,Chui,Male,,,KG08,34.357578
2018,Chui,Male,,,KG08,15.688805
2019,Chui,Male,,,KG08,19.037373
2020,Chui,Male,,,KG08,26.6
2021,Chui,Male,,,KG08,27.572067
2022,Chui,Male,,,KG08,26.620974
2023,Chui,Male,,,KG08,26.779307
2007,Bishkek (city),,,,KG11,5.005041
2008,Bishkek (city),,,,KG11,15.199877
2009,Bishkek (city),,,,KG11,13.244359
2010,Bishkek (city),,,,KG11,7.89363
2011,Bishkek (city),,,,KG11,18.412319
2012,Bishkek (city),,,,KG11,21.394253
2013,Bishkek (city),,,,KG11,20.374195
2014,Bishkek (city),,,,KG11,17.559795
2015,Bishkek (city),,,,KG11,23.541813
2016,Bishkek (city),,,,KG11,9.78144
2017,Bishkek (city),,,,KG11,15.895977
2018,Bishkek (city),,,,KG11,15.431849
2019,Bishkek (city),,,,KG11,11.923173
2020,Bishkek (city),,,,KG11,16.8
2021,Bishkek (city),,,,KG11,35.769119
2022,Bishkek (city),,,,KG11,35.676666
2023,Bishkek (city),,,,KG11,32.38963
2007,Bishkek (city),Female,,,KG11,4.99107
2008,Bishkek (city),Female,,,KG11,14.580408
2009,Bishkek (city),Female,,,KG11,12.694536
2010,Bishkek (city),Female,,,KG11,7.30227
2011,Bishkek (city),Female,,,KG11,17.126273
2012,Bishkek (city),Female,,,KG11,19.902241
2013,Bishkek (city),Female,,,KG11,18.389802
2014,Bishkek (city),Female,,,KG11,15.756847
2015,Bishkek (city),Female,,,KG11,22.249204
2016,Bishkek (city),Female,,,KG11,8.899379
2017,Bishkek (city),Female,,,KG11,14.320885
2018,Bishkek (city),Female,,,KG11,14.746661
2019,Bishkek (city),Female,,,KG11,10.945122
2020,Bishkek (city),Female,,,KG11,16.4
2021,Bishkek (city),Female,,,KG11,35.037028
2022,Bishkek (city),Female,,,KG11,34.026767
2023,Bishkek (city),Female,,,KG11,31.712052
2007,Bishkek (city),Male,,,KG11,5.022346
2008,Bishkek (city),Male,,,KG11,15.989713
2009,Bishkek (city),Male,,,KG11,13.950363
2010,Bishkek (city),Male,,,KG11,8.654215
2011,Bishkek (city),Male,,,KG11,20.038087
2012,Bishkek (city),Male,,,KG11,23.294374
2013,Bishkek (city),Male,,,KG11,22.845597
2014,Bishkek (city),Male,,,KG11,19.854368
2015,Bishkek (city),Male,,,KG11,25.206391
2016,Bishkek (city),Male,,,KG11,10.893361
2017,Bishkek (city),Male,,,KG11,17.858219
2018,Bishkek (city),Male,,,KG11,16.325681
2019,Bishkek (city),Male,,,KG11,13.205044
2020,Bishkek (city),Male,,,KG11,17.3
2021,Bishkek (city),Male,,,KG11,36.714713
2022,Bishkek (city),Male,,,KG11,37.792274
2023,Bishkek (city),Male,,,KG11,33.231499
2007,Osh (city),,,,KG21,0.0
2008,Osh (city),,,,KG21,0.0
2009,Osh (city),,,,KG21,0.0
2010,Osh (city),,,,KG21,0.0
2011,Osh (city),,,,KG21,0.0
2012,Osh (city),,,,KG21,0.0
2013,Osh (city),,,,KG21,40.875893
2014,Osh (city),,,,KG21,33.421786
2015,Osh (city),,,,KG21,38.278868
2016,Osh (city),,,,KG21,24.59944
2017,Osh (city),,,,KG21,33.489021
2018,Osh (city),,,,KG21,35.470048
2019,Osh (city),,,,KG21,20.664792
2020,Osh (city),,,,KG21,14.7
2021,Osh (city),,,,KG21,28.585005
2022,Osh (city),,,,KG21,26.602386
2023,Osh (city),,,,KG21,13.872134
2007,Osh (city),Female,,,KG21,0.0
2008,Osh (city),Female,,,KG21,0.0
2009,Osh (city),Female,,,KG21,0.0
2010,Osh (city),Female,,,KG21,0.0
2011,Osh (city),Female,,,KG21,0.0
2012,Osh (city),Female,,,KG21,0.0
2013,Osh (city),Female,,,KG21,40.214977
2014,Osh (city),Female,,,KG21,31.961883
2015,Osh (city),Female,,,KG21,35.847234
2016,Osh (city),Female,,,KG21,23.187149
2017,Osh (city),Female,,,KG21,30.888271
2018,Osh (city),Female,,,KG21,33.89696
2019,Osh (city),Female,,,KG21,19.658728
2020,Osh (city),Female,,,KG21,14.7
2021,Osh (city),Female,,,KG21,27.745517
2022,Osh (city),Female,,,KG21,25.585637
2023,Osh (city),Female,,,KG21,14.562707
2007,Osh (city),Male,,,KG21,0.0
2008,Osh (city),Male,,,KG21,0.0
2009,Osh (city),Male,,,KG21,0.0
2010,Osh (city),Male,,,KG21,0.0
2011,Osh (city),Male,,,KG21,0.0
2012,Osh (city),Male,,,KG21,0.0
2013,Osh (city),Male,,,KG21,41.620642
2014,Osh (city),Male,,,KG21,35.041318
2015,Osh (city),Male,,,KG21,41.029123
2016,Osh (city),Male,,,KG21,26.170219
2017,Osh (city),Male,,,KG21,36.383303
2018,Osh (city),Male,,,KG21,37.27373
2019,Osh (city),Male,,,KG21,21.814125
2020,Osh (city),Male,,,KG21,14.8
2021,Osh (city),Male,,,KG21,29.549902
2022,Osh (city),Male,,,KG21,27.750207
2023,Osh (city),Male,,,KG21,13.080583
