Year,Reference area,Sex,Age,Degree of urbanisation,Value
2007,,,,,350
2008,,,,,317
2009,,,,,317
2010,,,,,337
2011,,,,,368
2012,,,,,380
2013,,,,,370
2014,,,,,306
2015,,,,,321
2016,,,,,254
2017,,,,,256
2018,,,,,224
2019,,,,,201
2020,,,,,253
2007,,Female,,,347
2008,,Female,,,314
2009,,Female,,,307
2010,,Female,,,327
2011,,Female,,,361
2012,,Female,,,372
2013,,Female,,,365
2014,,Female,,,297
2015,,Female,,,315
2016,,Female,,,250
2017,,Female,,,250
2018,,Female,,,225
2019,,Female,,,201
2020,,Female,,,253
2007,,Male,,,354
2008,,Male,,,321
2009,,Male,,,329
2010,,Male,,,348
2011,,Male,,,376
2012,,Male,,,390
2013,,Male,,,375
2014,,Male,,,315
2015,,Male,,,327
2016,,Male,,,257
2017,,Male,,,263
2018,,Male,,,222
2019,,Male,,,202
2020,,Male,,,253
2010,,,,Urban,236
2014,,,,Urban,269
2015,,,,Urban,293
2016,,,,Urban,186
2017,,,,Urban,204
2018,,,,Urban,201
2019,,,,Urban,147
2020,,,,Urban,183
2010,,,,Rural,395
2014,,,,Rural,326
2015,,,,Rural,336
2016,,,,Rural,290
2017,,,,Rural,284
2018,,,,Rural,237
2019,,,,Rural,232
2020,,,,Rural,293
2013,,,under 17 years old,,452
2014,,,under 17 years old,,379
2015,,,under 17 years old,,405
2016,,,under 17 years old,,315
2017,,,under 17 years old,,320
2018,,,under 17 years old,,283
2019,,,under 17 years old,,257
2020,,,under 17 years old,,318
2013,,,14 to 28 years old,,356
2014,,,14 to 28 years old,,285
2015,,,14 to 28 years old,,290
2016,,,14 to 28 years old,,230
2017,,,14 to 28 years old,,229
2018,,,14 to 28 years old,,209
2019,,,14 to 28 years old,,162
2020,,,14 to 28 years old,,220
2013,,,"16 to 62 years old (working age population: women 16-57 years old, men 16-62 years old)",,333
2014,,,"16 to 62 years old (working age population: women 16-57 years old, men 16-62 years old)",,270
2015,,,"16 to 62 years old (working age population: women 16-57 years old, men 16-62 years old)",,279
2016,,,"16 to 62 years old (working age population: women 16-57 years old, men 16-62 years old)",,218
2017,,,"16 to 62 years old (working age population: women 16-57 years old, men 16-62 years old)",,220
2018,,,"16 to 62 years old (working age population: women 16-57 years old, men 16-62 years old)",,193
2019,,,"16 to 62 years old (working age population: women 16-57 years old, men 16-62 years old)",,171
2020,,,"16 to 62 years old (working age population: women 16-57 years old, men 16-62 years old)",,217
2013,,,"58 years old and over (population over working age: women 58 years and older, men 63 years and older)",,252
2014,,,"58 years old and over (population over working age: women 58 years and older, men 63 years and older)",,213
2015,,,"58 years old and over (population over working age: women 58 years and older, men 63 years and older)",,218
2016,,,"58 years old and over (population over working age: women 58 years and older, men 63 years and older)",,199
2017,,,"58 years old and over (population over working age: women 58 years and older, men 63 years and older)",,189
2018,,,"58 years old and over (population over working age: women 58 years and older, men 63 years and older)",,148
2019,,,"58 years old and over (population over working age: women 58 years and older, men 63 years and older)",,133
2020,,,"58 years old and over (population over working age: women 58 years and older, men 63 years and older)",,178
2007,Batken,,,,404
2008,Batken,,,,207
2009,Batken,,,,315
2010,Batken,,,,336
2011,Batken,,,,356
2012,Batken,,,,342
2013,Batken,,,,539
2014,Batken,,,,407
2015,Batken,,,,412
2016,Batken,,,,370
2017,Batken,,,,405
2018,Batken,,,,338
2019,Batken,,,,326
2020,Batken,,,,347
2007,Batken,Female,,,413
2008,Batken,Female,,,224
2009,Batken,Female,,,313
2010,Batken,Female,,,319
2011,Batken,Female,,,342
2012,Batken,Female,,,346
2013,Batken,Female,,,536
2014,Batken,Female,,,390
2015,Batken,Female,,,409
2016,Batken,Female,,,361
2017,Batken,Female,,,396
2018,Batken,Female,,,337
2019,Batken,Female,,,324
2020,Batken,Female,,,343
2007,Batken,Male,,,394
2008,Batken,Male,,,188
2009,Batken,Male,,,317
2010,Batken,Male,,,356
2011,Batken,Male,,,373
2012,Batken,Male,,,338
2013,Batken,Male,,,541
2014,Batken,Male,,,424
2015,Batken,Male,,,414
2016,Batken,Male,,,380
2017,Batken,Male,,,415
2018,Batken,Male,,,339
2019,Batken,Male,,,328
2020,Batken,Male,,,351
2007,Jalal-Abad,,,,530
2008,Jalal-Abad,,,,401
2009,Jalal-Abad,,,,369
2010,Jalal-Abad,,,,447
2011,Jalal-Abad,,,,453
2012,Jalal-Abad,,,,557
2013,Jalal-Abad,,,,464
2014,Jalal-Abad,,,,464
2015,Jalal-Abad,,,,451
2016,Jalal-Abad,,,,322
2017,Jalal-Abad,,,,326
2018,Jalal-Abad,,,,322
2019,Jalal-Abad,,,,269
2020,Jalal-Abad,,,,372
2007,Jalal-Abad,Female,,,516
2008,Jalal-Abad,Female,,,379
2009,Jalal-Abad,Female,,,335
2010,Jalal-Abad,Female,,,437
2011,Jalal-Abad,Female,,,437
2012,Jalal-Abad,Female,,,553
2013,Jalal-Abad,Female,,,474
2014,Jalal-Abad,Female,,,470
2015,Jalal-Abad,Female,,,452
2016,Jalal-Abad,Female,,,331
2017,Jalal-Abad,Female,,,340
2018,Jalal-Abad,Female,,,334
2019,Jalal-Abad,Female,,,278
2020,Jalal-Abad,Female,,,390
2007,Jalal-Abad,Male,,,546
2008,Jalal-Abad,Male,,,424
2009,Jalal-Abad,Male,,,405
2010,Jalal-Abad,Male,,,458
2011,Jalal-Abad,Male,,,469
2012,Jalal-Abad,Male,,,561
2013,Jalal-Abad,Male,,,455
2014,Jalal-Abad,Male,,,458
2015,Jalal-Abad,Male,,,449
2016,Jalal-Abad,Male,,,314
2017,Jalal-Abad,Male,,,311
2018,Jalal-Abad,Male,,,309
2019,Jalal-Abad,Male,,,260
2020,Jalal-Abad,Male,,,354
2007,Issyk-Kul,,,,386
2008,Issyk-Kul,,,,522
2009,Issyk-Kul,,,,461
2010,Issyk-Kul,,,,380
2011,Issyk-Kul,,,,295
2012,Issyk-Kul,,,,281
2013,Issyk-Kul,,,,395
2014,Issyk-Kul,,,,260
2015,Issyk-Kul,,,,289
2016,Issyk-Kul,,,,247
2017,Issyk-Kul,,,,242
2018,Issyk-Kul,,,,215
2019,Issyk-Kul,,,,244
2020,Issyk-Kul,,,,279
2007,Issyk-Kul,Female,,,387
2008,Issyk-Kul,Female,,,522
2009,Issyk-Kul,Female,,,479
2010,Issyk-Kul,Female,,,369
2011,Issyk-Kul,Female,,,311
2012,Issyk-Kul,Female,,,282
2013,Issyk-Kul,Female,,,404
2014,Issyk-Kul,Female,,,264
2015,Issyk-Kul,Female,,,291
2016,Issyk-Kul,Female,,,247
2017,Issyk-Kul,Female,,,243
2018,Issyk-Kul,Female,,,215
2019,Issyk-Kul,Female,,,253
2020,Issyk-Kul,Female,,,290
2007,Issyk-Kul,Male,,,385
2008,Issyk-Kul,Male,,,523
2009,Issyk-Kul,Male,,,445
2010,Issyk-Kul,Male,,,390
2011,Issyk-Kul,Male,,,281
2012,Issyk-Kul,Male,,,280
2013,Issyk-Kul,Male,,,385
2014,Issyk-Kul,Male,,,257
2015,Issyk-Kul,Male,,,287
2016,Issyk-Kul,Male,,,247
2017,Issyk-Kul,Male,,,241
2018,Issyk-Kul,Male,,,216
2019,Issyk-Kul,Male,,,236
2020,Issyk-Kul,Male,,,267
2007,Naryn,,,,452
2008,Naryn,,,,427
2009,Naryn,,,,441
2010,Naryn,,,,535
2011,Naryn,,,,499
2012,Naryn,,,,399
2013,Naryn,,,,438
2014,Naryn,,,,306
2015,Naryn,,,,380
2016,Naryn,,,,378
2017,Naryn,,,,292
2018,Naryn,,,,306
2019,Naryn,,,,281
2020,Naryn,,,,368
2007,Naryn,Female,,,469
2008,Naryn,Female,,,427
2009,Naryn,Female,,,448
2010,Naryn,Female,,,534
2011,Naryn,Female,,,483
2012,Naryn,Female,,,377
2013,Naryn,Female,,,448
2014,Naryn,Female,,,324
2015,Naryn,Female,,,395
2016,Naryn,Female,,,396
2017,Naryn,Female,,,312
2018,Naryn,Female,,,316
2019,Naryn,Female,,,290
2020,Naryn,Female,,,376
2007,Naryn,Male,,,437
2008,Naryn,Male,,,428
2009,Naryn,Male,,,435
2010,Naryn,Male,,,537
2011,Naryn,Male,,,517
2012,Naryn,Male,,,424
2013,Naryn,Male,,,427
2014,Naryn,Male,,,286
2015,Naryn,Male,,,364
2016,Naryn,Male,,,359
2017,Naryn,Male,,,271
2018,Naryn,Male,,,295
2019,Naryn,Male,,,272
2020,Naryn,Male,,,359
2007,Osh,,,,466
2008,Osh,,,,375
2009,Osh,,,,383
2010,Osh,,,,419
2011,Osh,,,,447
2012,Osh,,,,514
2013,Osh,,,,434
2014,Osh,,,,317
2015,Osh,,,,289
2016,Osh,,,,220
2017,Osh,,,,143
2018,Osh,,,,148
2019,Osh,,,,140
2020,Osh,,,,188
2007,Osh,Female,,,487
2008,Osh,Female,,,379
2009,Osh,Female,,,383
2010,Osh,Female,,,406
2011,Osh,Female,,,442
2012,Osh,Female,,,506
2013,Osh,Female,,,427
2014,Osh,Female,,,305
2015,Osh,Female,,,284
2016,Osh,Female,,,218
2017,Osh,Female,,,129
2018,Osh,Female,,,153
2019,Osh,Female,,,141
2020,Osh,Female,,,189
2007,Osh,Male,,,443
2008,Osh,Male,,,369
2009,Osh,Male,,,382
2010,Osh,Male,,,432
2011,Osh,Male,,,452
2012,Osh,Male,,,524
2013,Osh,Male,,,442
2014,Osh,Male,,,331
2015,Osh,Male,,,295
2016,Osh,Male,,,223
2017,Osh,Male,,,157
2018,Osh,Male,,,143
2019,Osh,Male,,,139
2020,Osh,Male,,,187
2007,Talas,,,,353
2008,Talas,,,,430
2009,Talas,,,,330
2010,Talas,,,,423
2011,Talas,,,,502
2012,Talas,,,,396
2013,Talas,,,,231
2014,Talas,,,,190
2015,Talas,,,,215
2016,Talas,,,,181
2017,Talas,,,,207
2018,Talas,,,,221
2019,Talas,,,,133
2020,Talas,,,,125
2007,Talas,Female,,,355
2008,Talas,Female,,,454
2009,Talas,Female,,,357
2010,Talas,Female,,,443
2011,Talas,Female,,,514
2012,Talas,Female,,,422
2013,Talas,Female,,,233
2014,Talas,Female,,,197
2015,Talas,Female,,,226
2016,Talas,Female,,,191
2017,Talas,Female,,,214
2018,Talas,Female,,,238
2019,Talas,Female,,,140
2020,Talas,Female,,,121
2007,Talas,Male,,,349
2008,Talas,Male,,,400
2009,Talas,Male,,,298
2010,Talas,Male,,,401
2011,Talas,Male,,,488
2012,Talas,Male,,,367
2013,Talas,Male,,,228
2014,Talas,Male,,,184
2015,Talas,Male,,,204
2016,Talas,Male,,,171
2017,Talas,Male,,,199
2018,Talas,Male,,,203
2019,Talas,Male,,,126
2020,Talas,Male,,,129
2007,Chui,,,,150
2008,Chui,,,,158
2009,Chui,,,,212
2010,Chui,,,,219
2011,Chui,,,,286
2012,Chui,,,,166
2013,Chui,,,,236
2014,Chui,,,,216
2015,Chui,,,,248
2016,Chui,,,,303
2017,Chui,,,,333
2018,Chui,,,,156
2019,Chui,,,,191
2020,Chui,,,,254
2007,Chui,Female,,,133
2008,Chui,Female,,,149
2009,Chui,Female,,,206
2010,Chui,Female,,,218
2011,Chui,Female,,,316
2012,Chui,Female,,,163
2013,Chui,Female,,,235
2014,Chui,Female,,,208
2015,Chui,Female,,,242
2016,Chui,Female,,,298
2017,Chui,Female,,,323
2018,Chui,Female,,,155
2019,Chui,Female,,,191
2020,Chui,Female,,,243
2007,Chui,Male,,,168
2008,Chui,Male,,,167
2009,Chui,Male,,,219
2010,Chui,Male,,,219
2011,Chui,Male,,,253
2012,Chui,Male,,,168
2013,Chui,Male,,,237
2014,Chui,Male,,,224
2015,Chui,Male,,,254
2016,Chui,Male,,,309
2017,Chui,Male,,,344
2018,Chui,Male,,,157
2019,Chui,Male,,,190
2020,Chui,Male,,,266
2007,Bishkek (city),,,,50
2008,Bishkek (city),,,,152
2009,Bishkek (city),,,,132
2010,Bishkek (city),,,,79
2011,Bishkek (city),,,,184
2012,Bishkek (city),,,,214
2013,Bishkek (city),,,,204
2014,Bishkek (city),,,,176
2015,Bishkek (city),,,,235
2016,Bishkek (city),,,,98
2017,Bishkek (city),,,,159
2018,Bishkek (city),,,,154
2019,Bishkek (city),,,,119
2020,Bishkek (city),,,,168
2007,Bishkek (city),Female,,,50
2008,Bishkek (city),Female,,,146
2009,Bishkek (city),Female,,,127
2010,Bishkek (city),Female,,,73
2011,Bishkek (city),Female,,,171
2012,Bishkek (city),Female,,,199
2013,Bishkek (city),Female,,,184
2014,Bishkek (city),Female,,,158
2015,Bishkek (city),Female,,,222
2016,Bishkek (city),Female,,,89
2017,Bishkek (city),Female,,,143
2018,Bishkek (city),Female,,,147
2019,Bishkek (city),Female,,,109
2020,Bishkek (city),Female,,,164
2007,Bishkek (city),Male,,,50
2008,Bishkek (city),Male,,,160
2009,Bishkek (city),Male,,,140
2010,Bishkek (city),Male,,,87
2011,Bishkek (city),Male,,,200
2012,Bishkek (city),Male,,,233
2013,Bishkek (city),Male,,,228
2014,Bishkek (city),Male,,,199
2015,Bishkek (city),Male,,,252
2016,Bishkek (city),Male,,,109
2017,Bishkek (city),Male,,,179
2018,Bishkek (city),Male,,,163
2019,Bishkek (city),Male,,,132
2020,Bishkek (city),Male,,,173
2007,Osh (city),,,,0
2008,Osh (city),,,,0
2009,Osh (city),,,,0
2010,Osh (city),,,,0
2011,Osh (city),,,,0
2012,Osh (city),,,,0
2013,Osh (city),,,,409
2014,Osh (city),,,,334
2015,Osh (city),,,,383
2016,Osh (city),,,,246
2017,Osh (city),,,,335
2018,Osh (city),,,,355
2019,Osh (city),,,,207
2020,Osh (city),,,,147
2007,Osh (city),Female,,,0
2008,Osh (city),Female,,,0
2009,Osh (city),Female,,,0
2010,Osh (city),Female,,,0
2011,Osh (city),Female,,,0
2012,Osh (city),Female,,,0
2013,Osh (city),Female,,,402
2014,Osh (city),Female,,,320
2015,Osh (city),Female,,,358
2016,Osh (city),Female,,,232
2017,Osh (city),Female,,,309
2018,Osh (city),Female,,,339
2019,Osh (city),Female,,,197
2020,Osh (city),Female,,,147
2007,Osh (city),Male,,,0
2008,Osh (city),Male,,,0
2009,Osh (city),Male,,,0
2010,Osh (city),Male,,,0
2011,Osh (city),Male,,,0
2012,Osh (city),Male,,,0
2013,Osh (city),Male,,,416
2014,Osh (city),Male,,,350
2015,Osh (city),Male,,,410
2016,Osh (city),Male,,,262
2017,Osh (city),Male,,,364
2018,Osh (city),Male,,,373
2019,Osh (city),Male,,,218
2020,Osh (city),Male,,,148
