Year,"Страны с миграционной политикой, способствующей упорядоченной, безопасной, регулярной и ответственной миграции и мобильности людей, по областям политики (1 = требует дальнейшего прогресса; 2 = частично соответствует; 3 = соответствует; 4 = полностью соответствует)",Value.1,Value
2021,Общий,3,3
2021,Домен 1. Права мигрантов,3,3
2021,Домен 2. Общегосударственная/ основанная на фактах политика,4,4
2021,Домен 3. Сотрудничество и партнерство,4,4
2021,Домен 4. Социально-экономическое благополучие,3,3
2021,Домен 5. Мобильные измерения кризисов,3,3
2021,"Домен 6. Безопасная, упорядоченная и регулярная миграция",4,4
