Year,Политика доменов,Показатель,Value
2021,Общий,"Страны с миграционной политикой, способствующей упорядоченной, безопасной, регулярной и ответственной миграции и мобильности людей, по областям политики (1 = требует дальнейшего прогресса; 2 = частично соответствует; 3 = соответствует; 4 = полностью соответствует)",3
2021,Домен 1. Права мигрантов,"Страны с миграционной политикой, способствующей упорядоченной, безопасной, регулярной и ответственной миграции и мобильности людей, по областям политики (1 = требует дальнейшего прогресса; 2 = частично соответствует; 3 = соответствует; 4 = полностью соответствует)",3
2021,Домен 2. Общегосударственная/ основанная на фактах политика,"Страны с миграционной политикой, способствующей упорядоченной, безопасной, регулярной и ответственной миграции и мобильности людей, по областям политики (1 = требует дальнейшего прогресса; 2 = частично соответствует; 3 = соответствует; 4 = полностью соответствует)",4
2021,Домен 3. Сотрудничество и партнерство,"Страны с миграционной политикой, способствующей упорядоченной, безопасной, регулярной и ответственной миграции и мобильности людей, по областям политики (1 = требует дальнейшего прогресса; 2 = частично соответствует; 3 = соответствует; 4 = полностью соответствует)",4
2021,Домен 4. Социально-экономическое благополучие,"Страны с миграционной политикой, способствующей упорядоченной, безопасной, регулярной и ответственной миграции и мобильности людей, по областям политики (1 = требует дальнейшего прогресса; 2 = частично соответствует; 3 = соответствует; 4 = полностью соответствует)",3
2021,Домен 5. Мобильные измерения кризисов,"Страны с миграционной политикой, способствующей упорядоченной, безопасной, регулярной и ответственной миграции и мобильности людей, по областям политики (1 = требует дальнейшего прогресса; 2 = частично соответствует; 3 = соответствует; 4 = полностью соответствует)",3
2021,"Домен 6. Безопасная, упорядоченная и регулярная миграция","Страны с миграционной политикой, способствующей упорядоченной, безопасной, регулярной и ответственной миграции и мобильности людей, по областям политики (1 = требует дальнейшего прогресса; 2 = частично соответствует; 3 = соответствует; 4 = полностью соответствует)",4
