Year,Reference area,Sex,Age,Degree of urbanisation,Income or wealth quantile,Education level,GeoCode,Value
2018,,,,,,,,48.5
2019,,,,,,,,52.21498
2020,,,,,,,,50.7
2021,,,,,,,,53.512342
2022,,,,,,,,55.235085
2023,,,,,,,,55.603277
2018,,,,Urban,,,,66.0
2019,,,,Urban,,,,63.551047
2020,,,,Urban,,,,63.4
2021,,,,Urban,,,,66.871573
2022,,,,Urban,,,,64.450018
2023,,,,Urban,,,,64.81587
2018,,,,Rural,,,,38.1
2019,,,,Rural,,,,45.472134
2020,,,,Rural,,,,42.9
2021,,,,Rural,,,,45.180134
2022,,,,Rural,,,,49.405956
2023,,,,Rural,,,,49.843424
2018,,Male,,,,,,47.9
2019,,Male,,,,,,53.271701
2020,,Male,,,,,,51.2
2021,,Male,,,,,,53.93103
2022,,Male,,,,,,55.89296
2023,,Male,,,,,,55.846852
2018,,Female,,,,,,49.0
2019,,Female,,,,,,51.333358
2020,,Female,,,,,,50.3
2021,,Female,,,,,,53.161154
2022,,Female,,,,,,54.686832
2023,,Female,,,,,,55.396574
2018,Batken,,,,,,KG05,32.9
2019,Batken,,,,,,KG05,58.744301
2020,Batken,,,,,,KG05,59.3
2021,Batken,,,,,,KG05,51.771567
2022,Batken,,,,,,KG05,48.307921
2023,Batken,,,,,,KG05,56.84146
2018,Jalal-Abad,,,,,,KG03,18.3
2019,Jalal-Abad,,,,,,KG03,28.903645
2020,Jalal-Abad,,,,,,KG03,31.4
2021,Jalal-Abad,,,,,,KG03,32.176016
2022,Jalal-Abad,,,,,,KG03,44.267417
2023,Jalal-Abad,,,,,,KG03,39.405155
2018,Issyk-Kul,,,,,,KG02,72.5
2019,Issyk-Kul,,,,,,KG02,74.566373
2020,Issyk-Kul,,,,,,KG02,70.3
2021,Issyk-Kul,,,,,,KG02,78.366625
2022,Issyk-Kul,,,,,,KG02,68.71487
2023,Issyk-Kul,,,,,,KG02,71.515443
2018,Naryn,,,,,,KG04,39.3
2019,Naryn,,,,,,KG04,46.956365
2020,Naryn,,,,,,KG04,45.0
2021,Naryn,,,,,,KG04,71.548847
2022,Naryn,,,,,,KG04,57.221321
2023,Naryn,,,,,,KG04,59.187475
2018,Osh,,,,,,KG06,39.6
2019,Osh,,,,,,KG06,48.545801
2020,Osh,,,,,,KG06,38.5
2021,Osh,,,,,,KG06,38.31425
2022,Osh,,,,,,KG06,43.112979
2023,Osh,,,,,,KG06,44.681041
2018,Talas,,,,,,KG07,42.2
2019,Talas,,,,,,KG07,44.503622
2020,Talas,,,,,,KG07,47.0
2021,Talas,,,,,,KG07,45.946406
2022,Talas,,,,,,KG07,43.763926
2023,Talas,,,,,,KG07,41.79186
2018,Chui,,,,,,KG08,63.1
2019,Chui,,,,,,KG08,54.516309
2020,Chui,,,,,,KG08,54.6
2021,Chui,,,,,,KG08,58.463071
2022,Chui,,,,,,KG08,60.428996
2023,Chui,,,,,,KG08,63.92887
2018,Bishkek (city),,,,,,KG11,67.7
2019,Bishkek (city),,,,,,KG11,59.847788
2020,Bishkek (city),,,,,,KG11,61.3
2021,Bishkek (city),,,,,,KG11,67.413587
2022,Bishkek (city),,,,,,KG11,66.443201
2023,Bishkek (city),,,,,,KG11,60.544747
2018,Osh (city),,,,,,KG21,94.6
2019,Osh (city),,,,,,KG21,94.985632
2020,Osh (city),,,,,,KG21,93.2
2021,Osh (city),,,,,,KG21,94.661992
2022,Osh (city),,,,,,KG21,84.159996
2023,Osh (city),,,,,,KG21,97.912546
2018,,,15 to 28 years old,,,,,48.4
2019,,,15 to 28 years old,,,,,52.97992
2020,,,15 to 28 years old,,,,,51.0
2021,,,15 to 28 years old,,,,,52.831652
2022,,,15 to 28 years old,,,,,54.231055
2023,,,15 to 28 years old,,,,,53.843789
2018,,,"29 to 62 years old (working age population: women under 57 years old, men under 62 years old)",,,,,48.9
2019,,,"29 to 62 years old (working age population: women under 57 years old, men under 62 years old)",,,,,52.777792
2020,,,"29 to 62 years old (working age population: women under 57 years old, men under 62 years old)",,,,,51.5
2021,,,"29 to 62 years old (working age population: women under 57 years old, men under 62 years old)",,,,,55.237569
2022,,,"29 to 62 years old (working age population: women under 57 years old, men under 62 years old)",,,,,56.739348
2023,,,"29 to 62 years old (working age population: women under 57 years old, men under 62 years old)",,,,,56.474119
2018,,,"58 years old and over (population over working age: women 58 years and older, men 63 years and older)",,,,,48.1
2019,,,"58 years old and over (population over working age: women 58 years and older, men 63 years and older)",,,,,49.028951
2020,,,"58 years old and over (population over working age: women 58 years and older, men 63 years and older)",,,,,47.9
2021,,,"58 years old and over (population over working age: women 58 years and older, men 63 years and older)",,,,,49.397071
2022,,,"58 years old and over (population over working age: women 58 years and older, men 63 years and older)",,,,,52.285659
2023,,,"58 years old and over (population over working age: women 58 years and older, men 63 years and older)",,,,,55.56158
2018,,,,,,Primary education,,48.2
2019,,,,,,Primary education,,51.492251
2020,,,,,,Primary education,,49.3
2021,,,,,,Primary education,,42.707453
2022,,,,,,Primary education,,53.09561
2023,,,,,,Primary education,,52.606025
2018,,,,,,Lower secondary education,,51.2
2019,,,,,,Lower secondary education,,52.713048
2020,,,,,,Lower secondary education,,52.4
2021,,,,,,Lower secondary education,,55.661173
2022,,,,,,Lower secondary education,,54.803778
2023,,,,,,Lower secondary education,,57.236792
2018,,,,,,Upper secondary education,,42.7
2019,,,,,,Upper secondary education,,48.72395
2020,,,,,,Upper secondary education,,46.6
2021,,,,,,Upper secondary education,,49.484244
2022,,,,,,Upper secondary education,,51.86711
2023,,,,,,Upper secondary education,,52.144124
2018,,,,,,Post-secondary non-tertiary education,,55.4
2019,,,,,,Post-secondary non-tertiary education,,55.333195
2020,,,,,,Post-secondary non-tertiary education,,55.2
2021,,,,,,Post-secondary non-tertiary education,,58.921695
2022,,,,,,Post-secondary non-tertiary education,,58.05984
2023,,,,,,Post-secondary non-tertiary education,,58.899868
2018,,,,,,Tertiary education (Bachelor’s and Master's or equivalent),,56.0
2019,,,,,,Tertiary education (Bachelor’s and Master's or equivalent),,58.324491
2020,,,,,,Tertiary education (Bachelor’s and Master's or equivalent),,56.6
2021,,,,,,Tertiary education (Bachelor’s and Master's or equivalent),,60.257648
2022,,,,,,Tertiary education (Bachelor’s and Master's or equivalent),,62.006459
2023,,,,,,Tertiary education (Bachelor’s and Master's or equivalent),,60.746138
2018,,,,,Quintile 1 (poorest),,,37.439764
2019,,,,,Quintile 1 (poorest),,,40.12009
2020,,,,,Quintile 1 (poorest),,,44.527351
2021,,,,,Quintile 1 (poorest),,,44.684196
2022,,,,,Quintile 1 (poorest),,,48.930113
2023,,,,,Quintile 1 (poorest),,,52.195164
2018,,,,,Quintile 2,,,46.499747
2019,,,,,Quintile 2,,,50.779258
2020,,,,,Quintile 2,,,49.788536
2021,,,,,Quintile 2,,,52.230183
2022,,,,,Quintile 2,,,52.789868
2023,,,,,Quintile 2,,,57.25939
2018,,,,,Quintile 3,,,48.377566
2019,,,,,Quintile 3,,,52.031241
2020,,,,,Quintile 3,,,52.16559
2021,,,,,Quintile 3,,,56.391142
2022,,,,,Quintile 3,,,54.901887
2023,,,,,Quintile 3,,,52.31298
2018,,,,,Quintile 4,,,51.090005
2019,,,,,Quintile 4,,,55.909722
2020,,,,,Quintile 4,,,54.891441
2021,,,,,Quintile 4,,,56.392025
2022,,,,,Quintile 4,,,60.094112
2023,,,,,Quintile 4,,,56.454848
2018,,,,,Quintile 5 (richest),,,55.275396
2019,,,,,Quintile 5 (richest),,,58.214146
2020,,,,,Quintile 5 (richest),,,54.537504
2021,,,,,Quintile 5 (richest),,,59.842886
2022,,,,,Quintile 5 (richest),,,62.111607
2023,,,,,Quintile 5 (richest),,,58.590715
