Year,Unnamed: 0,Unnamed: 1,Unnamed: 2,Террритория,Sex,Value
2007,,,,Кыргызская Республика,,93
2008,,,,Кыргызская Республика,,281
2009,,,,Кыргызская Республика,,71
2010,,,,Кыргызская Республика,,158
2011,,,,Кыргызская Республика,,140
2012,,,,Кыргызская Республика,,99
2013,,,,Кыргызская Республика,,95
2014,,,,Кыргызская Республика,,62
2015,,,,Кыргызская Республика,,53
2016,,,,Кыргызская Республика,,47
2017,,,,Кыргызская Республика,,141
2018,,,,Кыргызская Республика,,18
2007,,,,Кыргызская Республика,Male,74
2008,,,,Кыргызская Республика,Male,184
2009,,,,Кыргызская Республика,Male,48
2010,,,,Кыргызская Республика,Male,106
2011,,,,Кыргызская Республика,Male,93
2012,,,,Кыргызская Республика,Male,65
2013,,,,Кыргызская Республика,Male,62
2014,,,,Кыргызская Республика,Male,39
2015,,,,Кыргызская Республика,Male,33
2016,,,,Кыргызская Республика,Male,37
2017,,,,Кыргызская Республика,Male,85
2018,,,,Кыргызская Республика,Male,14
2007,,,,Кыргызская Республика,Female,19
2008,,,,Кыргызская Республика,Female,97
2009,,,,Кыргызская Республика,Female,23
2010,,,,Кыргызская Республика,Female,52
2011,,,,Кыргызская Республика,Female,47
2012,,,,Кыргызская Республика,Female,34
2013,,,,Кыргызская Республика,Female,33
2014,,,,Кыргызская Республика,Female,23
2015,,,,Кыргызская Республика,Female,20
2016,,,,Кыргызская Республика,Female,10
2017,,,,Кыргызская Республика,Female,56
2018,,,,Кыргызская Республика,Female,4
2007,,,,Batken Oblast,,8
2008,,,,Batken Oblast,,9
2009,,,,Batken Oblast,,0
2010,,,,Batken Oblast,,15
2011,,,,Batken Oblast,,7
2012,,,,Batken Oblast,,9
2013,,,,Batken Oblast,,3
2014,,,,Batken Oblast,,3
2015,,,,Batken Oblast,,1
2016,,,,Batken Oblast,,9
2017,,,,Batken Oblast,,0
2018,,,,Batken Oblast,,0
2007,,,,Batken Oblast,Male,6
2008,,,,Batken Oblast,Male,9
2009,,,,Batken Oblast,Male,0
2010,,,,Batken Oblast,Male,11
2011,,,,Batken Oblast,Male,4
2012,,,,Batken Oblast,Male,7
2013,,,,Batken Oblast,Male,3
2014,,,,Batken Oblast,Male,3
2015,,,,Batken Oblast,Male,1
2016,,,,Batken Oblast,Male,7
2017,,,,Batken Oblast,Male,0
2018,,,,Batken Oblast,Male,0
2007,,,,Batken Oblast,Female,2
2008,,,,Batken Oblast,Female,0
2009,,,,Batken Oblast,Female,0
2010,,,,Batken Oblast,Female,4
2011,,,,Batken Oblast,Female,3
2012,,,,Batken Oblast,Female,2
2013,,,,Batken Oblast,Female,0
2014,,,,Batken Oblast,Female,0
2015,,,,Batken Oblast,Female,0
2016,,,,Batken Oblast,Female,2
2017,,,,Batken Oblast,Female,0
2018,,,,Batken Oblast,Female,0
2007,,,,Джалал-Абадская область,,5
2008,,,,Джалал-Абадская область,,25
2009,,,,Джалал-Абадская область,,39
2010,,,,Джалал-Абадская область,,32
2011,,,,Джалал-Абадская область,,35
2012,,,,Джалал-Абадская область,,33
2013,,,,Джалал-Абадская область,,31
2014,,,,Джалал-Абадская область,,17
2015,,,,Джалал-Абадская область,,11
2016,,,,Джалал-Абадская область,,13
2017,,,,Джалал-Абадская область,,43
2018,,,,Джалал-Абадская область,,4
2007,,,,Джалал-Абадская область,Male,5
2008,,,,Джалал-Абадская область,Male,18
2009,,,,Джалал-Абадская область,Male,27
2010,,,,Джалал-Абадская область,Male,21
2011,,,,Джалал-Абадская область,Male,27
2012,,,,Джалал-Абадская область,Male,17
2013,,,,Джалал-Абадская область,Male,22
2014,,,,Джалал-Абадская область,Male,11
2015,,,,Джалал-Абадская область,Male,5
2016,,,,Джалал-Абадская область,Male,9
2017,,,,Джалал-Абадская область,Male,29
2018,,,,Джалал-Абадская область,Male,4
2007,,,,Джалал-Абадская область,Female,0
2008,,,,Джалал-Абадская область,Female,7
2009,,,,Джалал-Абадская область,Female,12
2010,,,,Джалал-Абадская область,Female,11
2011,,,,Джалал-Абадская область,Female,8
2012,,,,Джалал-Абадская область,Female,16
2013,,,,Джалал-Абадская область,Female,9
2014,,,,Джалал-Абадская область,Female,6
2015,,,,Джалал-Абадская область,Female,6
2016,,,,Джалал-Абадская область,Female,4
2017,,,,Джалал-Абадская область,Female,14
2018,,,,Джалал-Абадская область,Female,0
2007,,,,Иссык-Кульская область,,14
2008,,,,Иссык-Кульская область,,42
2009,,,,Иссык-Кульская область,,11
2010,,,,Иссык-Кульская область,,15
2011,,,,Иссык-Кульская область,,17
2012,,,,Иссык-Кульская область,,4
2013,,,,Иссык-Кульская область,,21
2014,,,,Иссык-Кульская область,,25
2015,,,,Иссык-Кульская область,,6
2016,,,,Иссык-Кульская область,,2
2017,,,,Иссык-Кульская область,,6
2018,,,,Иссык-Кульская область,,2
2007,,,,Иссык-Кульская область,Male,10
2008,,,,Иссык-Кульская область,Male,26
2009,,,,Иссык-Кульская область,Male,7
2010,,,,Иссык-Кульская область,Male,10
2011,,,,Иссык-Кульская область,Male,9
2012,,,,Иссык-Кульская область,Male,4
2013,,,,Иссык-Кульская область,Male,13
2014,,,,Иссык-Кульская область,Male,16
2015,,,,Иссык-Кульская область,Male,5
2016,,,,Иссык-Кульская область,Male,1
2017,,,,Иссык-Кульская область,Male,6
2018,,,,Иссык-Кульская область,Male,4
2007,,,,Иссык-Кульская область,Female,16
2008,,,,Иссык-Кульская область,Female,4
2009,,,,Иссык-Кульская область,Female,5
2010,,,,Иссык-Кульская область,Female,8
2011,,,,Иссык-Кульская область,Female,0
2012,,,,Иссык-Кульская область,Female,8
2013,,,,Иссык-Кульская область,Female,9
2014,,,,Иссык-Кульская область,Female,1
2015,,,,Иссык-Кульская область,Female,1
2016,,,,Иссык-Кульская область,Female,0
2017,,,,Иссык-Кульская область,Female,0
2018,,,,Иссык-Кульская область,Female,0
2007,,,,Нарынская область,,5
2008,,,,Нарынская область,,6
2009,,,,Нарынская область,,0
2010,,,,Нарынская область,,7
2011,,,,Нарынская область,,0
2012,,,,Нарынская область,,5
2013,,,,Нарынская область,,8
2014,,,,Нарынская область,,2
2015,,,,Нарынская область,,9
2016,,,,Нарынская область,,1
2017,,,,Нарынская область,,2
2018,,,,Нарынская область,,0
2007,,,,Нарынская область,Male,4
2008,,,,Нарынская область,Male,4
2009,,,,Нарынская область,Male,0
2010,,,,Нарынская область,Male,4
2011,,,,Нарынская область,Male,0
2012,,,,Нарынская область,Male,4
2013,,,,Нарынская область,Male,5
2014,,,,Нарынская область,Male,2
2015,,,,Нарынская область,Male,6
2016,,,,Нарынская область,Male,1
2017,,,,Нарынская область,Male,2
2018,,,,Нарынская область,Male,0
2007,,,,Нарынская область,Female,1
2008,,,,Нарынская область,Female,2
2009,,,,Нарынская область,Female,0
2010,,,,Нарынская область,Female,3
2011,,,,Нарынская область,Female,0
2012,,,,Нарынская область,Female,1
2013,,,,Нарынская область,Female,3
2014,,,,Нарынская область,Female,0
2015,,,,Нарынская область,Female,3
2016,,,,Нарынская область,Female,0
2017,,,,Нарынская область,Female,0
2018,,,,Нарынская область,Female,0
2007,,,,Ошская область,,6
2008,,,,Ошская область,,96
2009,,,,Ошская область,,2
2010,,,,Ошская область,,19
2011,,,,Ошская область,,11
2012,,,,Ошская область,,22
2013,,,,Ошская область,,5
2014,,,,Ошская область,,0
2015,,,,Ошская область,,10
2016,,,,Ошская область,,1
2017,,,,Ошская область,,35
2018,,,,Ошская область,,1
2007,,,,Ошская область,Male,6
2008,,,,Ошская область,Male,50
2009,,,,Ошская область,Male,2
2010,,,,Ошская область,Male,12
2011,,,,Ошская область,Male,6
2012,,,,Ошская область,Male,16
2013,,,,Ошская область,Male,3
2014,,,,Ошская область,Male,0
2015,,,,Ошская область,Male,7
2016,,,,Ошская область,Male,1
2017,,,,Ошская область,Male,17
2018,,,,Ошская область,Male,1
2007,,,,Ошская область,Female,0
2008,,,,Ошская область,Female,46
2009,,,,Ошская область,Female,0
2010,,,,Ошская область,Female,7
2011,,,,Ошская область,Female,5
2012,,,,Ошская область,Female,6
2013,,,,Ошская область,Female,2
2014,,,,Ошская область,Female,0
2015,,,,Ошская область,Female,3
2016,,,,Ошская область,Female,0
2017,,,,Ошская область,Female,18
2018,,,,Ошская область,Female,0
2007,,,,Таласская область,,1
2008,,,,Таласская область,,0
2009,,,,Таласская область,,0
2010,,,,Таласская область,,4
2011,,,,Таласская область,,6
2012,,,,Таласская область,,0
2013,,,,Таласская область,,5
2014,,,,Таласская область,,0
2015,,,,Таласская область,,0
2016,,,,Таласская область,,0
2017,,,,Таласская область,,0
2018,,,,Таласская область,,0
2007,,,,Таласская область,Male,1
2008,,,,Таласская область,Male,0
2009,,,,Таласская область,Male,0
2010,,,,Таласская область,Male,3
2011,,,,Таласская область,Male,4
2012,,,,Таласская область,Male,0
2013,,,,Таласская область,Male,4
2014,,,,Таласская область,Male,0
2015,,,,Таласская область,Male,0
2016,,,,Таласская область,Male,0
2017,,,,Таласская область,Male,0
2018,,,,Таласская область,Male,0
2007,,,,Таласская область,Female,0
2008,,,,Таласская область,Female,0
2009,,,,Таласская область,Female,0
2010,,,,Таласская область,Female,1
2011,,,,Таласская область,Female,2
2012,,,,Таласская область,Female,0
2013,,,,Таласская область,Female,1
2014,,,,Таласская область,Female,0
2015,,,,Таласская область,Female,0
2016,,,,Таласская область,Female,0
2017,,,,Таласская область,Female,0
2018,,,,Таласская область,Female,0
2007,,,,Чуйская область,,35
2008,,,,Чуйская область,,102
2009,,,,Чуйская область,,19
2010,,,,Чуйская область,,46
2011,,,,Чуйская область,,41
2012,,,,Чуйская область,,23
2013,,,,Чуйская область,,22
2014,,,,Чуйская область,,13
2015,,,,Чуйская область,,15
2016,,,,Чуйская область,,14
2017,,,,Чуйская область,,55
2018,,,,Чуйская область,,10
2007,,,,Чуйская область,Male,28
2008,,,,Чуйская область,Male,76
2009,,,,Чуйская область,Male,12
2010,,,,Чуйская область,Male,32
2011,,,,Чуйская область,Male,30
2012,,,,Чуйская область,Male,15
2013,,,,Чуйская область,Male,12
2014,,,,Чуйская область,Male,7
2015,,,,Чуйская область,Male,8
2016,,,,Чуйская область,Male,11
2017,,,,Чуйская область,Male,31
2018,,,,Чуйская область,Male,7
2007,,,,Чуйская область,Female,7
2008,,,,Чуйская область,Female,26
2009,,,,Чуйская область,Female,7
2010,,,,Чуйская область,Female,14
2011,,,,Чуйская область,Female,11
2012,,,,Чуйская область,Female,8
2013,,,,Чуйская область,Female,10
2014,,,,Чуйская область,Female,6
2015,,,,Чуйская область,Female,7
2016,,,,Чуйская область,Female,3
2017,,,,Чуйская область,Female,24
2018,,,,Чуйская область,Female,3
2007,,,,г.Бишкек,,12
2008,,,,г.Бишкек,,1
2009,,,,г.Бишкек,,0
2010,,,,г.Бишкек,,14
2011,,,,г.Бишкек,,19
2012,,,,г.Бишкек,,3
2013,,,,г.Бишкек,,0
2014,,,,г.Бишкек,,2
2015,,,,г.Бишкек,,0
2016,,,,г.Бишкек,,7
2017,,,,г.Бишкек,,0
2018,,,,г.Бишкек,,0
2007,,,,г.Бишкек,Male,9
2008,,,,г.Бишкек,Male,1
2009,,,,г.Бишкек,Male,0
2010,,,,г.Бишкек,Male,9
2011,,,,г.Бишкек,Male,11
2012,,,,г.Бишкек,Male,2
2013,,,,г.Бишкек,Male,0
2014,,,,г.Бишкек,Male,0
2015,,,,г.Бишкек,Male,0
2016,,,,г.Бишкек,Male,7
2017,,,,г.Бишкек,Male,0
2018,,,,г.Бишкек,Male,0
2007,,,,г.Бишкек,Female,3
2008,,,,г.Бишкек,Female,0
2009,,,,г.Бишкек,Female,0
2010,,,,г.Бишкек,Female,5
2011,,,,г.Бишкек,Female,8
2012,,,,г.Бишкек,Female,1
2013,,,,г.Бишкек,Female,0
2014,,,,г.Бишкек,Female,2
2015,,,,г.Бишкек,Female,0
2016,,,,г.Бишкек,Female,0
2017,,,,г.Бишкек,Female,0
2018,,,,г.Бишкек,Female,0
2007,,,,г.Ош,,7
2008,,,,г.Ош,,0
2009,,,,г.Ош,,0
2010,,,,г.Ош,,6
2011,,,,г.Ош,,4
2012,,,,г.Ош,,0
2013,,,,г.Ош,,0
2014,,,,г.Ош,,0
2015,,,,г.Ош,,1
2016,,,,г.Ош,,0
2017,,,,г.Ош,,0
2018,,,,г.Ош,,1
2007,,,,г.Ош,Male,5
2008,,,,г.Ош,Male,0
2009,,,,г.Ош,Male,0
2010,,,,г.Ош,Male,4
2011,,,,г.Ош,Male,2
2012,,,,г.Ош,Male,0
2013,,,,г.Ош,Male,0
2014,,,,г.Ош,Male,0
2015,,,,г.Ош,Male,1
2016,,,,г.Ош,Male,0
2017,,,,г.Ош,Male,0
2018,,,,г.Ош,Male,1
2007,,,,г.Ош,Female,2
2008,,,,г.Ош,Female,0
2009,,,,г.Ош,Female,0
2010,,,,г.Ош,Female,2
2011,,,,г.Ош,Female,2
2012,,,,г.Ош,Female,0
2013,,,,г.Ош,Female,0
2014,,,,г.Ош,Female,0
2015,,,,г.Ош,Female,0
2016,,,,г.Ош,Female,0
2017,,,,г.Ош,Female,0
2018,,,,г.Ош,Female,0
