Year,SERIES,COMPOSITE_BREAKDOWN,Value
2015,Arable land area,,1280.6
2016,Arable land area,,1280.6
2017,Arable land area,,1287.9
2018,Arable land area,,1287.8
2019,Arable land area,,1287.6
2020,Arable land area,,1287.4
2021,Arable land area,,1287.3
2022,Arable land area,,1286.4
2023,Arable land area,,1286.0
2024,Arable land area,,1287.1
2015,Area of unused arable land,,90.0
2016,Area of unused arable land,,81.1
2017,Area of unused arable land,,74.0
2018,Area of unused arable land,,66.5
2019,Area of unused arable land,,62.5
2020,Area of unused arable land,,55.8
2021,Area of unused arable land,,52.9
2022,Area of unused arable land,,48.8
2023,Area of unused arable land,,42.6
2024,Area of unused arable land,,39.0
2015,Area of unused arable land,Cause of non-use: Salinization and waterlogging,5.0
2016,Area of unused arable land,Cause of non-use: Salinization and waterlogging,3.8
2017,Area of unused arable land,Cause of non-use: Salinization and waterlogging,3.3
2018,Area of unused arable land,Cause of non-use: Salinization and waterlogging,3.1
2019,Area of unused arable land,Cause of non-use: Salinization and waterlogging,2.8
2020,Area of unused arable land,Cause of non-use: Salinization and waterlogging,2.5
2021,Area of unused arable land,Cause of non-use: Salinization and waterlogging,2.2
2022,Area of unused arable land,Cause of non-use: Salinization and waterlogging,1.7
2023,Area of unused arable land,Cause of non-use: Salinization and waterlogging,1.7
2024,Area of unused arable land,Cause of non-use: Salinization and waterlogging,1.5
2015,Area of unused arable land,Cause of non-use: Lack of irrigation due to a malfunction of the irrigation network,13.8
2016,Area of unused arable land,Cause of non-use: Lack of irrigation due to a malfunction of the irrigation network,13.8
2017,Area of unused arable land,Cause of non-use: Lack of irrigation due to a malfunction of the irrigation network,11.7
2018,Area of unused arable land,Cause of non-use: Lack of irrigation due to a malfunction of the irrigation network,11.6
2019,Area of unused arable land,Cause of non-use: Lack of irrigation due to a malfunction of the irrigation network,11.1
2020,Area of unused arable land,Cause of non-use: Lack of irrigation due to a malfunction of the irrigation network,9.3
2021,Area of unused arable land,Cause of non-use: Lack of irrigation due to a malfunction of the irrigation network,8.4
2022,Area of unused arable land,Cause of non-use: Lack of irrigation due to a malfunction of the irrigation network,7.4
2023,Area of unused arable land,Cause of non-use: Lack of irrigation due to a malfunction of the irrigation network,6.6
2024,Area of unused arable land,Cause of non-use: Lack of irrigation due to a malfunction of the irrigation network,6.7
2015,Area of unused arable land,"Cause of non-use: Prone to natural disasters (landslides, mudslides)",0.4
2016,Area of unused arable land,"Cause of non-use: Prone to natural disasters (landslides, mudslides)",0.4
2017,Area of unused arable land,"Cause of non-use: Prone to natural disasters (landslides, mudslides)",1.0
2018,Area of unused arable land,"Cause of non-use: Prone to natural disasters (landslides, mudslides)",1.5
2019,Area of unused arable land,"Cause of non-use: Prone to natural disasters (landslides, mudslides)",0.5
2020,Area of unused arable land,"Cause of non-use: Prone to natural disasters (landslides, mudslides)",0.9
2021,Area of unused arable land,"Cause of non-use: Prone to natural disasters (landslides, mudslides)",1.0
2022,Area of unused arable land,"Cause of non-use: Prone to natural disasters (landslides, mudslides)",0.7
2023,Area of unused arable land,"Cause of non-use: Prone to natural disasters (landslides, mudslides)",0.4
2024,Area of unused arable land,"Cause of non-use: Prone to natural disasters (landslides, mudslides)",0.4
2015,Area of unused arable land,Cause of non-use: Severe rainfed conditions (insufficient soil moisture in spring),44.366
2016,Area of unused arable land,Cause of non-use: Severe rainfed conditions (insufficient soil moisture in spring),40.1
2017,Area of unused arable land,Cause of non-use: Severe rainfed conditions (insufficient soil moisture in spring),36.4
2018,Area of unused arable land,Cause of non-use: Severe rainfed conditions (insufficient soil moisture in spring),31.4
2019,Area of unused arable land,Cause of non-use: Severe rainfed conditions (insufficient soil moisture in spring),31.7
2020,Area of unused arable land,Cause of non-use: Severe rainfed conditions (insufficient soil moisture in spring),27.2
2021,Area of unused arable land,Cause of non-use: Severe rainfed conditions (insufficient soil moisture in spring),26.2
2022,Area of unused arable land,Cause of non-use: Severe rainfed conditions (insufficient soil moisture in spring),22.0
2023,Area of unused arable land,Cause of non-use: Severe rainfed conditions (insufficient soil moisture in spring),19.3
2024,Area of unused arable land,Cause of non-use: Severe rainfed conditions (insufficient soil moisture in spring),18.6
2015,Area of unused arable land,Cause of non-use: Remoteness and stony,16.5
2016,Area of unused arable land,Cause of non-use: Remoteness and stony,15.1
2017,Area of unused arable land,Cause of non-use: Remoteness and stony,13.7
2018,Area of unused arable land,Cause of non-use: Remoteness and stony,11.9
2019,Area of unused arable land,Cause of non-use: Remoteness and stony,10.2
2020,Area of unused arable land,Cause of non-use: Remoteness and stony,9.4
2021,Area of unused arable land,Cause of non-use: Remoteness and stony,8.4
2022,Area of unused arable land,Cause of non-use: Remoteness and stony,7.1
2023,Area of unused arable land,Cause of non-use: Remoteness and stony,6.3
2024,Area of unused arable land,Cause of non-use: Remoteness and stony,5.3
2015,Area of unused arable land,"Cause of non-use: Others (for industry, expansion of settlements and others)",9.9
2016,Area of unused arable land,"Cause of non-use: Others (for industry, expansion of settlements and others)",7.9
2017,Area of unused arable land,"Cause of non-use: Others (for industry, expansion of settlements and others)",7.9
2018,Area of unused arable land,"Cause of non-use: Others (for industry, expansion of settlements and others)",7.0
2019,Area of unused arable land,"Cause of non-use: Others (for industry, expansion of settlements and others)",6.2
2020,Area of unused arable land,"Cause of non-use: Others (for industry, expansion of settlements and others)",6.5
2021,Area of unused arable land,"Cause of non-use: Others (for industry, expansion of settlements and others)",6.7
2022,Area of unused arable land,"Cause of non-use: Others (for industry, expansion of settlements and others)",9.8
2023,Area of unused arable land,"Cause of non-use: Others (for industry, expansion of settlements and others)",8.2
2024,Area of unused arable land,"Cause of non-use: Others (for industry, expansion of settlements and others)",6.5
