Year,COMPOSITE_BREAKDOWN,Value
2010,,576.9
2011,,587.5
2012,,526.0
2013,,561.9
2014,,665.9
2015,,810.1
2016,,934.5
2017,,921.5
2018,,962.4
2019,,798.7
2020,,588.7
2021,,689.0
2022,,1188.7
2023,,1781.0
2010,Expenditure on Pollution control,39.2
2011,Expenditure on Pollution control,41.2
2012,Expenditure on Pollution control,28.2
2013,Expenditure on Pollution control,22.4
2014,Expenditure on Pollution control,56.2
2015,Expenditure on Pollution control,71.5
2016,Expenditure on Pollution control,60.4
2017,Expenditure on Pollution control,52.7
2018,Expenditure on Pollution control,64.1
2019,Expenditure on Pollution control,72.2
2020,Expenditure on Pollution control,62.2
2021,Expenditure on Pollution control,94.1
2022,Expenditure on Pollution control,263.9
2023,Expenditure on Pollution control,409.1
2010,Expenditure on Nature parks and reserves,69.1
2011,Expenditure on Nature parks and reserves,68.5
2012,Expenditure on Nature parks and reserves,73.2
2013,Expenditure on Nature parks and reserves,80.9
2014,Expenditure on Nature parks and reserves,93.3
2015,Expenditure on Nature parks and reserves,114.1
2016,Expenditure on Nature parks and reserves,145.8
2017,Expenditure on Nature parks and reserves,131.7
2018,Expenditure on Nature parks and reserves,136.5
2019,Expenditure on Nature parks and reserves,136.9
2020,Expenditure on Nature parks and reserves,99.4
2021,Expenditure on Nature parks and reserves,147.1
2022,Expenditure on Nature parks and reserves,263.2
2023,Expenditure on Nature parks and reserves,435.2
2010,Expenditure on Animal protection,3.6
2011,Expenditure on Animal protection,6.8
2012,Expenditure on Animal protection,4.9
2013,Expenditure on Animal protection,6.5
2014,Expenditure on Animal protection,8.4
2015,Expenditure on Animal protection,9.4
2016,Expenditure on Animal protection,10.4
2017,Expenditure on Animal protection,9.8
2018,Expenditure on Animal protection,10.4
2019,Expenditure on Animal protection,12.3
2020,Expenditure on Animal protection,6.1
2021,Expenditure on Animal protection,10.1
2022,Expenditure on Animal protection,12.4
2023,Expenditure on Animal protection,27.9
2010,Expenditure on Plant protection,1.4
2011,Expenditure on Plant protection,1.3
2012,Expenditure on Plant protection,1.3
2013,Expenditure on Plant protection,1.2
2014,Expenditure on Plant protection,1.6
2015,Expenditure on Plant protection,1.5
2016,Expenditure on Plant protection,1.5
2010,Expenditure on Anti-epizootic measures,29.6
2011,Expenditure on Anti-epizootic measures,36.4
2012,Expenditure on Anti-epizootic measures,26.6
2013,Expenditure on Anti-epizootic measures,63.2
2014,Expenditure on Anti-epizootic measures,61.2
2015,Expenditure on Anti-epizootic measures,46.6
2016,Expenditure on Anti-epizootic measures,109.3
2017,Expenditure on Anti-epizootic measures,105.6
2018,Expenditure on Anti-epizootic measures,153.6
2019,Expenditure on Anti-epizootic measures,64.7
2020,Expenditure on Anti-epizootic measures,71.0
2021,Expenditure on Anti-epizootic measures,82.1
2022,Expenditure on Anti-epizootic measures,93.0
2023,Expenditure on Anti-epizootic measures,194.7
2010,Expenditure on Veterinary diagnostics,190.9
2011,Expenditure on Veterinary diagnostics,190.1
2012,Expenditure on Veterinary diagnostics,158.7
2013,Expenditure on Veterinary diagnostics,90.9
2014,Expenditure on Veterinary diagnostics,109.3
2015,Expenditure on Veterinary diagnostics,107.2
2016,Expenditure on Veterinary diagnostics,150.8
2017,Expenditure on Veterinary diagnostics,134.6
2018,Expenditure on Veterinary diagnostics,245.1
2019,Expenditure on Veterinary diagnostics,169.4
2020,Expenditure on Veterinary diagnostics,136.3
2021,Expenditure on Veterinary diagnostics,145.3
2022,Expenditure on Veterinary diagnostics,171.5
2023,Expenditure on Veterinary diagnostics,265.1
2010,"Expenditure on Plant chemicals, protection and
quarantine",72.3
2011,"Expenditure on Plant chemicals, protection and
quarantine",50.0
2012,"Expenditure on Plant chemicals, protection and
quarantine",29.3
2013,"Expenditure on Plant chemicals, protection and
quarantine",43.9
2014,"Expenditure on Plant chemicals, protection and
quarantine",42.5
2015,"Expenditure on Plant chemicals, protection and
quarantine",60.1
2016,"Expenditure on Plant chemicals, protection and
quarantine",88.8
2017,"Expenditure on Plant chemicals, protection and
quarantine",85.9
2018,"Expenditure on Plant chemicals, protection and
quarantine",132.2
2019,"Expenditure on Plant chemicals, protection and
quarantine",131.5
2020,"Expenditure on Plant chemicals, protection and
quarantine",103.3
2021,"Expenditure on Plant chemicals, protection and
quarantine",98.8
2022,"Expenditure on Plant chemicals, protection and
quarantine",220.6
2023,"Expenditure on Plant chemicals, protection and
quarantine",193.9
2010,"Expenditure on Other services for the protection
of biodiversity and landscape",150.6
2011,"Expenditure on Other services for the protection
of biodiversity and landscape",175.6
2012,"Expenditure on Other services for the protection
of biodiversity and landscape",189.3
2013,"Expenditure on Other services for the protection
of biodiversity and landscape",235.6
2014,"Expenditure on Other services for the protection
of biodiversity and landscape",277.1
2015,"Expenditure on Other services for the protection
of biodiversity and landscape",392.6
2016,"Expenditure on Other services for the protection
of biodiversity and landscape",358.6
2017,"Expenditure on Other services for the protection
of biodiversity and landscape",231.4
2018,"Expenditure on Other services for the protection
of biodiversity and landscape",212.8
2019,"Expenditure on Other services for the protection
of biodiversity and landscape",197.7
2020,"Expenditure on Other services for the protection
of biodiversity and landscape",103.2
2021,"Expenditure on Other services for the protection
of biodiversity and landscape",98.7
2022,"Expenditure on Other services for the protection
of biodiversity and landscape",159.3
2023,"Expenditure on Other services for the protection
of biodiversity and landscape",251.9
2010,"Expenditure on Research and development work
related to environmental protection",2.9
2011,"Expenditure on Research and development work
related to environmental protection",4.3
2012,"Expenditure on Research and development work
related to environmental protection",4.6
2013,"Expenditure on Research and development work
related to environmental protection",6.2
2014,"Expenditure on Research and development work
related to environmental protection",6.7
2015,"Expenditure on Research and development work
related to environmental protection",7.1
2016,"Expenditure on Research and development work
related to environmental protection",6.3
2017,"Expenditure on Research and development work
related to environmental protection",6.3
2019,"Expenditure on Research and development work
related to environmental protection",1.8
2020,"Expenditure on Research and development work
related to environmental protection",1.8
2021,"Expenditure on Research and development work
related to environmental protection",1.8
2022,"Expenditure on Research and development work
related to environmental protection",1.7
2023,"Expenditure on Research and development work
related to environmental protection",1.7
2010,Expenditure on Environmental issues not classified elsewhere,11.0
2011,Expenditure on Environmental issues not classified elsewhere,11.2
2012,Expenditure on Environmental issues not classified elsewhere,9.8
2013,Expenditure on Environmental issues not classified elsewhere,11.2
2014,Expenditure on Environmental issues not classified elsewhere,9.6
2017,Expenditure on Environmental issues not classified elsewhere,163.5
2010,"Expenditure on Other services on environmental
protection",6.3
2011,"Expenditure on Other services on environmental
protection",2.2
2016,"Expenditure on Other services on environmental
protection",2.6
2018,"Expenditure on Other services on environmental
protection",7.7
2019,"Expenditure on Other services on environmental
protection",12.2
2020,"Expenditure on Other services on environmental
protection",5.4
2021,"Expenditure on Other services on environmental
protection",10.9
2022,"Expenditure on Other services on environmental
protection",3.1
2023,"Expenditure on Other services on environmental
protection",1.5
