Year,Reference area,Sex,Age,Degree of urbanisation,Income or wealth quantile,Disability status,GeoCode,Value
2014,,,,,,,,57.1
2018,,,,,,,,74.3
2023,,,,,,,,64.9
2014,,Male,,,,,,59.9
2018,,Male,,,,,,75.5
2023,,Male,,,,,,69.0
2014,,Female,,,,,,54.4
2018,,Female,,,,,,73.0
2023,,Female,,,,,,60.7
2014,,,,Urban,,,,60.0
2018,,,,Urban,,,,76.9
2023,,,,Urban,,,,65.0
2014,,,,Rural,,,,56.0
2018,,,,Rural,,,,73.1
2023,,,,Rural,,,,64.8
2014,Batken,,,,,,KG05,49.4
2018,Batken,,,,,,KG05,46.8
2023,Batken,,,,,,KG05,63.4
2014,Jalal-Abad,,,,,,KG03,42.9
2018,Jalal-Abad,,,,,,KG03,65.5
2023,Jalal-Abad,,,,,,KG03,54.6
2014,Issyk-Kul,,,,,,KG02,48.2
2018,Issyk-Kul,,,,,,KG02,80.9
2023,Issyk-Kul,,,,,,KG02,52.2
2014,Naryn,,,,,,KG04,58.0
2018,Naryn,,,,,,KG04,74.0
2023,Naryn,,,,,,KG04,82.0
2014,Osh,,,,,,KG06,57.8
2018,Osh,,,,,,KG06,74.4
2023,Osh,,,,,,KG06,70.7
2014,Talas,,,,,,KG07,71.1
2018,Talas,,,,,,KG07,79.9
2023,Talas,,,,,,KG07,75.1
2014,Chui,,,,,,KG08,66.8
2018,Chui,,,,,,KG08,83.5
2023,Chui,,,,,,KG08,62.5
2014,Bishkek (city),,,,,,KG11,70.3
2018,Bishkek (city),,,,,,KG11,80.5
2023,Bishkek (city),,,,,,KG11,61.6
2014,Osh (city),,,,,,KG21,71.1
2018,Osh (city),,,,,,KG21,85.6
2023,Osh (city),,,,,,KG21,82.8
2014,,,1 to 2 years old,,,,,45.5
2018,,,1 to 2 years old,,,,,55.3
2023,,,1 to 2 years old,,,,,44.5
2014,,,3 to 4 years old,,,,,67.1
2018,,,3 to 4 years old,,,,,71.2
2023,,,3 to 4 years old,,,,,63.7
2014,,,5 to 9 years old,,,,,61.9
2018,,,5 to 9 years old,,,,,79.4
2023,,,5 to 9 years old,,,,,69.3
2014,,,10 to 14 years old,,,,,52.7
2018,,,10 to 14 years old,,,,,78.8
2023,,,10 to 14 years old,,,,,67.7
2018,,,,,,Child with disability,,83.7
2023,,,,,,Child with disability,,67.3
2018,,,,,,Child without disability,,75.6
2023,,,,,,Child without disability,,66.8
2018,,,,,,Mother with disability,,92.4
2023,,,,,,Mother with disability,,68.7
2018,,,,,,Mother without disability,,74.4
2023,,,,,,Mother without disability,,66.2
2018,,,,,,No information,,69.8
2014,,,,,Quintile 1 (poorest),,,55.1
2018,,,,,Quintile 1 (poorest),,,70.9
2023,,,,,Quintile 1 (poorest),,,65.9
2014,,,,,Quintile 2,,,58.1
2018,,,,,Quintile 2,,,70.6
2023,,,,,Quintile 2,,,66.6
2014,,,,,Quintile 3,,,54.7
2018,,,,,Quintile 3,,,73.1
2023,,,,,Quintile 3,,,63.9
2014,,,,,Quintile 4,,,56.5
2018,,,,,Quintile 4,,,81.4
2023,,,,,Quintile 4,,,64.7
2014,,,,,Quintile 5 (richest),,,62.5
2018,,,,,Quintile 5 (richest),,,77.4
2023,,,,,Quintile 5 (richest),,,62.7
