Year,Reference area,GeoCode,Value
2015,,,10.810627
2016,,,16.102629
2017,,,20.2
2018,,,12.4
2019,,,14.11
2020,,,12.3
2021,,,24.4
2022,,,26.495524
2023,,,22.74399
2015,Batken,KG05,34.216964
2016,Batken,KG05,51.97171
2017,Batken,KG05,50.7
2018,Batken,KG05,44.9
2019,Batken,KG05,37.38
2020,Batken,KG05,40.3
2021,Batken,KG05,45.7
2022,Batken,KG05,59.38377
2023,Batken,KG05,52.401334
2015,Jalal-Abad,KG03,30.828434
2016,Jalal-Abad,KG03,35.669135
2017,Jalal-Abad,KG03,31.6
2018,Jalal-Abad,KG03,28.9
2019,Jalal-Abad,KG03,40.55
2020,Jalal-Abad,KG03,36.2
2021,Jalal-Abad,KG03,38.0
2022,Jalal-Abad,KG03,38.323344
2023,Jalal-Abad,KG03,40.084286
2015,Issyk-Kul,KG02,-8.771443
2016,Issyk-Kul,KG02,19.590714
2017,Issyk-Kul,KG02,25.6
2018,Issyk-Kul,KG02,16.6
2019,Issyk-Kul,KG02,45.71
2020,Issyk-Kul,KG02,44.3
2021,Issyk-Kul,KG02,51.3
2022,Issyk-Kul,KG02,48.136791
2023,Issyk-Kul,KG02,58.656443
2015,Naryn,KG04,-5.438854
2016,Naryn,KG04,-3.700551
2017,Naryn,KG04,16.3
2018,Naryn,KG04,5.4
2019,Naryn,KG04,24.57
2020,Naryn,KG04,36.0
2021,Naryn,KG04,51.5
2022,Naryn,KG04,46.632131
2023,Naryn,KG04,52.689881
2015,Osh,KG06,18.022223
2016,Osh,KG06,0.07913
2017,Osh,KG06,16.9
2018,Osh,KG06,5.4
2019,Osh,KG06,12.6
2020,Osh,KG06,2.7
2021,Osh,KG06,13.0
2022,Osh,KG06,32.657429
2023,Osh,KG06,19.888669
2015,Talas,KG07,16.930727
2016,Talas,KG07,15.126177
2017,Talas,KG07,17.2
2018,Talas,KG07,24.8
2019,Talas,KG07,29.45
2020,Talas,KG07,32.9
2021,Talas,KG07,36.4
2022,Talas,KG07,31.457246
2023,Talas,KG07,35.972444
2015,Chui,KG08,25.703179
2016,Chui,KG08,26.618611
2017,Chui,KG08,28.8
2018,Chui,KG08,16.2
2019,Chui,KG08,17.36
2020,Chui,KG08,11.3
2021,Chui,KG08,27.0
2022,Chui,KG08,22.734406
2023,Chui,KG08,12.061786
2015,Bishkek (city),KG11,-9.015999
2016,Bishkek (city),KG11,-11.403693
2017,Bishkek (city),KG11,-3.4
2018,Bishkek (city),KG11,-12.8
2019,Bishkek (city),KG11,-17.99
2020,Bishkek (city),KG11,-18.2
2021,Bishkek (city),KG11,2.7
2022,Bishkek (city),KG11,-0.196919
2023,Bishkek (city),KG11,-0.064288
2015,Osh (city),KG21,10.609517
2016,Osh (city),KG21,25.440447
2017,Osh (city),KG21,37.2
2018,Osh (city),KG21,39.6
2019,Osh (city),KG21,22.75
2020,Osh (city),KG21,33.0
2021,Osh (city),KG21,40.4
2022,Osh (city),KG21,33.15804
2023,Osh (city),KG21,34.132732
