Year,Unit multiplier,SERIES,UNIT_MEASURE,Value
2010,Units,Annual GDP growth rate (percentage change compared to the previous year),Percent,99.5
2011,Units,Annual GDP growth rate (percentage change compared to the previous year),Percent,106.0
2012,Units,Annual GDP growth rate (percentage change compared to the previous year),Percent,99.9
2013,Units,Annual GDP growth rate (percentage change compared to the previous year),Percent,110.9
2014,Units,Annual GDP growth rate (percentage change compared to the previous year),Percent,104.0
2015,Units,Annual GDP growth rate (percentage change compared to the previous year),Percent,103.9
2016,Units,Annual GDP growth rate (percentage change compared to the previous year),Percent,104.3
2017,Units,Annual GDP growth rate (percentage change compared to the previous year),Percent,104.7
2018,Units,Annual GDP growth rate (percentage change compared to the previous year),Percent,103.8
2019,Units,Annual GDP growth rate (percentage change compared to the previous year),Percent,104.6
2020,Units,Annual GDP growth rate (percentage change compared to the previous year),Percent,92.9
2021,Units,Annual GDP growth rate (percentage change compared to the previous year),Percent,105.5
2022,Units,Annual GDP growth rate (percentage change compared to the previous year),Percent,109.0
2023,Units,Annual GDP growth rate (percentage change compared to the previous year),Percent,109.0
2010,Units,Consumer Price Index (percentage change compared to the previous year),Index,108.0
2011,Units,Consumer Price Index (percentage change compared to the previous year),Index,116.6
2012,Units,Consumer Price Index (percentage change compared to the previous year),Index,102.8
2013,Units,Consumer Price Index (percentage change compared to the previous year),Index,106.6
2014,Units,Consumer Price Index (percentage change compared to the previous year),Index,107.5
2015,Units,Consumer Price Index (percentage change compared to the previous year),Index,106.5
2016,Units,Consumer Price Index (percentage change compared to the previous year),Index,100.4
2017,Units,Consumer Price Index (percentage change compared to the previous year),Index,103.2
2018,Units,Consumer Price Index (percentage change compared to the previous year),Index,101.5
2019,Units,Consumer Price Index (percentage change compared to the previous year),Index,101.1
2020,Units,Consumer Price Index (percentage change compared to the previous year),Index,106.3
2021,Units,Consumer Price Index (percentage change compared to the previous year),Index,111.90504
2022,Units,Consumer Price Index (percentage change compared to the previous year),Index,113.922909
2023,Units,Consumer Price Index (percentage change compared to the previous year),Index,110.8
2010,Units,Producer Price Index (percentage change compared to the previous year),Index,122.79
2011,Units,Producer Price Index (percentage change compared to the previous year),Index,122.02
2012,Units,Producer Price Index (percentage change compared to the previous year),Index,105.3
2013,Units,Producer Price Index (percentage change compared to the previous year),Index,97.92
2014,Units,Producer Price Index (percentage change compared to the previous year),Index,101.45
2015,Units,Producer Price Index (percentage change compared to the previous year),Index,108.75
2016,Units,Producer Price Index (percentage change compared to the previous year),Index,106.41
2017,Units,Producer Price Index (percentage change compared to the previous year),Index,101.66
2018,Units,Producer Price Index (percentage change compared to the previous year),Index,101.49
2019,Units,Producer Price Index (percentage change compared to the previous year),Index,104.26
2020,Units,Producer Price Index (percentage change compared to the previous year),Index,121.27
2021,Units,Producer Price Index (percentage change compared to the previous year),Index,111.5
2022,Units,Producer Price Index (percentage change compared to the previous year),Index,105.1
2023,Units,Producer Price Index (percentage change compared to the previous year),Index,109.3
2010,Millions,"Government budget deficit and its financing sources, million soms",Local currency,-10767.9787
2011,Millions,"Government budget deficit and its financing sources, million soms",Local currency,-13663.7111
2012,Millions,"Government budget deficit and its financing sources, million soms",Local currency,-20232.3134
2013,Millions,"Government budget deficit and its financing sources, million soms",Local currency,-2330.4823
2014,Millions,"Government budget deficit and its financing sources, million soms",Local currency,-1875.5431
2015,Millions,"Government budget deficit and its financing sources, million soms",Local currency,-6149.3213
2016,Millions,"Government budget deficit and its financing sources, million soms",Local currency,-20888.9124
2017,Millions,"Government budget deficit and its financing sources, million soms",Local currency,-16476.1602
2018,Millions,"Government budget deficit and its financing sources, million soms",Local currency,-6188.9008
2019,Millions,"Government budget deficit and its financing sources, million soms",Local currency,-431.7092
2020,Millions,"Government budget deficit and its financing sources, million soms",Local currency,-19734.0366
2021,Millions,"Government budget deficit and its financing sources, million soms",Local currency,-1763.6
2022,Millions,"Government budget deficit and its financing sources, million soms",Local currency,-10400.7
2023,Millions,"Government budget deficit and its financing sources, million soms",Local currency,12685.1
2010,Millions,"Total government debt, million soms",Local currency,131557.5
2011,Millions,"Total government debt, million soms",Local currency,143154.1
2012,Millions,"Total government debt, million soms",Local currency,156719.4
2013,Millions,"Total government debt, million soms",Local currency,167431.8
2014,Millions,"Total government debt, million soms",Local currency,214759.1
2015,Millions,"Total government debt, million soms",Local currency,289195.5
2016,Millions,"Total government debt, million soms",Local currency,281450.9
2017,Millions,"Total government debt, million soms",Local currency,311846.2
2018,Millions,"Total government debt, million soms",Local currency,311834.6
2019,Millions,"Total government debt, million soms",Local currency,319474.6
2020,Millions,"Total government debt, million soms",Local currency,407116.85
2021,Millions,"Total government debt, million soms",Local currency,436586.8
2022,Millions,"Total government debt, million soms",Local currency,478225.6
2023,Millions,"Total government debt, million soms",Local currency,559503.6
2010,Units,Foreign trade turnover (percentage change compared to the previous year),Percent,105.6
2011,Units,Foreign trade turnover (percentage change compared to the previous year),Percent,130.62446
2012,Units,Foreign trade turnover (percentage change compared to the previous year),Percent,115.384261
2013,Units,Foreign trade turnover (percentage change compared to the previous year),Percent,106.528605
2014,Units,Foreign trade turnover (percentage change compared to the previous year),Percent,95.30386
2015,Units,Foreign trade turnover (percentage change compared to the previous year),Percent,73.989322
2016,Units,Foreign trade turnover (percentage change compared to the previous year),Percent,98.878752
2017,Units,Foreign trade turnover (percentage change compared to the previous year),Percent,112.297259
2018,Units,Foreign trade turnover (percentage change compared to the previous year),Percent,113.896789
2019,Units,Foreign trade turnover (percentage change compared to the previous year),Percent,97.8
2020,Units,Foreign trade turnover (percentage change compared to the previous year),Percent,81.6
2021,Units,Foreign trade turnover (percentage change compared to the previous year),Percent,146.4
2022,Units,Foreign trade turnover (percentage change compared to the previous year),Percent,144.7
2023,Units,Foreign trade turnover (percentage change compared to the previous year),Percent,131.9
2010,Millions,"Exports, million US dollars",USD,1755.9245
2011,Millions,"Exports, million US dollars",USD,2242.1664
2012,Millions,"Exports, million US dollars",USD,1927.6232
2013,Millions,"Exports, million US dollars",USD,2006.8497
2014,Millions,"Exports, million US dollars",USD,1883.733456
2015,Millions,"Exports, million US dollars",USD,1482.942034
2016,Millions,"Exports, million US dollars",USD,1573.21493
2017,Millions,"Exports, million US dollars",USD,1764.254644
2018,Millions,"Exports, million US dollars",USD,1836.838696
2019,Millions,"Exports, million US dollars",USD,1986.11
2020,Millions,"Exports, million US dollars",USD,1973.2
2021,Millions,"Exports, million US dollars",USD,2752.1
2022,Millions,"Exports, million US dollars",USD,2254.7
2023,Millions,"Exports, million US dollars",USD,3384.8
2010,Millions,"Imports, million US dollars",USD,3222.772182
2011,Millions,"Imports, million US dollars",USD,4261.226418
2012,Millions,"Imports, million US dollars",USD,5576.264131
2013,Millions,"Imports, million US dollars",USD,5986.983003
2014,Millions,"Imports, million US dollars",USD,5734.703808
2015,Millions,"Imports, million US dollars",USD,4153.86051
2016,Millions,"Imports, million US dollars",USD,4000.442107
2017,Millions,"Imports, million US dollars",USD,4494.728178
2018,Millions,"Imports, million US dollars",USD,5291.945776
2019,Millions,"Imports, million US dollars",USD,4989.01
2020,Millions,"Imports, million US dollars",USD,3718.8
2021,Millions,"Imports, million US dollars",USD,5580.2
2022,Millions,"Imports, million US dollars",USD,9803.2
2023,Millions,"Imports, million US dollars",USD,12517.9
