Year,Reference area,Sex,Age,Degree of urbanisation,Income or wealth quantile,Education level,Observation-level footnotes,GeoCode,Value
2014,,,under 5 years old,,,,,,12.9
2018,,,under 5 years old,,,,,,11.8
2023,,,under 5 years old,,,,,,14.1
2014,Batken,,under 5 years old,,,,,KG05,13.6
2018,Batken,,under 5 years old,,,,,KG05,11.9
2023,Batken,,under 5 years old,,,,,KG05,22.5
2014,Jalal-Abad,,under 5 years old,,,,,KG03,21.3
2018,Jalal-Abad,,under 5 years old,,,,,KG03,15.5
2023,Jalal-Abad,,under 5 years old,,,,,KG03,17.4
2014,Issyk-Kul,,under 5 years old,,,,,KG02,14.1
2018,Issyk-Kul,,under 5 years old,,,,,KG02,14.2
2023,Issyk-Kul,,under 5 years old,,,,,KG02,14.4
2014,Naryn,,under 5 years old,,,,,KG04,16.4
2018,Naryn,,under 5 years old,,,,,KG04,6.5
2023,Naryn,,under 5 years old,,,,,KG04,10.0
2014,Osh,,under 5 years old,,,,,KG06,10.6
2018,Osh,,under 5 years old,,,,,KG06,13.7
2023,Osh,,under 5 years old,,,,,KG06,11.8
2014,Talas,,under 5 years old,,,,,KG07,11.0
2018,Talas,,under 5 years old,,,,,KG07,10.0
2023,Talas,,under 5 years old,,,,,KG07,11.9
2014,Chui,,under 5 years old,,,,,KG08,7.6
2018,Chui,,under 5 years old,,,,,KG08,10.1
2023,Chui,,under 5 years old,,,,,KG08,10.4
2014,Bishkek (city),,under 5 years old,,,,,KG11,7.6
2018,Bishkek (city),,under 5 years old,,,,,KG11,5.9
2023,Bishkek (city),,under 5 years old,,,,,KG11,11.5
2014,Osh (city),,under 5 years old,,,,,KG21,12.1
2018,Osh (city),,under 5 years old,,,,,KG21,10.9
2023,Osh (city),,under 5 years old,,,,,KG21,13.8
2014,,Male,under 5 years old,,,,,,13.8
2018,,Male,under 5 years old,,,,,,12.5
2023,,Male,under 5 years old,,,,,,15.0
2014,,Female,under 5 years old,,,,,,12.0
2018,,Female,under 5 years old,,,,,,10.9
2023,,Female,under 5 years old,,,,,,13.3
2014,,,under 5 years old,Urban,,,,,11.8
2018,,,under 5 years old,Urban,,,,,8.8
2023,,,under 5 years old,Urban,,,,,13.0
2014,,,under 5 years old,Rural,,,,,13.4
2018,,,under 5 years old,Rural,,,,,13.1
2023,,,under 5 years old,Rural,,,,,14.6
2014,,,0 to 5 months old,,,,,,5.3
2018,,,0 to 5 months old,,,,,,5.4
2023,,,0 to 5 months old,,,,,,8.5
2014,,,6 to 11 months old,,,,,,7.2
2018,,,6 to 11 months old,,,,,,9.3
2023,,,6 to 11 months old,,,,,,5.8
2014,,,12 to 17 months old,,,,,,11.2
2018,,,12 to 17 months old,,,,,,12.1
2023,,,12 to 17 months old,,,,,,12.7
2014,,,18 to 23 months old,,,,,,18.2
2018,,,18 to 23 months old,,,,,,17.2
2023,,,18 to 23 months old,,,,,,20.2
2014,,,24 to 35 months old,,,,,,18.6
2018,,,24 to 35 months old,,,,,,13.2
2023,,,24 to 35 months old,,,,,,19.1
2014,,,36 to 47 months old,,,,,,14.6
2018,,,36 to 47 months old,,,,,,11.2
2023,,,36 to 47 months old,,,,,,15.0
2014,,,48 to 59 months old,,,,,,10.5
2018,,,48 to 59 months old,,,,,,12.7
2023,,,48 to 59 months old,,,,,,12.5
2014,,,under 5 years old,,,Primary education,Образование матери,,26.5
2014,,,under 5 years old,,,Lower secondary education,Образование матери,,17.1
2018,,,under 5 years old,,,Lower secondary education,Образование матери,,14.8
2023,,,under 5 years old,,,Lower secondary education,Образование матери,,13.2
2014,,,under 5 years old,,,Upper secondary education,Образование матери,,13.5
2018,,,under 5 years old,,,Upper secondary education,Образование матери,,12.0
2023,,,under 5 years old,,,Upper secondary education,Образование матери,,16.7
2014,,,under 5 years old,,,Post-secondary non-tertiary education,Образование матери,,11.8
2018,,,under 5 years old,,,Post-secondary non-tertiary education,Образование матери,,12.2
2023,,,under 5 years old,,,Post-secondary non-tertiary education,Образование матери,,12.2
2014,,,under 5 years old,,,Short-cycle tertiary education,Образование матери,,9.8
2018,,,under 5 years old,,,Short-cycle tertiary education,Образование матери,,10.0
2023,,,under 5 years old,,,Short-cycle tertiary education,Образование матери,,11.9
2014,,,under 5 years old,,Quintile 1 (poorest),,,,17.7
2018,,,under 5 years old,,Quintile 1 (poorest),,,,14.0
2023,,,under 5 years old,,Quintile 1 (poorest),,,,16.5
2014,,,under 5 years old,,Quintile 2,,,,14.2
2018,,,under 5 years old,,Quintile 2,,,,13.8
2023,,,under 5 years old,,Quintile 2,,,,15.6
2014,,,under 5 years old,,Quintile 3,,,,10.1
2018,,,under 5 years old,,Quintile 3,,,,12.0
2023,,,under 5 years old,,Quintile 3,,,,12.6
2014,,,under 5 years old,,Quintile 4,,,,10.7
2018,,,under 5 years old,,Quintile 4,,,,8.2
2023,,,under 5 years old,,Quintile 4,,,,12.3
2014,,,under 5 years old,,Quintile 5 (richest),,,,10.7
2018,,,under 5 years old,,Quintile 5 (richest),,,,9.2
2023,,,under 5 years old,,Quintile 5 (richest),,,,12.4
