Year,Reference area,GeoCode,Value
2007,,,51.9
2008,,,55.0
2009,,,63.5
2010,,,51.3
2011,,,54.8
2012,,,49.1
2013,,,36.0
2014,,,50.1
2015,,,38.5
2016,,,30.3
2017,,,31.9
2018,,,28.6
2019,,,24.8
2020,,,38.6
2021,,,33.3
2022,,,27.292395
2007,Batken,KG05,74.8
2008,Batken,KG05,66.6
2009,Batken,KG05,41.7
2010,Batken,KG05,59.7
2011,Batken,KG05,66.9
2012,Batken,KG05,43.5
2013,Batken,KG05,42.0
2014,Batken,KG05,108.7
2015,Batken,KG05,26.1
2016,Batken,KG05,41.9
2017,Batken,KG05,51.9
2018,Batken,KG05,33.6
2019,Batken,KG05,25.8
2020,Batken,KG05,42.4
2021,Batken,KG05,38.3
2022,Batken,KG05,36.613943
2007,Jalal-Abad,KG03,32.8
2008,Jalal-Abad,KG03,66.6
2009,Jalal-Abad,KG03,40.3
2010,Jalal-Abad,KG03,31.1
2011,Jalal-Abad,KG03,36.5
2012,Jalal-Abad,KG03,55.9
2013,Jalal-Abad,KG03,33.0
2014,Jalal-Abad,KG03,53.7
2015,Jalal-Abad,KG03,53.3
2016,Jalal-Abad,KG03,33.5
2017,Jalal-Abad,KG03,53.6
2018,Jalal-Abad,KG03,38.2
2019,Jalal-Abad,KG03,37.2
2020,Jalal-Abad,KG03,53.2
2021,Jalal-Abad,KG03,31.7
2022,Jalal-Abad,KG03,14.186913
2007,Issyk-Kul,KG02,89.7
2008,Issyk-Kul,KG02,122.9
2009,Issyk-Kul,KG02,72.0
2010,Issyk-Kul,KG02,70.4
2011,Issyk-Kul,KG02,62.6
2012,Issyk-Kul,KG02,97.2
2013,Issyk-Kul,KG02,37.2
2014,Issyk-Kul,KG02,55.3
2015,Issyk-Kul,KG02,26.7
2016,Issyk-Kul,KG02,34.7
2017,Issyk-Kul,KG02,37.0
2018,Issyk-Kul,KG02,71.2
2019,Issyk-Kul,KG02,28.4
2020,Issyk-Kul,KG02,90.6
2021,Issyk-Kul,KG02,98.7
2022,Issyk-Kul,KG02,55.377118
2007,Naryn,KG04,62.3
2008,Naryn,KG04,46.2
2009,Naryn,KG04,105.5
2010,Naryn,KG04,69.6
2011,Naryn,KG04,83.3
2012,Naryn,KG04,56.2
2013,Naryn,KG04,29.0
2014,Naryn,KG04,135.7
2015,Naryn,KG04,30.6
2016,Naryn,KG04,43.7
2018,Naryn,KG04,105.7
2019,Naryn,KG04,16.6
2020,Naryn,KG04,52.6
2021,Naryn,KG04,157.2
2022,Naryn,KG04,42.247571
2007,Osh,KG06,26.0
2008,Osh,KG06,54.4
2009,Osh,KG06,93.2
2010,Osh,KG06,78.6
2011,Osh,KG06,62.5
2012,Osh,KG06,58.1
2013,Osh,KG06,42.8
2014,Osh,KG06,43.4
2015,Osh,KG06,43.4
2016,Osh,KG06,24.9
2017,Osh,KG06,25.6
2018,Osh,KG06,19.5
2019,Osh,KG06,25.5
2020,Osh,KG06,24.5
2021,Osh,KG06,24.9
2022,Osh,KG06,30.188173
2007,Talas,KG07,120.3
2008,Talas,KG07,51.1
2009,Talas,KG07,61.3
2010,Talas,KG07,87.0
2011,Talas,KG07,40.9
2012,Talas,KG07,14.1
2013,Talas,KG07,14.8
2014,Talas,KG07,44.6
2015,Talas,KG07,15.1
2019,Talas,KG07,16.6
2020,Talas,KG07,69.1
2021,Talas,KG07,38.4
2022,Talas,KG07,97.030856
2007,Chui,KG08,78.3
2008,Chui,KG08,34.4
2009,Chui,KG08,61.1
2010,Chui,KG08,49.5
2011,Chui,KG08,69.0
2012,Chui,KG08,41.2
2013,Chui,KG08,50.4
2014,Chui,KG08,44.4
2015,Chui,KG08,40.3
2016,Chui,KG08,47.9
2017,Chui,KG08,22.9
2018,Chui,KG08,16.1
2019,Chui,KG08,32.5
2020,Chui,KG08,32.2
2021,Chui,KG08,15.1
2022,Chui,KG08,25.2
2007,Bishkek (city),KG11,17.3
2008,Bishkek (city),KG11,22.0
2009,Bishkek (city),KG11,20.4
2010,Bishkek (city),KG11,19.4
2011,Bishkek (city),KG11,43.3
2012,Bishkek (city),KG11,18.0
2013,Bishkek (city),KG11,26.1
2014,Bishkek (city),KG11,16.4
2015,Bishkek (city),KG11,30.5
2016,Bishkek (city),KG11,17.6
2017,Bishkek (city),KG11,13.4
2018,Bishkek (city),KG11,18.0
2019,Bishkek (city),KG11,16.9
2020,Bishkek (city),KG11,19.1
2021,Bishkek (city),KG11,14.6
2022,Bishkek (city),KG11,21.849964
2007,Osh (city),KG21,100.6
2008,Osh (city),KG21,38.6
2009,Osh (city),KG21,168.4
2011,Osh (city),KG21,35.7
2012,Osh (city),KG21,60.3
2013,Osh (city),KG21,15.0
2015,Osh (city),KG21,40.9
2016,Osh (city),KG21,13.5
2017,Osh (city),KG21,64.9
2018,Osh (city),KG21,8.3
2020,Osh (city),KG21,25.2
2021,Osh (city),KG21,21.7
