Year,Reference area,Sex,Age,GeoCode,Value
2007,,,,,0.077639
2008,,,,,0.103795
2009,,,,,0.124661
2010,,,,,0.1017
2011,,,,,0.107723
2012,,,,,0.125562
2013,,,,,0.083925
2014,,,,,0.104881
2015,,,,,0.101567
2016,,,,,0.117451
2017,,,,,0.128435
2018,,,,,0.1297
2019,,,,,0.1
2020,,,,,0.1
2021,,,,,0.126418
2022,,,,,0.156866
2023,,,,,0.1
2007,,Female,,,0.041956
2008,,Female,,,0.067162
2009,,Female,,,0.064553
2010,,Female,,,0.060539
2011,,Female,,,0.064473
2012,,Female,,,0.105748
2013,,Female,,,0.070194
2014,,Female,,,0.090885
2015,,Female,,,0.091088
2016,,Female,,,0.097137
2017,,Female,,,0.106527
2018,,Female,,,0.097582
2019,,Female,,,0.1
2020,,Female,,,0.1
2021,,Female,,,0.14923
2022,,Female,,,0.187479
2023,,Female,,,0.1
2007,,Male,,,0.114296
2008,,Male,,,0.14143
2009,,Male,,,0.186359
2010,,Male,,,0.143928
2011,,Male,,,0.152077
2012,,Male,,,0.145855
2013,,Male,,,0.09797
2014,,Male,,,0.119179
2015,,Male,,,0.112257
2016,,Male,,,0.138147
2017,,Male,,,0.150731
2018,,Male,,,0.162349
2019,,Male,,,0.2
2020,,Male,,,0.1
2021,,Male,,,0.103269
2022,,Male,,,0.125566
2023,,Male,,,0.2
2007,Batken,,,KG05,0.018994
2008,Batken,,,KG05,0.037673
2009,Batken,,,KG05,0.016262
2010,Batken,,,KG05,0.01143
2011,Batken,,,KG05,0.024721
2012,Batken,,,KG05,0.039661
2013,Batken,,,KG05,0.038771
2014,Batken,,,KG05,0.071558
2015,Batken,,,KG05,0.051375
2016,Batken,,,KG05,0.034134
2017,Batken,,,KG05,0.051128
2018,Batken,,,KG05,0.040436
2019,Batken,,,KG05,0.0
2020,Batken,,,KG05,0.0
2021,Batken,,,KG05,0.03433
2022,Batken,,,KG05,0.051313
2023,Batken,,,KG05,0.051313
2007,Batken,Female,,KG05,0.014483
2008,Batken,Female,,KG05,0.033537
2009,Batken,Female,,KG05,0.004729
2010,Batken,Female,,KG05,0.013943
2011,Batken,Female,,KG05,0.022821
2012,Batken,Female,,KG05,0.040276
2013,Batken,Female,,KG05,0.043779
2014,Batken,Female,,KG05,0.077046
2015,Batken,Female,,KG05,0.062727
2016,Batken,Female,,KG05,0.032703
2017,Batken,Female,,KG05,0.044051
2018,Batken,Female,,KG05,0.035312
2019,Batken,Female,,KG05,0.0
2020,Batken,Female,,KG05,0.0
2021,Batken,Female,,KG05,0.03682
2022,Batken,Female,,KG05,0.060746
2023,Batken,Female,,KG05,0.0
2007,Batken,Male,,KG05,0.023358
2008,Batken,Male,,KG05,0.041669
2009,Batken,Male,,KG05,0.027402
2010,Batken,Male,,KG05,0.008997
2011,Batken,Male,,KG05,0.026565
2012,Batken,Male,,KG05,0.039063
2013,Batken,Male,,KG05,0.033922
2014,Batken,Male,,KG05,0.066249
2015,Batken,Male,,KG05,0.040406
2016,Batken,Male,,KG05,0.035516
2017,Batken,Male,,KG05,0.057957
2018,Batken,Male,,KG05,0.045374
2019,Batken,Male,,KG05,0.0
2020,Batken,Male,,KG05,0.0
2021,Batken,Male,,KG05,0.031931
2022,Batken,Male,,KG05,0.042061
2023,Batken,Male,,KG05,0.1
2007,Jalal-Abad,,,KG03,0.044535
2008,Jalal-Abad,,,KG03,0.070042
2009,Jalal-Abad,,,KG03,0.060105
2010,Jalal-Abad,,,KG03,0.059233
2011,Jalal-Abad,,,KG03,0.048786
2012,Jalal-Abad,,,KG03,0.091049
2013,Jalal-Abad,,,KG03,0.04688
2014,Jalal-Abad,,,KG03,0.072026
2015,Jalal-Abad,,,KG03,0.082866
2016,Jalal-Abad,,,KG03,0.063928
2017,Jalal-Abad,,,KG03,0.102583
2018,Jalal-Abad,,,KG03,0.061542
2019,Jalal-Abad,,,KG03,0.1
2020,Jalal-Abad,,,KG03,0.0
2021,Jalal-Abad,,,KG03,0.087303
2022,Jalal-Abad,,,KG03,0.092022
2023,Jalal-Abad,,,KG03,0.092809
2007,Jalal-Abad,Female,,KG03,0.038468
2008,Jalal-Abad,Female,,KG03,0.05606
2009,Jalal-Abad,Female,,KG03,0.047336
2010,Jalal-Abad,Female,,KG03,0.058324
2011,Jalal-Abad,Female,,KG03,0.036397
2012,Jalal-Abad,Female,,KG03,0.095921
2013,Jalal-Abad,Female,,KG03,0.051601
2014,Jalal-Abad,Female,,KG03,0.065024
2015,Jalal-Abad,Female,,KG03,0.081428
2016,Jalal-Abad,Female,,KG03,0.043401
2017,Jalal-Abad,Female,,KG03,0.107411
2018,Jalal-Abad,Female,,KG03,0.061918
2019,Jalal-Abad,Female,,KG03,0.1
2020,Jalal-Abad,Female,,KG03,0.0
2021,Jalal-Abad,Female,,KG03,0.102963
2022,Jalal-Abad,Female,,KG03,0.078942
2023,Jalal-Abad,Female,,KG03,0.105114
2007,Jalal-Abad,Male,,KG03,0.0506
2008,Jalal-Abad,Male,,KG03,0.084012
2009,Jalal-Abad,Male,,KG03,0.072852
2010,Jalal-Abad,Male,,KG03,0.06014
2011,Jalal-Abad,Male,,KG03,0.061143
2012,Jalal-Abad,Male,,KG03,0.086195
2013,Jalal-Abad,Male,,KG03,0.042181
2014,Jalal-Abad,Male,,KG03,0.078984
2015,Jalal-Abad,Male,,KG03,0.084292
2016,Jalal-Abad,Male,,KG03,0.084261
2017,Jalal-Abad,Male,,KG03,0.097808
2018,Jalal-Abad,Male,,KG03,0.06117
2019,Jalal-Abad,Male,,KG03,0.0
2020,Jalal-Abad,Male,,KG03,0.0
2021,Jalal-Abad,Male,,KG03,0.071859
2022,Jalal-Abad,Male,,KG03,0.100984
2023,Jalal-Abad,Male,,KG03,0.073019
2007,Issyk-Kul,,,KG02,0.004608
2008,Issyk-Kul,,,KG02,0.027501
2009,Issyk-Kul,,,KG02,0.027305
2010,Issyk-Kul,,,KG02,0.018062
2011,Issyk-Kul,,,KG02,0.053783
2012,Issyk-Kul,,,KG02,0.031064
2013,Issyk-Kul,,,KG02,0.028512
2014,Issyk-Kul,,,KG02,0.062882
2015,Issyk-Kul,,,KG02,0.066387
2016,Issyk-Kul,,,KG02,0.082386
2017,Issyk-Kul,,,KG02,0.087531
2018,Issyk-Kul,,,KG02,0.057572
2019,Issyk-Kul,,,KG02,0.1
2020,Issyk-Kul,,,KG02,0.0
2021,Issyk-Kul,,,KG02,0.107161
2022,Issyk-Kul,,,KG02,0.09701
2023,Issyk-Kul,,,KG02,0.13486
2007,Issyk-Kul,Female,,KG02,0.0
2008,Issyk-Kul,Female,,KG02,0.02262
2009,Issyk-Kul,Female,,KG02,0.013497
2010,Issyk-Kul,Female,,KG02,0.0
2011,Issyk-Kul,Female,,KG02,0.035537
2012,Issyk-Kul,Female,,KG02,0.026411
2013,Issyk-Kul,Female,,KG02,0.026123
2014,Issyk-Kul,Female,,KG02,0.064607
2015,Issyk-Kul,Female,,KG02,0.046817
2016,Issyk-Kul,Female,,KG02,0.07142
2017,Issyk-Kul,Female,,KG02,0.058072
2018,Issyk-Kul,Female,,KG02,0.020472
2019,Issyk-Kul,Female,,KG02,0.1
2020,Issyk-Kul,Female,,KG02,0.1
2021,Issyk-Kul,Female,,KG02,0.079035
2022,Issyk-Kul,Female,,KG02,0.126578
2023,Issyk-Kul,Female,,KG02,0.107068
2007,Issyk-Kul,Male,,KG02,0.009349
2008,Issyk-Kul,Male,,KG02,0.032512
2009,Issyk-Kul,Male,,KG02,0.041436
2010,Issyk-Kul,Male,,KG02,0.036491
2011,Issyk-Kul,Male,,KG02,0.072359
2012,Issyk-Kul,Male,,KG02,0.035794
2013,Issyk-Kul,Male,,KG02,0.030939
2014,Issyk-Kul,Male,,KG02,0.061134
2015,Issyk-Kul,Male,,KG02,0.086207
2016,Issyk-Kul,Male,,KG02,0.093477
2017,Issyk-Kul,Male,,KG02,0.117277
2018,Issyk-Kul,Male,,KG02,0.094996
2019,Issyk-Kul,Male,,KG02,0.1
2020,Issyk-Kul,Male,,KG02,0.0
2021,Issyk-Kul,Male,,KG02,0.135531
2022,Issyk-Kul,Male,,KG02,0.067311
2023,Issyk-Kul,Male,,KG02,0.2
2007,Naryn,,,KG04,0.0
2008,Naryn,,,KG04,0.003889
2009,Naryn,,,KG04,0.007743
2010,Naryn,,,KG04,0.02301
2011,Naryn,,,KG04,0.094871
2012,Naryn,,,KG04,0.045026
2013,Naryn,,,KG04,0.040785
2014,Naryn,,,KG04,0.087939
2015,Naryn,,,KG04,0.072443
2016,Naryn,,,KG04,0.089502
2017,Naryn,,,KG04,0.123926
2018,Naryn,,,KG04,0.021019
2019,Naryn,,,KG04,0.1
2020,Naryn,,,KG04,0.0
2021,Naryn,,,KG04,0.064796
2022,Naryn,,,KG04,0.126183
2023,Naryn,,,KG04,0.081848
2007,Naryn,Female,,KG04,0.0
2008,Naryn,Female,,KG04,0.0
2009,Naryn,Female,,KG04,0.007654
2010,Naryn,Female,,KG04,0.03787
2011,Naryn,Female,,KG04,0.149779
2012,Naryn,Female,,KG04,0.059173
2013,Naryn,Female,,KG04,0.043827
2014,Naryn,Female,,KG04,0.129979
2015,Naryn,Female,,KG04,0.107097
2016,Naryn,Female,,KG04,0.112825
2017,Naryn,Female,,KG04,0.139296
2018,Naryn,Female,,KG04,0.006884
2019,Naryn,Female,,KG04,0.0
2020,Naryn,Female,,KG04,0.0
2021,Naryn,Female,,KG04,0.076438
2022,Naryn,Female,,KG04,0.157673
2023,Naryn,Female,,KG04,0.095644
2007,Naryn,Male,,KG04,0.0
2008,Naryn,Male,,KG04,0.007702
2009,Naryn,Male,,KG04,0.007654
2010,Naryn,Male,,KG04,0.03787
2011,Naryn,Male,,KG04,0.149779
2012,Naryn,Male,,KG04,0.059173
2013,Naryn,Male,,KG04,0.043827
2014,Naryn,Male,,KG04,0.129979
2015,Naryn,Male,,KG04,0.107097
2016,Naryn,Male,,KG04,0.112825
2017,Naryn,Male,,KG04,0.139296
2018,Naryn,Male,,KG04,0.006884
2019,Naryn,Male,,KG04,0.1
2020,Naryn,Male,,KG04,0.0
2021,Naryn,Male,,KG04,0.053577
2022,Naryn,Male,,KG04,0.083782
2023,Naryn,Male,,KG04,0.058688
2007,Osh,,,KG06,0.095398
2008,Osh,,,KG06,0.118959
2009,Osh,,,KG06,0.10997
2010,Osh,,,KG06,0.090726
2011,Osh,,,KG06,0.087779
2012,Osh,,,KG06,0.17151
2013,Osh,,,KG06,0.061526
2014,Osh,,,KG06,0.077427
2015,Osh,,,KG06,0.078784
2016,Osh,,,KG06,0.078524
2017,Osh,,,KG06,0.080728
2018,Osh,,,KG06,0.068532
2019,Osh,,,KG06,0.1
2020,Osh,,,KG06,0.0
2021,Osh,,,KG06,0.054163
2022,Osh,,,KG06,0.08979
2023,Osh,,,KG06,0.091519
2007,Osh,Female,,KG06,0.069082
2008,Osh,Female,,KG06,0.12175
2009,Osh,Female,,KG06,0.107225
2010,Osh,Female,,KG06,0.0932
2011,Osh,Female,,KG06,0.090158
2012,Osh,Female,,KG06,0.151048
2013,Osh,Female,,KG06,0.064548
2014,Osh,Female,,KG06,0.073072
2015,Osh,Female,,KG06,0.077833
2016,Osh,Female,,KG06,0.085588
2017,Osh,Female,,KG06,0.085417
2018,Osh,Female,,KG06,0.057837
2019,Osh,Female,,KG06,0.1
2020,Osh,Female,,KG06,0.0
2021,Osh,Female,,KG06,0.064872
2022,Osh,Female,,KG06,0.115435
2023,Osh,Female,,KG06,0.113052
2007,Osh,Male,,KG06,0.121304
2008,Osh,Male,,KG06,0.116212
2009,Osh,Male,,KG06,0.112672
2010,Osh,Male,,KG06,0.088289
2011,Osh,Male,,KG06,0.085433
2012,Osh,Male,,KG06,0.19168
2013,Osh,Male,,KG06,0.058549
2014,Osh,Male,,KG06,0.081713
2015,Osh,Male,,KG06,0.07972
2016,Osh,Male,,KG06,0.071589
2017,Osh,Male,,KG06,0.07613
2018,Osh,Male,,KG06,0.079006
2019,Osh,Male,,KG06,0.1
2020,Osh,Male,,KG06,0.0
2021,Osh,Male,,KG06,0.043693
2022,Osh,Male,,KG06,0.064489
2023,Osh,Male,,KG06,0.069664
2007,Talas,,,KG07,0.013474
2008,Talas,,,KG07,0.017775
2009,Talas,,,KG07,0.03075
2010,Talas,,,KG07,0.021701
2011,Talas,,,KG07,0.042815
2012,Talas,,,KG07,0.067397
2013,Talas,,,KG07,0.045567
2014,Talas,,,KG07,0.048927
2015,Talas,,,KG07,0.056171
2016,Talas,,,KG07,0.055292
2017,Talas,,,KG07,0.058354
2018,Talas,,,KG07,0.057429
2019,Talas,,,KG07,0.0
2020,Talas,,,KG07,0.0
2021,Talas,,,KG07,0.051374
2022,Talas,,,KG07,0.077235
2023,Talas,,,KG07,0.072646
2007,Talas,Female,,KG07,0.00898
2008,Talas,Female,,KG07,0.008892
2009,Talas,Female,,KG07,0.017601
2010,Talas,Female,,KG07,0.008705
2011,Talas,Female,,KG07,0.017203
2012,Talas,Female,,KG07,0.067802
2013,Talas,Female,,KG07,0.05005
2014,Talas,Female,,KG07,0.041101
2015,Talas,Female,,KG07,0.04859
2016,Talas,Female,,KG07,0.04787
2017,Talas,Female,,KG07,0.055043
2018,Talas,Female,,KG07,0.046446
2019,Talas,Female,,KG07,0.0
2020,Talas,Female,,KG07,0.0
2021,Talas,Female,,KG07,0.029662
2022,Talas,Female,,KG07,0.133583
2023,Talas,Female,,KG07,0.071977
2007,Talas,Male,,KG07,0.017969
2008,Talas,Male,,KG07,0.026647
2009,Talas,Male,,KG07,0.043856
2010,Talas,Male,,KG07,0.034625
2011,Talas,Male,,KG07,0.068199
2012,Talas,Male,,KG07,0.066997
2013,Talas,Male,,KG07,0.041144
2014,Talas,Male,,KG07,0.056629
2015,Talas,Male,,KG07,0.063615
2016,Talas,Male,,KG07,0.062567
2017,Talas,Male,,KG07,0.061597
2018,Talas,Male,,KG07,0.068177
2019,Talas,Male,,KG07,0.0
2020,Talas,Male,,KG07,0.0
2021,Talas,Male,,KG07,0.072642
2022,Talas,Male,,KG07,0.021874
2023,Talas,Male,,KG07,0.073328
2007,Chui,,,KG08,0.120044
2008,Chui,,,KG08,0.211756
2009,Chui,,,KG08,0.316925
2010,Chui,,,KG08,0.2465
2011,Chui,,,KG08,0.251674
2012,Chui,,,KG08,0.245707
2013,Chui,,,KG08,0.185606
2014,Chui,,,KG08,0.222782
2015,Chui,,,KG08,0.188909
2016,Chui,,,KG08,0.293505
2017,Chui,,,KG08,0.306622
2018,Chui,,,KG08,0.235178
2019,Chui,,,KG08,0.2
2020,Chui,,,KG08,0.1
2021,Chui,,,KG08,0.137726
2022,Chui,,,KG08,0.138492
2023,Chui,,,KG08,0.116922
2007,Chui,Female,,KG08,0.044667
2008,Chui,Female,,KG08,0.078746
2009,Chui,Female,,KG08,0.083016
2010,Chui,Female,,KG08,0.084797
2011,Chui,Female,,KG08,0.105742
2012,Chui,Female,,KG08,0.208662
2013,Chui,Female,,KG08,0.139698
2014,Chui,Female,,KG08,0.157694
2015,Chui,Female,,KG08,0.186081
2016,Chui,Female,,KG08,0.224264
2017,Chui,Female,,KG08,0.224326
2018,Chui,Female,,KG08,0.1777
2019,Chui,Female,,KG08,0.2
2020,Chui,Female,,KG08,0.2
2021,Chui,Female,,KG08,0.156686
2022,Chui,Female,,KG08,0.155417
2023,Chui,Female,,KG08,0.092204
2007,Chui,Male,,KG08,0.198252
2008,Chui,Male,,KG08,0.349739
2009,Chui,Male,,KG08,0.559424
2010,Chui,Male,,KG08,0.413939
2011,Chui,Male,,KG08,0.402572
2012,Chui,Male,,KG08,0.28395
2013,Chui,Male,,KG08,0.232961
2014,Chui,Male,,KG08,0.289906
2015,Chui,Male,,KG08,0.191824
2016,Chui,Male,,KG08,0.364877
2017,Chui,Male,,KG08,0.391491
2018,Chui,Male,,KG08,0.294436
2019,Chui,Male,,KG08,0.3
2020,Chui,Male,,KG08,0.1
2021,Chui,Male,,KG08,0.11816
2022,Chui,Male,,KG08,0.121353
2023,Chui,Male,,KG08,0.141957
2007,Bishkek (city),,,KG11,0.055035
2008,Bishkek (city),,,KG11,0.080992
2009,Bishkek (city),,,KG11,0.09173
2010,Bishkek (city),,,KG11,0.106677
2011,Bishkek (city),,,KG11,0.123418
2012,Bishkek (city),,,KG11,0.088198
2013,Bishkek (city),,,KG11,0.106075
2014,Bishkek (city),,,KG11,0.097148
2015,Bishkek (city),,,KG11,0.12239
2016,Bishkek (city),,,KG11,0.133088
2017,Bishkek (city),,,KG11,0.130155
2018,Bishkek (city),,,KG11,0.312507
2019,Bishkek (city),,,KG11,0.3
2020,Bishkek (city),,,KG11,0.3
2021,Bishkek (city),,,KG11,0.334174
2022,Bishkek (city),,,KG11,0.430488
2023,Bishkek (city),,,KG11,0.393136
2007,Bishkek (city),Female,,KG11,0.029708
2008,Bishkek (city),Female,,KG11,0.054108
2009,Bishkek (city),Female,,KG11,0.037758
2010,Bishkek (city),Female,,KG11,0.045935
2011,Bishkek (city),Female,,KG11,0.051685
2012,Bishkek (city),Female,,KG11,0.040147
2013,Bishkek (city),Female,,KG11,0.049603
2014,Bishkek (city),Female,,KG11,0.086917
2015,Bishkek (city),Female,,KG11,0.085076
2016,Bishkek (city),Female,,KG11,0.096837
2017,Bishkek (city),Female,,KG11,0.081494
2018,Bishkek (city),Female,,KG11,0.192747
2019,Bishkek (city),Female,,KG11,0.3
2020,Bishkek (city),Female,,KG11,0.4
2021,Bishkek (city),Female,,KG11,0.411392
2022,Bishkek (city),Female,,KG11,0.495549
2023,Bishkek (city),Female,,KG11,0.260996
2007,Bishkek (city),Male,,KG11,0.084195
2008,Bishkek (city),Male,,KG11,0.112071
2009,Bishkek (city),Male,,KG11,0.15417
2010,Bishkek (city),Male,,KG11,0.176827
2011,Bishkek (city),Male,,KG11,0.206149
2012,Bishkek (city),Male,,KG11,0.143512
2013,Bishkek (city),Male,,KG11,0.17095
2014,Bishkek (city),Male,,KG11,0.108873
2015,Bishkek (city),Male,,KG11,0.165022
2016,Bishkek (city),Male,,KG11,0.174411
2017,Bishkek (city),Male,,KG11,0.185553
2018,Bishkek (city),Male,,KG11,0.4486
2019,Bishkek (city),Male,,KG11,0.5
2020,Bishkek (city),Male,,KG11,0.2
2021,Bishkek (city),Male,,KG11,0.246977
2022,Bishkek (city),Male,,KG11,0.351938
2023,Bishkek (city),Male,,KG11,0.6
2007,Osh (city),,,KG21,0.34344
2008,Osh (city),,,KG21,0.244722
2009,Osh (city),,,KG21,0.495299
2010,Osh (city),,,KG21,0.295259
2011,Osh (city),,,KG21,0.23457
2012,Osh (city),,,KG21,0.255731
2013,Osh (city),,,KG21,0.190275
2014,Osh (city),,,KG21,0.212932
2015,Osh (city),,,KG21,0.150194
2016,Osh (city),,,KG21,0.190109
2017,Osh (city),,,KG21,0.150703
2018,Osh (city),,,KG21,0.166617
2019,Osh (city),,,KG21,0.2
2020,Osh (city),,,KG21,0.2
2021,Osh (city),,,KG21,0.167736
2022,Osh (city),,,KG21,0.210763
2023,Osh (city),,,KG21,0.19509
2007,Osh (city),Female,,KG21,0.127494
2008,Osh (city),Female,,KG21,0.119412
2009,Osh (city),Female,,KG21,0.260529
2010,Osh (city),Female,,KG21,0.179244
2011,Osh (city),Female,,KG21,0.165104
2012,Osh (city),Female,,KG21,0.208416
2013,Osh (city),Female,,KG21,0.190447
2014,Osh (city),Female,,KG21,0.230489
2015,Osh (city),Female,,KG21,0.120243
2016,Osh (city),Female,,KG21,0.187213
2017,Osh (city),Female,,KG21,0.14241
2018,Osh (city),Female,,KG21,0.151575
2019,Osh (city),Female,,KG21,0.1
2020,Osh (city),Female,,KG21,0.2
2021,Osh (city),Female,,KG21,0.195992
2022,Osh (city),Female,,KG21,0.25906
2023,Osh (city),Female,,KG21,0.168765
2007,Osh (city),Male,,KG21,0.577748
2008,Osh (city),Male,,KG21,0.380736
2009,Osh (city),Male,,KG21,0.749468
2010,Osh (city),Male,,KG21,0.421036
2011,Osh (city),Male,,KG21,0.310108
2012,Osh (city),Male,,KG21,0.307103
2013,Osh (city),Male,,KG21,0.19009
2014,Osh (city),Male,,KG21,0.194015
2015,Osh (city),Male,,KG21,0.182369
2016,Osh (city),Male,,KG21,0.193214
2017,Osh (city),Male,,KG21,0.159574
2018,Osh (city),Male,,KG21,0.182651
2019,Osh (city),Male,,KG21,0.2
2020,Osh (city),Male,,KG21,0.1
2021,Osh (city),Male,,KG21,0.137912
2022,Osh (city),Male,,KG21,0.164704
2023,Osh (city),Male,,KG21,0.220225
2007,,,under 14 years old,,0.028575
2008,,,under 14 years old,,0.060681
2009,,,under 14 years old,,0.030757
2010,,,under 14 years old,,0.026761
2011,,,under 14 years old,,0.034624
2012,,,under 14 years old,,0.091373
2013,,,under 14 years old,,0.01358
2014,,,under 14 years old,,0.019784
2015,,,under 14 years old,,0.016499
2016,,,under 14 years old,,0.0165
2017,,,under 14 years old,,0.015035
2018,,,under 14 years old,,0.016559
2019,,,under 14 years old,,0.013237
2020,,,under 14 years old,,0.0
2021,,,under 14 years old,,0.0
2022,,,under 14 years old,,0.0
2023,,,under 14 years old,,0.0
2007,,,15 to 24 years old,,0.11669
2008,,,15 to 24 years old,,0.148212
2009,,,15 to 24 years old,,0.214585
2010,,,15 to 24 years old,,0.174198
2011,,,15 to 24 years old,,0.177296
2012,,,15 to 24 years old,,0.178004
2013,,,15 to 24 years old,,0.14731
2014,,,15 to 24 years old,,0.173101
2015,,,15 to 24 years old,,0.165554
2016,,,15 to 24 years old,,0.199817
2017,,,15 to 24 years old,,0.220635
2018,,,15 to 24 years old,,0.216018
2019,,,15 to 24 years old,,0.067974
2020,,,15 to 24 years old,,0.1
2021,,,15 to 24 years old,,0.1
2022,,,15 to 24 years old,,0.1
2023,,,15 to 24 years old,,0.1
2007,,,25 years old and over,,0.11669
2008,,,25 years old and over,,0.148212
2009,,,25 years old and over,,0.214585
2010,,,25 years old and over,,0.174198
2011,,,25 years old and over,,0.177296
2012,,,25 years old and over,,0.178004
2013,,,25 years old and over,,0.14731
2014,,,25 years old and over,,0.173101
2015,,,25 years old and over,,0.165554
2016,,,25 years old and over,,0.199817
2017,,,25 years old and over,,0.220635
2018,,,25 years old and over,,0.216018
2019,,,25 years old and over,,0.136237
2020,,,25 years old and over,,0.2
2021,,,25 years old and over,,0.2
2022,,,25 years old and over,,0.2
2023,,,25 years old and over,,0.2
