Year,Reference area,Sex,GeoCode,Value
2007,,,,18.4
2008,,,,19.2
2009,,,,17.6
2010,,,,16.1
2011,,,,16.9
2012,,,,16.5
2013,,,,17.9
2014,,,,15.3
2015,,,,15.6
2016,,,,13.4
2017,,,,13.7
2018,,,,11.0
2019,,,,12.0
2020,,,,9.7
2021,,,,126.0
2007,,Male,,28.089888
2008,,Male,,30.111297
2009,,Male,,27.816464
2010,,Male,,24.728544
2011,,Male,,25.526132
2012,,Male,,25.41241
2013,,Male,,26.876967
2014,,Male,,23.34846
2015,,Male,,23.093357
2016,,Male,,19.889099
2017,,Male,,20.701777
2018,,Male,,16.264311
2019,,Male,,19.290798
2020,,Male,,14.7
2021,,Male,,179.0
2007,,Female,,8.915193
2008,,Female,,8.645319
2009,,Female,,7.555197
2010,,Female,,7.612281
2011,,Female,,8.524355
2012,,Female,,7.824616
2013,,Female,,9.127999
2014,,Female,,7.324268
2015,,Female,,8.2771
2016,,Female,,6.942407
2017,,Female,,6.909126
2018,,Female,,5.804104
2019,,Female,,4.826463
2020,,Female,,4.8
2021,,Female,,73.0
2007,Batken,,KG05,8.3
2008,Batken,,KG05,13.7
2009,Batken,,KG05,15.8
2010,Batken,,KG05,13.03155
2011,Batken,,KG05,12.587098
2012,Batken,,KG05,12.780961
2013,Batken,,KG05,14.645703
2014,Batken,,KG05,11.994949
2015,Batken,,KG05,15.824085
2016,Batken,,KG05,11.041959
2017,Batken,,KG05,13.569322
2018,Batken,,KG05,9.048903
2019,Batken,,KG05,10.165663
2020,Batken,,KG05,10.7
2021,Batken,,KG05,126.0
2007,Batken,Male,KG05,11.676787
2008,Batken,Male,KG05,21.759259
2009,Batken,Male,KG05,23.744292
2010,Batken,Male,KG05,21.1426
2011,Batken,Male,KG05,18.600531
2012,Batken,Male,KG05,19.097222
2013,Batken,Male,KG05,22.467147
2014,Batken,Male,KG05,19.453642
2015,Batken,Male,KG05,25.050505
2016,Batken,Male,KG05,16.969219
2017,Batken,Male,KG05,20.865533
2018,Batken,Male,KG05,14.36673
2019,Batken,Male,KG05,17.36881
2020,Batken,Male,KG05,17.7
2021,Batken,Male,KG05,195.0
2007,Batken,Female,KG05,4.828585
2008,Batken,Female,KG05,5.270724
2009,Batken,Female,KG05,7.56859
2010,Batken,Female,KG05,4.649
2011,Batken,Female,KG05,6.389776
2012,Batken,Female,KG05,6.266786
2013,Batken,Female,KG05,6.567426
2014,Batken,Female,KG05,4.280822
2015,Batken,Female,KG05,6.273526
2016,Batken,Female,KG05,4.903964
2017,Batken,Female,KG05,6.007209
2018,Batken,Female,KG05,3.530796
2019,Batken,Female,KG05,2.686109
2020,Batken,Female,KG05,3.4
2021,Batken,Female,KG05,55.0
2007,Jalal-Abad,,KG03,13.2
2008,Jalal-Abad,,KG03,16.7
2009,Jalal-Abad,,KG03,16.5
2010,Jalal-Abad,,KG03,12.913875
2011,Jalal-Abad,,KG03,15.209489
2012,Jalal-Abad,,KG03,17.456593
2013,Jalal-Abad,,KG03,14.613971
2014,Jalal-Abad,,KG03,11.793302
2015,Jalal-Abad,,KG03,12.693935
2016,Jalal-Abad,,KG03,11.05736
2017,Jalal-Abad,,KG03,8.646266
2018,Jalal-Abad,,KG03,7.900208
2019,Jalal-Abad,,KG03,8.641774
2020,Jalal-Abad,,KG03,6.2
2021,Jalal-Abad,,KG03,103.0
2007,Jalal-Abad,Male,KG03,21.453147
2008,Jalal-Abad,Male,KG03,27.6
2009,Jalal-Abad,Male,KG03,25.989368
2010,Jalal-Abad,Male,KG03,19.592629
2011,Jalal-Abad,Male,KG03,23.118074
2012,Jalal-Abad,Male,KG03,25.857223
2013,Jalal-Abad,Male,KG03,21.272694
2014,Jalal-Abad,Male,KG03,18.847604
2015,Jalal-Abad,Male,KG03,18.437226
2016,Jalal-Abad,Male,KG03,16.678129
2017,Jalal-Abad,Male,KG03,12.814028
2018,Jalal-Abad,Male,KG03,10.745578
2019,Jalal-Abad,Male,KG03,13.933895
2020,Jalal-Abad,Male,KG03,8.4
2021,Jalal-Abad,Male,KG03,123.0
2007,Jalal-Abad,Female,KG03,4.859283
2008,Jalal-Abad,Female,KG03,5.805806
2009,Jalal-Abad,Female,KG03,6.901992
2010,Jalal-Abad,Female,KG03,6.22084
2011,Jalal-Abad,Female,KG03,7.279693
2012,Jalal-Abad,Female,KG03,9.02595
2013,Jalal-Abad,Female,KG03,7.923346
2014,Jalal-Abad,Female,KG03,4.695684
2015,Jalal-Abad,Female,KG03,6.903877
2016,Jalal-Abad,Female,KG03,5.381944
2017,Jalal-Abad,Female,KG03,4.432322
2018,Jalal-Abad,Female,KG03,5.02008
2019,Jalal-Abad,Female,KG03,3.281917
2020,Jalal-Abad,Female,KG03,3.9
2021,Jalal-Abad,Female,KG03,82.0
2007,Issyk-Kul,,KG02,32.5
2008,Issyk-Kul,,KG02,29.3
2009,Issyk-Kul,,KG02,23.2
2010,Issyk-Kul,,KG02,27.319937
2011,Issyk-Kul,,KG02,32.489357
2012,Issyk-Kul,,KG02,26.62525
2013,Issyk-Kul,,KG02,35.307018
2014,Issyk-Kul,,KG02,23.850824
2015,Issyk-Kul,,KG02,27.837259
2016,Issyk-Kul,,KG02,22.813688
2017,Issyk-Kul,,KG02,25.838716
2018,Issyk-Kul,,KG02,18.503289
2019,Issyk-Kul,,KG02,19.476567
2020,Issyk-Kul,,KG02,17.2
2021,Issyk-Kul,,KG02,248.0
2007,Issyk-Kul,Male,KG02,53.295933
2008,Issyk-Kul,Male,KG02,44.588946
2009,Issyk-Kul,Male,KG02,39.576622
2010,Issyk-Kul,Male,KG02,43.79562
2011,Issyk-Kul,Male,KG02,47.468354
2012,Issyk-Kul,Male,KG02,39.373602
2013,Issyk-Kul,Male,KG02,51.701281
2014,Issyk-Kul,Male,KG02,35.371179
2015,Issyk-Kul,Male,KG02,42.672414
2016,Issyk-Kul,Male,KG02,36.53356
2017,Issyk-Kul,Male,KG02,41.457286
2018,Issyk-Kul,Male,KG02,29.727498
2019,Issyk-Kul,Male,KG02,32.179226
2020,Issyk-Kul,Male,KG02,25.4
2021,Issyk-Kul,Male,KG02,331.0
2007,Issyk-Kul,Female,KG02,12.26158
2008,Issyk-Kul,Female,KG02,14.473089
2009,Issyk-Kul,Female,KG02,7.20072
2010,Issyk-Kul,Female,KG02,11.175682
2011,Issyk-Kul,Female,KG02,17.76988
2012,Issyk-Kul,Female,KG02,14.084507
2013,Issyk-Kul,Female,KG02,19.15542
2014,Issyk-Kul,Female,KG02,12.489233
2015,Issyk-Kul,Female,KG02,13.191489
2016,Issyk-Kul,Female,KG02,9.243697
2017,Issyk-Kul,Female,KG02,10.369141
2018,Issyk-Kul,Female,KG02,7.371007
2019,Issyk-Kul,Female,KG02,6.871463
2020,Issyk-Kul,Female,KG02,9.2
2021,Issyk-Kul,Female,KG02,166.0
2007,Naryn,,KG04,29.2
2008,Naryn,,KG04,26.4
2009,Naryn,,KG04,28.3
2010,Naryn,,KG04,27.617952
2011,Naryn,,KG04,26.93475
2012,Naryn,,KG04,27.016886
2013,Naryn,,KG04,24.842418
2014,Naryn,,KG04,28.937729
2015,Naryn,,KG04,30.785947
2016,Naryn,,KG04,19.685039
2017,Naryn,,KG04,26.548673
2018,Naryn,,KG04,24.877365
2019,Naryn,,KG04,23.586542
2020,Naryn,,KG04,16.5
2021,Naryn,,KG04,239.0
2007,Naryn,Male,KG04,43.947571
2008,Naryn,Male,KG04,43.879908
2009,Naryn,Male,KG04,43.644717
2010,Naryn,Male,KG04,43.939394
2011,Naryn,Male,KG04,39.670659
2012,Naryn,Male,KG04,45.857988
2013,Naryn,Male,KG04,37.98393
2014,Naryn,Male,KG04,40.433213
2015,Naryn,Male,KG04,42.112777
2016,Naryn,Male,KG04,30.324401
2017,Naryn,Male,KG04,36.211699
2018,Naryn,Male,KG04,37.190083
2019,Naryn,Male,KG04,41.581459
2020,Naryn,Male,KG04,20.9
2021,Naryn,Male,KG04,295.0
2007,Naryn,Female,KG04,14.128728
2008,Naryn,Female,KG04,8.647799
2009,Naryn,Female,KG04,12.529366
2010,Naryn,Female,KG04,10.878011
2011,Naryn,Female,KG04,13.846154
2012,Naryn,Female,KG04,7.616146
2013,Naryn,Female,KG04,11.295181
2014,Naryn,Female,KG04,17.100372
2015,Naryn,Female,KG04,19.117647
2016,Naryn,Female,KG04,8.72093
2017,Naryn,Female,KG04,16.558675
2018,Naryn,Female,KG04,12.125535
2019,Naryn,Female,KG04,4.943503
2020,Naryn,Female,KG04,11.9
2021,Naryn,Female,KG04,181.0
2007,Osh,,KG06,13.5
2008,Osh,,KG06,15.3
2009,Osh,,KG06,14.5
2010,Osh,,KG06,14.674493
2011,Osh,,KG06,14.745897
2012,Osh,,KG06,14.993537
2013,Osh,,KG06,14.326648
2014,Osh,,KG06,15.484721
2015,Osh,,KG06,12.379421
2016,Osh,,KG06,11.699121
2017,Osh,,KG06,11.761993
2018,Osh,,KG06,9.638554
2019,Osh,,KG06,11.660517
2020,Osh,,KG06,8.8
2021,Osh,,KG06,96.0
2007,Osh,Male,KG06,20.213157
2008,Osh,Male,KG06,25.42219
2009,Osh,Male,KG06,22.174535
2010,Osh,Male,KG06,22.245763
2011,Osh,Male,KG06,23.709902
2012,Osh,Male,KG06,23.442847
2013,Osh,Male,KG06,23.084644
2014,Osh,Male,KG06,24.677235
2015,Osh,Male,KG06,17.697704
2016,Osh,Male,KG06,17.74043
2017,Osh,Male,KG06,16.291108
2018,Osh,Male,KG06,14.309137
2019,Osh,Male,KG06,19.562044
2020,Osh,Male,KG06,14.0
2021,Osh,Male,KG06,148.0
2007,Osh,Female,KG06,6.721434
2008,Osh,Female,KG06,4.979712
2009,Osh,Female,KG06,6.723605
2010,Osh,Female,KG06,6.989247
2011,Osh,Female,KG06,5.656709
2012,Osh,Female,KG06,6.422496
2013,Osh,Female,KG06,5.434783
2014,Osh,Female,KG06,6.144138
2015,Osh,Female,KG06,6.971466
2016,Osh,Female,KG06,5.546751
2017,Osh,Female,KG06,7.142857
2018,Osh,Female,KG06,4.869883
2019,Osh,Female,KG06,3.58209
2020,Osh,Female,KG06,3.4
2021,Osh,Female,KG06,43.0
2007,Talas,,KG07,15.3
2008,Talas,,KG07,17.3
2009,Talas,,KG07,16.7
2010,Talas,,KG07,19.097222
2011,Talas,,KG07,24.400685
2012,Talas,,KG07,25.273799
2013,Talas,,KG07,23.198012
2014,Talas,,KG07,21.606196
2015,Talas,,KG07,16.044926
2016,Talas,,KG07,17.377567
2017,Talas,,KG07,15.564202
2018,Talas,,KG07,20.290965
2019,Talas,,KG07,13.187641
2020,Talas,,KG07,12.6
2021,Talas,,KG07,121.0
2007,Talas,Male,KG07,21.563342
2008,Talas,Male,KG07,26.642984
2009,Talas,Male,KG07,25.438596
2010,Talas,Male,KG07,29.437229
2011,Talas,Male,KG07,38.363171
2012,Talas,Male,KG07,41.038526
2013,Talas,Male,KG07,35.390947
2014,Talas,Male,KG07,36.407767
2015,Talas,Male,KG07,23.847377
2016,Talas,Male,KG07,26.583268
2017,Talas,Male,KG07,27.734977
2018,Talas,Male,KG07,29.545455
2019,Talas,Male,KG07,20.119225
2020,Talas,Male,KG07,20.6
2021,Talas,Male,KG07,182.0
2007,Talas,Female,KG07,8.976661
2008,Talas,Female,KG07,8.007117
2009,Talas,Female,KG07,7.922535
2010,Talas,Female,KG07,8.70322
2011,Talas,Female,KG07,10.318143
2012,Talas,Female,KG07,9.322034
2013,Talas,Female,KG07,10.842369
2014,Talas,Female,KG07,6.573541
2015,Talas,Female,KG07,8.097166
2016,Talas,Female,KG07,7.980846
2017,Talas,Female,KG07,3.144654
2018,Talas,Female,KG07,10.835913
2019,Talas,Female,KG07,6.097561
2020,Talas,Female,KG07,4.5
2021,Talas,Female,KG07,59.0
2007,Chui,,KG08,31.0
2008,Chui,,KG08,28.1
2009,Chui,,KG08,23.2
2010,Chui,,KG08,19.714145
2011,Chui,,KG08,20.031758
2012,Chui,,KG08,18.904275
2013,Chui,,KG08,24.468085
2014,Chui,,KG08,19.953596
2015,Chui,,KG08,20.480146
2016,Chui,,KG08,18.185875
2017,Chui,,KG08,19.923372
2018,Chui,,KG08,14.816405
2019,Chui,,KG08,15.255129
2020,Chui,,KG08,13.3
2021,Chui,,KG08,173.0
2007,Chui,Male,KG08,46.846847
2008,Chui,Male,KG08,43.123246
2009,Chui,Male,KG08,38.957754
2010,Chui,Male,KG08,29.588766
2011,Chui,Male,KG08,29.813665
2012,Chui,Male,KG08,29.116712
2013,Chui,Male,KG08,36.014406
2014,Chui,Male,KG08,29.688973
2015,Chui,Male,KG08,30.036969
2016,Chui,Male,KG08,26.959674
2017,Chui,Male,KG08,29.124055
2018,Chui,Male,KG08,20.71522
2019,Chui,Male,KG08,22.426314
2020,Chui,Male,KG08,21.0
2021,Chui,Male,KG08,276.0
2007,Chui,Female,KG08,15.632754
2008,Chui,Female,KG08,13.533465
2009,Chui,Female,KG08,8.056641
2010,Chui,Female,KG08,10.174419
2011,Chui,Female,KG08,10.57184
2012,Chui,Female,KG08,9.009009
2013,Chui,Female,KG08,13.271246
2014,Chui,Female,KG08,10.511883
2015,Chui,Female,KG08,11.208249
2016,Chui,Female,KG08,9.672455
2017,Chui,Female,KG08,10.99849
2018,Chui,Female,KG08,9.094755
2019,Chui,Female,KG08,8.293593
2020,Chui,Female,KG08,5.9
2021,Chui,Female,KG08,74.0
2007,Bishkek (city),,KG11,14.4
2008,Bishkek (city),,KG11,15.6
2009,Bishkek (city),,KG11,13.0
2010,Bishkek (city),,KG11,10.080881
2011,Bishkek (city),,KG11,9.226156
2012,Bishkek (city),,KG11,8.366309
2013,Bishkek (city),,KG11,11.490443
2014,Bishkek (city),,KG11,7.771182
2015,Bishkek (city),,KG11,9.072687
2016,Bishkek (city),,KG11,8.458841
2017,Bishkek (city),,KG11,8.575464
2018,Bishkek (city),,KG11,5.420321
2019,Bishkek (city),,KG11,8.552758
2020,Bishkek (city),,KG11,6.3
2021,Bishkek (city),,KG11,78.0
2007,Bishkek (city),Male,KG11,21.047093
2008,Bishkek (city),Male,KG11,21.892103
2009,Bishkek (city),Male,KG11,19.784173
2010,Bishkek (city),Male,KG11,14.650164
2011,Bishkek (city),Male,KG11,12.416191
2012,Bishkek (city),Male,KG11,11.916342
2013,Bishkek (city),Male,KG11,16.8566
2014,Bishkek (city),Male,KG11,10.655548
2015,Bishkek (city),Male,KG11,13.110307
2016,Bishkek (city),Male,KG11,10.154525
2017,Bishkek (city),Male,KG11,13.805004
2018,Bishkek (city),Male,KG11,7.789474
2019,Bishkek (city),Male,KG11,12.297602
2020,Bishkek (city),Male,KG11,8.8
2021,Bishkek (city),Male,KG11,104.0
2007,Bishkek (city),Female,KG11,8.683729
2008,Bishkek (city),Female,KG11,10.144274
2009,Bishkek (city),Female,KG11,7.106374
2010,Bishkek (city),Female,KG11,6.124234
2011,Bishkek (city),Female,KG11,6.459948
2012,Bishkek (city),Female,KG11,5.282062
2013,Bishkek (city),Female,KG11,6.819591
2014,Bishkek (city),Female,KG11,5.254648
2015,Bishkek (city),Female,KG11,5.53907
2016,Bishkek (city),Female,KG11,6.97134
2017,Bishkek (city),Female,KG11,3.980288
2018,Bishkek (city),Female,KG11,3.335186
2019,Bishkek (city),Female,KG11,5.246969
2020,Bishkek (city),Female,KG11,4.1
2021,Bishkek (city),Female,KG11,56.0
2007,Osh (city),,KG21,17.2
2008,Osh (city),,KG21,16.7
2009,Osh (city),,KG21,15.5
2010,Osh (city),,KG21,14.368932
2011,Osh (city),,KG21,12.900704
2012,Osh (city),,KG21,9.686168
2013,Osh (city),,KG21,12.17656
2014,Osh (city),,KG21,10.45947
2015,Osh (city),,KG21,12.454212
2016,Osh (city),,KG21,10.043042
2017,Osh (city),,KG21,7.708479
2018,Osh (city),,KG21,6.120367
2019,Osh (city),,KG21,7.843137
2020,Osh (city),,KG21,6.0
2021,Osh (city),,KG21,67.0
2007,Osh (city),Male,KG21,26.037429
2008,Osh (city),Male,KG21,23.481781
2009,Osh (city),Male,KG21,22.544283
2010,Osh (city),Male,KG21,21.84466
2011,Osh (city),Male,KG21,18.760196
2012,Osh (city),Male,KG21,14.53958
2013,Osh (city),Male,KG21,15.835313
2014,Osh (city),Male,KG21,13.188518
2015,Osh (city),Male,KG21,20.516717
2016,Osh (city),Male,KG21,12.630015
2017,Osh (city),Male,KG21,12.327774
2018,Osh (city),Male,KG21,9.831461
2019,Osh (city),Male,KG21,12.811868
2020,Osh (city),Male,KG21,8.4
2021,Osh (city),Male,KG21,107.0
2007,Osh (city),Female,KG21,8.995502
2008,Osh (city),Female,KG21,10.447761
2009,Osh (city),Female,KG21,8.928571
2010,Osh (city),Female,KG21,7.46826
2011,Osh (city),Female,KG21,7.507508
2012,Osh (city),Female,KG21,5.212211
2013,Osh (city),Female,KG21,8.791209
2014,Osh (city),Female,KG21,7.925072
2015,Osh (city),Female,KG21,4.950495
2016,Osh (city),Female,KG21,7.628294
2017,Osh (city),Female,KG21,3.389831
2018,Osh (city),Female,KG21,2.636783
2019,Osh (city),Female,KG21,3.170577
2020,Osh (city),Female,KG21,3.7
2021,Osh (city),Female,KG21,30.0
