Year,Reference area,Sex,Age,Degree of urbanisation,Income or wealth quantile,Education level,GeoCode,Value
2018,,,,,,,,8.3
2019,,,,,,,,8.1
2020,,,,,,,,7.6
2018,,Male,,,,,,17.7
2019,,Male,,,,,,17.2
2020,,Male,,,,,,16.0
2018,,Female,,,,,,0.5
2019,,Female,,,,,,0.4
2020,,Female,,,,,,0.5
2018,,,,Urban,,,,6.4
2019,,,,Urban,,,,6.2
2020,,,,Urban,,,,6.2
2018,,,,Rural,,,,9.5
2019,,,,Rural,,,,9.2
2020,,,,Rural,,,,8.5
2018,Batken,,,,,,KG05,10.8
2019,Batken,,,,,,KG05,10.9
2020,Batken,,,,,,KG05,9.8
2018,Jalal-Abad,,,,,,KG03,3.4
2019,Jalal-Abad,,,,,,KG03,4.4
2020,Jalal-Abad,,,,,,KG03,2.8
2018,Issyk-Kul,,,,,,KG02,17.9
2019,Issyk-Kul,,,,,,KG02,17.0
2020,Issyk-Kul,,,,,,KG02,15.7
2018,Naryn,,,,,,KG04,14.7
2019,Naryn,,,,,,KG04,13.8
2020,Naryn,,,,,,KG04,14.2
2018,Osh,,,,,,KG06,6.7
2019,Osh,,,,,,KG06,6.0
2020,Osh,,,,,,KG06,6.2
2018,Talas,,,,,,KG07,13.0
2019,Talas,,,,,,KG07,13.7
2020,Talas,,,,,,KG07,13.5
2018,Chui,,,,,,KG08,12.2
2019,Chui,,,,,,KG08,10.5
2020,Chui,,,,,,KG08,9.4
2018,Bishkek (city),,,,,,KG11,6.2
2019,Bishkek (city),,,,,,KG11,6.3
2020,Bishkek (city),,,,,,KG11,7.3
2018,Osh (city),,,,,,KG21,1.8
2019,Osh (city),,,,,,KG21,1.6
2020,Osh (city),,,,,,KG21,1.3
2018,,,15 to 24 years old,,,,,0.4
2019,,,15 to 24 years old,,,,,0.3
2020,,,15 to 24 years old,,,,,0.4
2018,,,,,,Primary education,,2.8
2019,,,,,,Primary education,,3.4
2020,,,,,,Primary education,,2.8
2018,,,,,,Lower secondary education,,3.5
2019,,,,,,Lower secondary education,,2.9
2020,,,,,,Lower secondary education,,3.8
2018,,,,,,Upper secondary education,,9.8
2019,,,,,,Upper secondary education,,9.3
2020,,,,,,Upper secondary education,,8.8
2018,,,,,,Post-secondary non-tertiary education,,11.7
2019,,,,,,Post-secondary non-tertiary education,,11.8
2020,,,,,,Post-secondary non-tertiary education,,10.8
2018,,,,,,Short-cycle tertiary education,,5.6
2019,,,,,,Short-cycle tertiary education,,5.5
2020,,,,,,Short-cycle tertiary education,,4.9
2018,,,,,Quintile 1 (poorest),,,8.0
2019,,,,,Quintile 1 (poorest),,,8.2
2020,,,,,Quintile 1 (poorest),,,7.9
2018,,,,,Quintile 2,,,7.4
2019,,,,,Quintile 2,,,7.8
2020,,,,,Quintile 2,,,6.9
2018,,,,,Quintile 3,,,8.5
2019,,,,,Quintile 3,,,7.7
2020,,,,,Quintile 3,,,8.0
2018,,,,,Quintile 4,,,8.5
2019,,,,,Quintile 4,,,8.0
2020,,,,,Quintile 4,,,7.2
2018,,,,,Quintile 5 (richest),,,9.6
2019,,,,,Quintile 5 (richest),,,8.8
2020,,,,,Quintile 5 (richest),,,8.1
