Year,SERIES,Reference area,GeoCode,Value
2007,Proportion of the target population with access to 3 doses of diphtheria-tetanus-pertussis (DTP3),,,94.1
2008,Proportion of the target population with access to 3 doses of diphtheria-tetanus-pertussis (DTP3),,,95.3
2009,Proportion of the target population with access to 3 doses of diphtheria-tetanus-pertussis (DTP3),,,95.4
2010,Proportion of the target population with access to 3 doses of diphtheria-tetanus-pertussis (DTP3),,,96.5
2011,Proportion of the target population with access to 3 doses of diphtheria-tetanus-pertussis (DTP3),,,95.1
2012,Proportion of the target population with access to 3 doses of diphtheria-tetanus-pertussis (DTP3),,,96.2
2013,Proportion of the target population with access to 3 doses of diphtheria-tetanus-pertussis (DTP3),,,96.9
2014,Proportion of the target population with access to 3 doses of diphtheria-tetanus-pertussis (DTP3),,,95.8
2015,Proportion of the target population with access to 3 doses of diphtheria-tetanus-pertussis (DTP3),,,96.6
2016,Proportion of the target population with access to 3 doses of diphtheria-tetanus-pertussis (DTP3),,,96.1
2017,Proportion of the target population with access to 3 doses of diphtheria-tetanus-pertussis (DTP3),,,93.4
2018,Proportion of the target population with access to 3 doses of diphtheria-tetanus-pertussis (DTP3),,,94.5
2019,Proportion of the target population with access to 3 doses of diphtheria-tetanus-pertussis (DTP3),,,94.351083
2020,Proportion of the target population with access to 3 doses of diphtheria-tetanus-pertussis (DTP3),,,88.157251
2021,Proportion of the target population with access to 3 doses of diphtheria-tetanus-pertussis (DTP3),,,88.796593
2022,Proportion of the target population with access to 3 doses of diphtheria-tetanus-pertussis (DTP3),,,91.320114
2023,Proportion of the target population with access to 3 doses of diphtheria-tetanus-pertussis (DTP3),,,87.939983
2024,Proportion of the target population with access to 3 doses of diphtheria-tetanus-pertussis (DTP3),,,84.6004
2007,Proportion of the target population with access to 3 doses of diphtheria-tetanus-pertussis (DTP3),Batken,KG05,93.4
2008,Proportion of the target population with access to 3 doses of diphtheria-tetanus-pertussis (DTP3),Batken,KG05,96.8
2009,Proportion of the target population with access to 3 doses of diphtheria-tetanus-pertussis (DTP3),Batken,KG05,95.4
2010,Proportion of the target population with access to 3 doses of diphtheria-tetanus-pertussis (DTP3),Batken,KG05,96.8
2011,Proportion of the target population with access to 3 doses of diphtheria-tetanus-pertussis (DTP3),Batken,KG05,96.7
2012,Proportion of the target population with access to 3 doses of diphtheria-tetanus-pertussis (DTP3),Batken,KG05,98.3
2013,Proportion of the target population with access to 3 doses of diphtheria-tetanus-pertussis (DTP3),Batken,KG05,97.7
2014,Proportion of the target population with access to 3 doses of diphtheria-tetanus-pertussis (DTP3),Batken,KG05,98.9
2015,Proportion of the target population with access to 3 doses of diphtheria-tetanus-pertussis (DTP3),Batken,KG05,98.6
2016,Proportion of the target population with access to 3 doses of diphtheria-tetanus-pertussis (DTP3),Batken,KG05,98.1
2017,Proportion of the target population with access to 3 doses of diphtheria-tetanus-pertussis (DTP3),Batken,KG05,96.7
2018,Proportion of the target population with access to 3 doses of diphtheria-tetanus-pertussis (DTP3),Batken,KG05,96.6
2019,Proportion of the target population with access to 3 doses of diphtheria-tetanus-pertussis (DTP3),Batken,KG05,98.322619
2020,Proportion of the target population with access to 3 doses of diphtheria-tetanus-pertussis (DTP3),Batken,KG05,91.684706
2021,Proportion of the target population with access to 3 doses of diphtheria-tetanus-pertussis (DTP3),Batken,KG05,86.908583
2022,Proportion of the target population with access to 3 doses of diphtheria-tetanus-pertussis (DTP3),Batken,KG05,95.532964
2023,Proportion of the target population with access to 3 doses of diphtheria-tetanus-pertussis (DTP3),Batken,KG05,94.667839
2024,Proportion of the target population with access to 3 doses of diphtheria-tetanus-pertussis (DTP3),Batken,KG05,95.01321
2007,Proportion of the target population with access to 3 doses of diphtheria-tetanus-pertussis (DTP3),Jalal-Abad,KG03,93.6
2008,Proportion of the target population with access to 3 doses of diphtheria-tetanus-pertussis (DTP3),Jalal-Abad,KG03,95.6
2009,Proportion of the target population with access to 3 doses of diphtheria-tetanus-pertussis (DTP3),Jalal-Abad,KG03,95.9
2010,Proportion of the target population with access to 3 doses of diphtheria-tetanus-pertussis (DTP3),Jalal-Abad,KG03,95.9
2011,Proportion of the target population with access to 3 doses of diphtheria-tetanus-pertussis (DTP3),Jalal-Abad,KG03,94.2
2012,Proportion of the target population with access to 3 doses of diphtheria-tetanus-pertussis (DTP3),Jalal-Abad,KG03,95.9
2013,Proportion of the target population with access to 3 doses of diphtheria-tetanus-pertussis (DTP3),Jalal-Abad,KG03,97.8
2014,Proportion of the target population with access to 3 doses of diphtheria-tetanus-pertussis (DTP3),Jalal-Abad,KG03,94.8
2015,Proportion of the target population with access to 3 doses of diphtheria-tetanus-pertussis (DTP3),Jalal-Abad,KG03,96.1
2016,Proportion of the target population with access to 3 doses of diphtheria-tetanus-pertussis (DTP3),Jalal-Abad,KG03,95.8
2017,Proportion of the target population with access to 3 doses of diphtheria-tetanus-pertussis (DTP3),Jalal-Abad,KG03,93.8
2018,Proportion of the target population with access to 3 doses of diphtheria-tetanus-pertussis (DTP3),Jalal-Abad,KG03,96.1
2019,Proportion of the target population with access to 3 doses of diphtheria-tetanus-pertussis (DTP3),Jalal-Abad,KG03,90.174029
2020,Proportion of the target population with access to 3 doses of diphtheria-tetanus-pertussis (DTP3),Jalal-Abad,KG03,87.415504
2021,Proportion of the target population with access to 3 doses of diphtheria-tetanus-pertussis (DTP3),Jalal-Abad,KG03,89.680107
2022,Proportion of the target population with access to 3 doses of diphtheria-tetanus-pertussis (DTP3),Jalal-Abad,KG03,91.979142
2023,Proportion of the target population with access to 3 doses of diphtheria-tetanus-pertussis (DTP3),Jalal-Abad,KG03,89.354638
2024,Proportion of the target population with access to 3 doses of diphtheria-tetanus-pertussis (DTP3),Jalal-Abad,KG03,87.43005
2007,Proportion of the target population with access to 3 doses of diphtheria-tetanus-pertussis (DTP3),Issyk-Kul,KG02,93.9
2008,Proportion of the target population with access to 3 doses of diphtheria-tetanus-pertussis (DTP3),Issyk-Kul,KG02,95.2
2009,Proportion of the target population with access to 3 doses of diphtheria-tetanus-pertussis (DTP3),Issyk-Kul,KG02,95.3
2010,Proportion of the target population with access to 3 doses of diphtheria-tetanus-pertussis (DTP3),Issyk-Kul,KG02,97.2
2011,Proportion of the target population with access to 3 doses of diphtheria-tetanus-pertussis (DTP3),Issyk-Kul,KG02,93.6
2012,Proportion of the target population with access to 3 doses of diphtheria-tetanus-pertussis (DTP3),Issyk-Kul,KG02,96.9
2013,Proportion of the target population with access to 3 doses of diphtheria-tetanus-pertussis (DTP3),Issyk-Kul,KG02,97.3
2014,Proportion of the target population with access to 3 doses of diphtheria-tetanus-pertussis (DTP3),Issyk-Kul,KG02,91.3
2015,Proportion of the target population with access to 3 doses of diphtheria-tetanus-pertussis (DTP3),Issyk-Kul,KG02,98.0
2016,Proportion of the target population with access to 3 doses of diphtheria-tetanus-pertussis (DTP3),Issyk-Kul,KG02,95.9
2017,Proportion of the target population with access to 3 doses of diphtheria-tetanus-pertussis (DTP3),Issyk-Kul,KG02,96.1
2018,Proportion of the target population with access to 3 doses of diphtheria-tetanus-pertussis (DTP3),Issyk-Kul,KG02,95.0
2019,Proportion of the target population with access to 3 doses of diphtheria-tetanus-pertussis (DTP3),Issyk-Kul,KG02,94.575714
2020,Proportion of the target population with access to 3 doses of diphtheria-tetanus-pertussis (DTP3),Issyk-Kul,KG02,87.604354
2021,Proportion of the target population with access to 3 doses of diphtheria-tetanus-pertussis (DTP3),Issyk-Kul,KG02,95.77591
2022,Proportion of the target population with access to 3 doses of diphtheria-tetanus-pertussis (DTP3),Issyk-Kul,KG02,97.117364
2023,Proportion of the target population with access to 3 doses of diphtheria-tetanus-pertussis (DTP3),Issyk-Kul,KG02,90.177417
2024,Proportion of the target population with access to 3 doses of diphtheria-tetanus-pertussis (DTP3),Issyk-Kul,KG02,91.059354
2007,Proportion of the target population with access to 3 doses of diphtheria-tetanus-pertussis (DTP3),Naryn,KG04,94.4
2008,Proportion of the target population with access to 3 doses of diphtheria-tetanus-pertussis (DTP3),Naryn,KG04,95.2
2009,Proportion of the target population with access to 3 doses of diphtheria-tetanus-pertussis (DTP3),Naryn,KG04,95.3
2010,Proportion of the target population with access to 3 doses of diphtheria-tetanus-pertussis (DTP3),Naryn,KG04,96.8
2011,Proportion of the target population with access to 3 doses of diphtheria-tetanus-pertussis (DTP3),Naryn,KG04,95.5
2012,Proportion of the target population with access to 3 doses of diphtheria-tetanus-pertussis (DTP3),Naryn,KG04,97.4
2013,Proportion of the target population with access to 3 doses of diphtheria-tetanus-pertussis (DTP3),Naryn,KG04,98.0
2014,Proportion of the target population with access to 3 doses of diphtheria-tetanus-pertussis (DTP3),Naryn,KG04,97.6
2015,Proportion of the target population with access to 3 doses of diphtheria-tetanus-pertussis (DTP3),Naryn,KG04,97.2
2016,Proportion of the target population with access to 3 doses of diphtheria-tetanus-pertussis (DTP3),Naryn,KG04,96.8
2017,Proportion of the target population with access to 3 doses of diphtheria-tetanus-pertussis (DTP3),Naryn,KG04,97.0
2018,Proportion of the target population with access to 3 doses of diphtheria-tetanus-pertussis (DTP3),Naryn,KG04,94.8
2019,Proportion of the target population with access to 3 doses of diphtheria-tetanus-pertussis (DTP3),Naryn,KG04,97.59292
2020,Proportion of the target population with access to 3 doses of diphtheria-tetanus-pertussis (DTP3),Naryn,KG04,90.958705
2021,Proportion of the target population with access to 3 doses of diphtheria-tetanus-pertussis (DTP3),Naryn,KG04,96.517042
2022,Proportion of the target population with access to 3 doses of diphtheria-tetanus-pertussis (DTP3),Naryn,KG04,95.221979
2023,Proportion of the target population with access to 3 doses of diphtheria-tetanus-pertussis (DTP3),Naryn,KG04,85.668586
2024,Proportion of the target population with access to 3 doses of diphtheria-tetanus-pertussis (DTP3),Naryn,KG04,85.801742
2007,Proportion of the target population with access to 3 doses of diphtheria-tetanus-pertussis (DTP3),Osh,KG06,94.4
2008,Proportion of the target population with access to 3 doses of diphtheria-tetanus-pertussis (DTP3),Osh,KG06,94.5
2009,Proportion of the target population with access to 3 doses of diphtheria-tetanus-pertussis (DTP3),Osh,KG06,95.1
2010,Proportion of the target population with access to 3 doses of diphtheria-tetanus-pertussis (DTP3),Osh,KG06,95.5
2011,Proportion of the target population with access to 3 doses of diphtheria-tetanus-pertussis (DTP3),Osh,KG06,93.6
2012,Proportion of the target population with access to 3 doses of diphtheria-tetanus-pertussis (DTP3),Osh,KG06,93.0
2013,Proportion of the target population with access to 3 doses of diphtheria-tetanus-pertussis (DTP3),Osh,KG06,96.2
2014,Proportion of the target population with access to 3 doses of diphtheria-tetanus-pertussis (DTP3),Osh,KG06,98.3
2015,Proportion of the target population with access to 3 doses of diphtheria-tetanus-pertussis (DTP3),Osh,KG06,97.1
2016,Proportion of the target population with access to 3 doses of diphtheria-tetanus-pertussis (DTP3),Osh,KG06,98.5
2017,Proportion of the target population with access to 3 doses of diphtheria-tetanus-pertussis (DTP3),Osh,KG06,96.6
2018,Proportion of the target population with access to 3 doses of diphtheria-tetanus-pertussis (DTP3),Osh,KG06,95.8
2019,Proportion of the target population with access to 3 doses of diphtheria-tetanus-pertussis (DTP3),Osh,KG06,99.33564
2020,Proportion of the target population with access to 3 doses of diphtheria-tetanus-pertussis (DTP3),Osh,KG06,95.543628
2021,Proportion of the target population with access to 3 doses of diphtheria-tetanus-pertussis (DTP3),Osh,KG06,90.31153
2022,Proportion of the target population with access to 3 doses of diphtheria-tetanus-pertussis (DTP3),Osh,KG06,95.833593
2023,Proportion of the target population with access to 3 doses of diphtheria-tetanus-pertussis (DTP3),Osh,KG06,92.521152
2024,Proportion of the target population with access to 3 doses of diphtheria-tetanus-pertussis (DTP3),Osh,KG06,95.203504
2007,Proportion of the target population with access to 3 doses of diphtheria-tetanus-pertussis (DTP3),Talas,KG07,94.0
2008,Proportion of the target population with access to 3 doses of diphtheria-tetanus-pertussis (DTP3),Talas,KG07,94.8
2009,Proportion of the target population with access to 3 doses of diphtheria-tetanus-pertussis (DTP3),Talas,KG07,94.6
2010,Proportion of the target population with access to 3 doses of diphtheria-tetanus-pertussis (DTP3),Talas,KG07,96.8
2011,Proportion of the target population with access to 3 doses of diphtheria-tetanus-pertussis (DTP3),Talas,KG07,95.3
2012,Proportion of the target population with access to 3 doses of diphtheria-tetanus-pertussis (DTP3),Talas,KG07,96.0
2013,Proportion of the target population with access to 3 doses of diphtheria-tetanus-pertussis (DTP3),Talas,KG07,96.2
2014,Proportion of the target population with access to 3 doses of diphtheria-tetanus-pertussis (DTP3),Talas,KG07,93.4
2015,Proportion of the target population with access to 3 doses of diphtheria-tetanus-pertussis (DTP3),Talas,KG07,96.8
2016,Proportion of the target population with access to 3 doses of diphtheria-tetanus-pertussis (DTP3),Talas,KG07,95.2
2017,Proportion of the target population with access to 3 doses of diphtheria-tetanus-pertussis (DTP3),Talas,KG07,93.1
2018,Proportion of the target population with access to 3 doses of diphtheria-tetanus-pertussis (DTP3),Talas,KG07,95.3
2019,Proportion of the target population with access to 3 doses of diphtheria-tetanus-pertussis (DTP3),Talas,KG07,92.698706
2020,Proportion of the target population with access to 3 doses of diphtheria-tetanus-pertussis (DTP3),Talas,KG07,94.171956
2021,Proportion of the target population with access to 3 doses of diphtheria-tetanus-pertussis (DTP3),Talas,KG07,90.746325
2022,Proportion of the target population with access to 3 doses of diphtheria-tetanus-pertussis (DTP3),Talas,KG07,91.694814
2023,Proportion of the target population with access to 3 doses of diphtheria-tetanus-pertussis (DTP3),Talas,KG07,89.321789
2024,Proportion of the target population with access to 3 doses of diphtheria-tetanus-pertussis (DTP3),Talas,KG07,82.973459
2007,Proportion of the target population with access to 3 doses of diphtheria-tetanus-pertussis (DTP3),Chui,KG08,94.0
2008,Proportion of the target population with access to 3 doses of diphtheria-tetanus-pertussis (DTP3),Chui,KG08,95.5
2009,Proportion of the target population with access to 3 doses of diphtheria-tetanus-pertussis (DTP3),Chui,KG08,95.5
2010,Proportion of the target population with access to 3 doses of diphtheria-tetanus-pertussis (DTP3),Chui,KG08,96.3
2011,Proportion of the target population with access to 3 doses of diphtheria-tetanus-pertussis (DTP3),Chui,KG08,96.8
2012,Proportion of the target population with access to 3 doses of diphtheria-tetanus-pertussis (DTP3),Chui,KG08,97.6
2013,Proportion of the target population with access to 3 doses of diphtheria-tetanus-pertussis (DTP3),Chui,KG08,96.3
2014,Proportion of the target population with access to 3 doses of diphtheria-tetanus-pertussis (DTP3),Chui,KG08,96.0
2015,Proportion of the target population with access to 3 doses of diphtheria-tetanus-pertussis (DTP3),Chui,KG08,97.0
2016,Proportion of the target population with access to 3 doses of diphtheria-tetanus-pertussis (DTP3),Chui,KG08,97.5
2017,Proportion of the target population with access to 3 doses of diphtheria-tetanus-pertussis (DTP3),Chui,KG08,91.8
2018,Proportion of the target population with access to 3 doses of diphtheria-tetanus-pertussis (DTP3),Chui,KG08,92.5
2019,Proportion of the target population with access to 3 doses of diphtheria-tetanus-pertussis (DTP3),Chui,KG08,91.652622
2020,Proportion of the target population with access to 3 doses of diphtheria-tetanus-pertussis (DTP3),Chui,KG08,89.92219
2021,Proportion of the target population with access to 3 doses of diphtheria-tetanus-pertussis (DTP3),Chui,KG08,90.894108
2022,Proportion of the target population with access to 3 doses of diphtheria-tetanus-pertussis (DTP3),Chui,KG08,92.720266
2023,Proportion of the target population with access to 3 doses of diphtheria-tetanus-pertussis (DTP3),Chui,KG08,86.485472
2024,Proportion of the target population with access to 3 doses of diphtheria-tetanus-pertussis (DTP3),Chui,KG08,79.822757
2007,Proportion of the target population with access to 3 doses of diphtheria-tetanus-pertussis (DTP3),Bishkek (city),KG11,95.0
2008,Proportion of the target population with access to 3 doses of diphtheria-tetanus-pertussis (DTP3),Bishkek (city),KG11,94.9
2009,Proportion of the target population with access to 3 doses of diphtheria-tetanus-pertussis (DTP3),Bishkek (city),KG11,95.5
2010,Proportion of the target population with access to 3 doses of diphtheria-tetanus-pertussis (DTP3),Bishkek (city),KG11,96.8
2011,Proportion of the target population with access to 3 doses of diphtheria-tetanus-pertussis (DTP3),Bishkek (city),KG11,96.4
2012,Proportion of the target population with access to 3 doses of diphtheria-tetanus-pertussis (DTP3),Bishkek (city),KG11,97.2
2013,Proportion of the target population with access to 3 doses of diphtheria-tetanus-pertussis (DTP3),Bishkek (city),KG11,96.6
2014,Proportion of the target population with access to 3 doses of diphtheria-tetanus-pertussis (DTP3),Bishkek (city),KG11,93.7
2015,Proportion of the target population with access to 3 doses of diphtheria-tetanus-pertussis (DTP3),Bishkek (city),KG11,94.0
2016,Proportion of the target population with access to 3 doses of diphtheria-tetanus-pertussis (DTP3),Bishkek (city),KG11,90.5
2017,Proportion of the target population with access to 3 doses of diphtheria-tetanus-pertussis (DTP3),Bishkek (city),KG11,86.5
2018,Proportion of the target population with access to 3 doses of diphtheria-tetanus-pertussis (DTP3),Bishkek (city),KG11,90.3
2019,Proportion of the target population with access to 3 doses of diphtheria-tetanus-pertussis (DTP3),Bishkek (city),KG11,92.018905
2020,Proportion of the target population with access to 3 doses of diphtheria-tetanus-pertussis (DTP3),Bishkek (city),KG11,73.377391
2021,Proportion of the target population with access to 3 doses of diphtheria-tetanus-pertussis (DTP3),Bishkek (city),KG11,81.065681
2022,Proportion of the target population with access to 3 doses of diphtheria-tetanus-pertussis (DTP3),Bishkek (city),KG11,78.59054
2023,Proportion of the target population with access to 3 doses of diphtheria-tetanus-pertussis (DTP3),Bishkek (city),KG11,76.483704
2024,Proportion of the target population with access to 3 doses of diphtheria-tetanus-pertussis (DTP3),Bishkek (city),KG11,74.345272
2007,Proportion of the target population with access to 3 doses of diphtheria-tetanus-pertussis (DTP3),Osh (city),KG21,95.2
2008,Proportion of the target population with access to 3 doses of diphtheria-tetanus-pertussis (DTP3),Osh (city),KG21,96.7
2009,Proportion of the target population with access to 3 doses of diphtheria-tetanus-pertussis (DTP3),Osh (city),KG21,95.4
2010,Proportion of the target population with access to 3 doses of diphtheria-tetanus-pertussis (DTP3),Osh (city),KG21,95.7
2011,Proportion of the target population with access to 3 doses of diphtheria-tetanus-pertussis (DTP3),Osh (city),KG21,95.2
2012,Proportion of the target population with access to 3 doses of diphtheria-tetanus-pertussis (DTP3),Osh (city),KG21,98.5
2013,Proportion of the target population with access to 3 doses of diphtheria-tetanus-pertussis (DTP3),Osh (city),KG21,99.2
2014,Proportion of the target population with access to 3 doses of diphtheria-tetanus-pertussis (DTP3),Osh (city),KG21,96.0
2015,Proportion of the target population with access to 3 doses of diphtheria-tetanus-pertussis (DTP3),Osh (city),KG21,97.6
2016,Proportion of the target population with access to 3 doses of diphtheria-tetanus-pertussis (DTP3),Osh (city),KG21,96.7
2017,Proportion of the target population with access to 3 doses of diphtheria-tetanus-pertussis (DTP3),Osh (city),KG21,98.0
2018,Proportion of the target population with access to 3 doses of diphtheria-tetanus-pertussis (DTP3),Osh (city),KG21,95.2
2019,Proportion of the target population with access to 3 doses of diphtheria-tetanus-pertussis (DTP3),Osh (city),KG21,95.586032
2020,Proportion of the target population with access to 3 doses of diphtheria-tetanus-pertussis (DTP3),Osh (city),KG21,87.340379
2021,Proportion of the target population with access to 3 doses of diphtheria-tetanus-pertussis (DTP3),Osh (city),KG21,85.088889
2022,Proportion of the target population with access to 3 doses of diphtheria-tetanus-pertussis (DTP3),Osh (city),KG21,88.70063
2023,Proportion of the target population with access to 3 doses of diphtheria-tetanus-pertussis (DTP3),Osh (city),KG21,86.049943
2024,Proportion of the target population with access to 3 doses of diphtheria-tetanus-pertussis (DTP3),Osh (city),KG21,78.80863
2007,Proportion of the target population with access to measles-containing-vaccine second-dose (MCV2),,,98.8
2008,Proportion of the target population with access to measles-containing-vaccine second-dose (MCV2),,,99.1
2009,Proportion of the target population with access to measles-containing-vaccine second-dose (MCV2),,,98.9
2010,Proportion of the target population with access to measles-containing-vaccine second-dose (MCV2),,,98.3
2011,Proportion of the target population with access to measles-containing-vaccine second-dose (MCV2),,,97.2
2012,Proportion of the target population with access to measles-containing-vaccine second-dose (MCV2),,,97.7
2013,Proportion of the target population with access to measles-containing-vaccine second-dose (MCV2),,,98.666102
2014,Proportion of the target population with access to measles-containing-vaccine second-dose (MCV2),,,95.6
2015,Proportion of the target population with access to measles-containing-vaccine second-dose (MCV2),,,99.1
2016,Proportion of the target population with access to measles-containing-vaccine second-dose (MCV2),,,97.0
2017,Proportion of the target population with access to measles-containing-vaccine second-dose (MCV2),,,94.7
2018,Proportion of the target population with access to measles-containing-vaccine second-dose (MCV2),,,96.244215
2019,Proportion of the target population with access to measles-containing-vaccine second-dose (MCV2),,,97.245414
2020,Proportion of the target population with access to measles-containing-vaccine second-dose (MCV2),,,93.789319
2021,Proportion of the target population with access to measles-containing-vaccine second-dose (MCV2),,,93.378399
2022,Proportion of the target population with access to measles-containing-vaccine second-dose (MCV2),,,96.389079
2023,Proportion of the target population with access to measles-containing-vaccine second-dose (MCV2),,,98.924069
2024,Proportion of the target population with access to measles-containing-vaccine second-dose (MCV2),,,63.072099
2007,Proportion of the target population with access to measles-containing-vaccine second-dose (MCV2),Batken,KG05,99.2
2008,Proportion of the target population with access to measles-containing-vaccine second-dose (MCV2),Batken,KG05,99.0
2009,Proportion of the target population with access to measles-containing-vaccine second-dose (MCV2),Batken,KG05,99.9
2010,Proportion of the target population with access to measles-containing-vaccine second-dose (MCV2),Batken,KG05,97.2
2011,Proportion of the target population with access to measles-containing-vaccine second-dose (MCV2),Batken,KG05,95.7
2012,Proportion of the target population with access to measles-containing-vaccine second-dose (MCV2),Batken,KG05,100.0
2013,Proportion of the target population with access to measles-containing-vaccine second-dose (MCV2),Batken,KG05,99.9
2014,Proportion of the target population with access to measles-containing-vaccine second-dose (MCV2),Batken,KG05,98.9
2015,Proportion of the target population with access to measles-containing-vaccine second-dose (MCV2),Batken,KG05,97.6
2016,Proportion of the target population with access to measles-containing-vaccine second-dose (MCV2),Batken,KG05,99.9
2017,Proportion of the target population with access to measles-containing-vaccine second-dose (MCV2),Batken,KG05,98.7
2018,Proportion of the target population with access to measles-containing-vaccine second-dose (MCV2),Batken,KG05,92.454654
2019,Proportion of the target population with access to measles-containing-vaccine second-dose (MCV2),Batken,KG05,98.254513
2020,Proportion of the target population with access to measles-containing-vaccine second-dose (MCV2),Batken,KG05,98.728939
2021,Proportion of the target population with access to measles-containing-vaccine second-dose (MCV2),Batken,KG05,93.091417
2022,Proportion of the target population with access to measles-containing-vaccine second-dose (MCV2),Batken,KG05,95.902649
2023,Proportion of the target population with access to measles-containing-vaccine second-dose (MCV2),Batken,KG05,96.674394
2024,Proportion of the target population with access to measles-containing-vaccine second-dose (MCV2),Batken,KG05,75.090819
2007,Proportion of the target population with access to measles-containing-vaccine second-dose (MCV2),Jalal-Abad,KG03,97.8
2008,Proportion of the target population with access to measles-containing-vaccine second-dose (MCV2),Jalal-Abad,KG03,99.2
2009,Proportion of the target population with access to measles-containing-vaccine second-dose (MCV2),Jalal-Abad,KG03,98.3
2010,Proportion of the target population with access to measles-containing-vaccine second-dose (MCV2),Jalal-Abad,KG03,98.3
2011,Proportion of the target population with access to measles-containing-vaccine second-dose (MCV2),Jalal-Abad,KG03,100.0
2012,Proportion of the target population with access to measles-containing-vaccine second-dose (MCV2),Jalal-Abad,KG03,99.0
2013,Proportion of the target population with access to measles-containing-vaccine second-dose (MCV2),Jalal-Abad,KG03,99.6
2014,Proportion of the target population with access to measles-containing-vaccine second-dose (MCV2),Jalal-Abad,KG03,91.7
2015,Proportion of the target population with access to measles-containing-vaccine second-dose (MCV2),Jalal-Abad,KG03,100.0
2016,Proportion of the target population with access to measles-containing-vaccine second-dose (MCV2),Jalal-Abad,KG03,95.7
2017,Proportion of the target population with access to measles-containing-vaccine second-dose (MCV2),Jalal-Abad,KG03,88.8
2018,Proportion of the target population with access to measles-containing-vaccine second-dose (MCV2),Jalal-Abad,KG03,93.49863
2019,Proportion of the target population with access to measles-containing-vaccine second-dose (MCV2),Jalal-Abad,KG03,93.035179
2020,Proportion of the target population with access to measles-containing-vaccine second-dose (MCV2),Jalal-Abad,KG03,91.334273
2021,Proportion of the target population with access to measles-containing-vaccine second-dose (MCV2),Jalal-Abad,KG03,94.815062
2022,Proportion of the target population with access to measles-containing-vaccine second-dose (MCV2),Jalal-Abad,KG03,95.851739
2023,Proportion of the target population with access to measles-containing-vaccine second-dose (MCV2),Jalal-Abad,KG03,98.675382
2024,Proportion of the target population with access to measles-containing-vaccine second-dose (MCV2),Jalal-Abad,KG03,68.512171
2007,Proportion of the target population with access to measles-containing-vaccine second-dose (MCV2),Issyk-Kul,KG02,99.0
2008,Proportion of the target population with access to measles-containing-vaccine second-dose (MCV2),Issyk-Kul,KG02,99.7
2009,Proportion of the target population with access to measles-containing-vaccine second-dose (MCV2),Issyk-Kul,KG02,99.7
2010,Proportion of the target population with access to measles-containing-vaccine second-dose (MCV2),Issyk-Kul,KG02,99.2
2011,Proportion of the target population with access to measles-containing-vaccine second-dose (MCV2),Issyk-Kul,KG02,96.9
2012,Proportion of the target population with access to measles-containing-vaccine second-dose (MCV2),Issyk-Kul,KG02,95.7
2013,Proportion of the target population with access to measles-containing-vaccine second-dose (MCV2),Issyk-Kul,KG02,97.4
2014,Proportion of the target population with access to measles-containing-vaccine second-dose (MCV2),Issyk-Kul,KG02,95.6
2015,Proportion of the target population with access to measles-containing-vaccine second-dose (MCV2),Issyk-Kul,KG02,98.9
2016,Proportion of the target population with access to measles-containing-vaccine second-dose (MCV2),Issyk-Kul,KG02,97.7
2017,Proportion of the target population with access to measles-containing-vaccine second-dose (MCV2),Issyk-Kul,KG02,95.1
2018,Proportion of the target population with access to measles-containing-vaccine second-dose (MCV2),Issyk-Kul,KG02,96.51199
2019,Proportion of the target population with access to measles-containing-vaccine second-dose (MCV2),Issyk-Kul,KG02,97.67698
2020,Proportion of the target population with access to measles-containing-vaccine second-dose (MCV2),Issyk-Kul,KG02,96.09807
2021,Proportion of the target population with access to measles-containing-vaccine second-dose (MCV2),Issyk-Kul,KG02,100.537815
2022,Proportion of the target population with access to measles-containing-vaccine second-dose (MCV2),Issyk-Kul,KG02,102.756806
2023,Proportion of the target population with access to measles-containing-vaccine second-dose (MCV2),Issyk-Kul,KG02,103.360357
2024,Proportion of the target population with access to measles-containing-vaccine second-dose (MCV2),Issyk-Kul,KG02,97.721012
2007,Proportion of the target population with access to measles-containing-vaccine second-dose (MCV2),Naryn,KG04,99.4
2008,Proportion of the target population with access to measles-containing-vaccine second-dose (MCV2),Naryn,KG04,99.1
2009,Proportion of the target population with access to measles-containing-vaccine second-dose (MCV2),Naryn,KG04,98.9
2010,Proportion of the target population with access to measles-containing-vaccine second-dose (MCV2),Naryn,KG04,99.5
2011,Proportion of the target population with access to measles-containing-vaccine second-dose (MCV2),Naryn,KG04,96.7
2012,Proportion of the target population with access to measles-containing-vaccine second-dose (MCV2),Naryn,KG04,97.6
2013,Proportion of the target population with access to measles-containing-vaccine second-dose (MCV2),Naryn,KG04,97.3
2014,Proportion of the target population with access to measles-containing-vaccine second-dose (MCV2),Naryn,KG04,97.7
2015,Proportion of the target population with access to measles-containing-vaccine second-dose (MCV2),Naryn,KG04,98.1
2016,Proportion of the target population with access to measles-containing-vaccine second-dose (MCV2),Naryn,KG04,98.1
2017,Proportion of the target population with access to measles-containing-vaccine second-dose (MCV2),Naryn,KG04,97.0
2018,Proportion of the target population with access to measles-containing-vaccine second-dose (MCV2),Naryn,KG04,97.646444
2019,Proportion of the target population with access to measles-containing-vaccine second-dose (MCV2),Naryn,KG04,98.140747
2020,Proportion of the target population with access to measles-containing-vaccine second-dose (MCV2),Naryn,KG04,96.233184
2021,Proportion of the target population with access to measles-containing-vaccine second-dose (MCV2),Naryn,KG04,100.335258
2022,Proportion of the target population with access to measles-containing-vaccine second-dose (MCV2),Naryn,KG04,99.681465
2023,Proportion of the target population with access to measles-containing-vaccine second-dose (MCV2),Naryn,KG04,98.955001
2024,Proportion of the target population with access to measles-containing-vaccine second-dose (MCV2),Naryn,KG04,53.779138
2007,Proportion of the target population with access to measles-containing-vaccine second-dose (MCV2),Osh,KG06,98.9
2008,Proportion of the target population with access to measles-containing-vaccine second-dose (MCV2),Osh,KG06,99.5
2009,Proportion of the target population with access to measles-containing-vaccine second-dose (MCV2),Osh,KG06,99.8
2010,Proportion of the target population with access to measles-containing-vaccine second-dose (MCV2),Osh,KG06,99.7
2011,Proportion of the target population with access to measles-containing-vaccine second-dose (MCV2),Osh,KG06,94.7
2012,Proportion of the target population with access to measles-containing-vaccine second-dose (MCV2),Osh,KG06,96.6
2013,Proportion of the target population with access to measles-containing-vaccine second-dose (MCV2),Osh,KG06,97.9
2014,Proportion of the target population with access to measles-containing-vaccine second-dose (MCV2),Osh,KG06,96.1
2015,Proportion of the target population with access to measles-containing-vaccine second-dose (MCV2),Osh,KG06,99.0
2016,Proportion of the target population with access to measles-containing-vaccine second-dose (MCV2),Osh,KG06,99.2
2017,Proportion of the target population with access to measles-containing-vaccine second-dose (MCV2),Osh,KG06,96.8
2018,Proportion of the target population with access to measles-containing-vaccine second-dose (MCV2),Osh,KG06,98.10916
2019,Proportion of the target population with access to measles-containing-vaccine second-dose (MCV2),Osh,KG06,99.619945
2020,Proportion of the target population with access to measles-containing-vaccine second-dose (MCV2),Osh,KG06,97.454999
2021,Proportion of the target population with access to measles-containing-vaccine second-dose (MCV2),Osh,KG06,93.789893
2022,Proportion of the target population with access to measles-containing-vaccine second-dose (MCV2),Osh,KG06,99.06685
2023,Proportion of the target population with access to measles-containing-vaccine second-dose (MCV2),Osh,KG06,97.256598
2024,Proportion of the target population with access to measles-containing-vaccine second-dose (MCV2),Osh,KG06,66.609693
2007,Proportion of the target population with access to measles-containing-vaccine second-dose (MCV2),Talas,KG07,98.6
2008,Proportion of the target population with access to measles-containing-vaccine second-dose (MCV2),Talas,KG07,99.2
2009,Proportion of the target population with access to measles-containing-vaccine second-dose (MCV2),Talas,KG07,97.6
2010,Proportion of the target population with access to measles-containing-vaccine second-dose (MCV2),Talas,KG07,97.1
2011,Proportion of the target population with access to measles-containing-vaccine second-dose (MCV2),Talas,KG07,97.7
2012,Proportion of the target population with access to measles-containing-vaccine second-dose (MCV2),Talas,KG07,98.8
2013,Proportion of the target population with access to measles-containing-vaccine second-dose (MCV2),Talas,KG07,97.7
2014,Proportion of the target population with access to measles-containing-vaccine second-dose (MCV2),Talas,KG07,94.3
2015,Proportion of the target population with access to measles-containing-vaccine second-dose (MCV2),Talas,KG07,97.1
2016,Proportion of the target population with access to measles-containing-vaccine second-dose (MCV2),Talas,KG07,97.0
2017,Proportion of the target population with access to measles-containing-vaccine second-dose (MCV2),Talas,KG07,95.6
2018,Proportion of the target population with access to measles-containing-vaccine second-dose (MCV2),Talas,KG07,98.413291
2019,Proportion of the target population with access to measles-containing-vaccine second-dose (MCV2),Talas,KG07,95.974889
2020,Proportion of the target population with access to measles-containing-vaccine second-dose (MCV2),Talas,KG07,95.177033
2021,Proportion of the target population with access to measles-containing-vaccine second-dose (MCV2),Talas,KG07,95.401432
2022,Proportion of the target population with access to measles-containing-vaccine second-dose (MCV2),Talas,KG07,99.105901
2023,Proportion of the target population with access to measles-containing-vaccine second-dose (MCV2),Talas,KG07,99.958771
2024,Proportion of the target population with access to measles-containing-vaccine second-dose (MCV2),Talas,KG07,73.369321
2007,Proportion of the target population with access to measles-containing-vaccine second-dose (MCV2),Chui,KG08,99.1
2008,Proportion of the target population with access to measles-containing-vaccine second-dose (MCV2),Chui,KG08,97.4
2009,Proportion of the target population with access to measles-containing-vaccine second-dose (MCV2),Chui,KG08,98.7
2010,Proportion of the target population with access to measles-containing-vaccine second-dose (MCV2),Chui,KG08,96.4
2011,Proportion of the target population with access to measles-containing-vaccine second-dose (MCV2),Chui,KG08,97.1
2012,Proportion of the target population with access to measles-containing-vaccine second-dose (MCV2),Chui,KG08,96.4
2013,Proportion of the target population with access to measles-containing-vaccine second-dose (MCV2),Chui,KG08,99.3
2014,Proportion of the target population with access to measles-containing-vaccine second-dose (MCV2),Chui,KG08,96.5
2015,Proportion of the target population with access to measles-containing-vaccine second-dose (MCV2),Chui,KG08,98.6
2016,Proportion of the target population with access to measles-containing-vaccine second-dose (MCV2),Chui,KG08,95.0
2017,Proportion of the target population with access to measles-containing-vaccine second-dose (MCV2),Chui,KG08,96.3
2018,Proportion of the target population with access to measles-containing-vaccine second-dose (MCV2),Chui,KG08,97.43813
2019,Proportion of the target population with access to measles-containing-vaccine second-dose (MCV2),Chui,KG08,99.450649
2020,Proportion of the target population with access to measles-containing-vaccine second-dose (MCV2),Chui,KG08,97.514722
2021,Proportion of the target population with access to measles-containing-vaccine second-dose (MCV2),Chui,KG08,92.308749
2022,Proportion of the target population with access to measles-containing-vaccine second-dose (MCV2),Chui,KG08,100.168928
2023,Proportion of the target population with access to measles-containing-vaccine second-dose (MCV2),Chui,KG08,101.436689
2024,Proportion of the target population with access to measles-containing-vaccine second-dose (MCV2),Chui,KG08,62.858047
2007,Proportion of the target population with access to measles-containing-vaccine second-dose (MCV2),Bishkek (city),KG11,99.8
2008,Proportion of the target population with access to measles-containing-vaccine second-dose (MCV2),Bishkek (city),KG11,99.9
2009,Proportion of the target population with access to measles-containing-vaccine second-dose (MCV2),Bishkek (city),KG11,98.6
2010,Proportion of the target population with access to measles-containing-vaccine second-dose (MCV2),Bishkek (city),KG11,99.0
2011,Proportion of the target population with access to measles-containing-vaccine second-dose (MCV2),Bishkek (city),KG11,97.4
2012,Proportion of the target population with access to measles-containing-vaccine second-dose (MCV2),Bishkek (city),KG11,97.7
2013,Proportion of the target population with access to measles-containing-vaccine second-dose (MCV2),Bishkek (city),KG11,98.4
2014,Proportion of the target population with access to measles-containing-vaccine second-dose (MCV2),Bishkek (city),KG11,95.6
2015,Proportion of the target population with access to measles-containing-vaccine second-dose (MCV2),Bishkek (city),KG11,99.8
2016,Proportion of the target population with access to measles-containing-vaccine second-dose (MCV2),Bishkek (city),KG11,95.1
2017,Proportion of the target population with access to measles-containing-vaccine second-dose (MCV2),Bishkek (city),KG11,91.7
2018,Proportion of the target population with access to measles-containing-vaccine second-dose (MCV2),Bishkek (city),KG11,96.281062
2019,Proportion of the target population with access to measles-containing-vaccine second-dose (MCV2),Bishkek (city),KG11,96.444387
2020,Proportion of the target population with access to measles-containing-vaccine second-dose (MCV2),Bishkek (city),KG11,83.697508
2021,Proportion of the target population with access to measles-containing-vaccine second-dose (MCV2),Bishkek (city),KG11,89.338843
2022,Proportion of the target population with access to measles-containing-vaccine second-dose (MCV2),Bishkek (city),KG11,87.061971
2023,Proportion of the target population with access to measles-containing-vaccine second-dose (MCV2),Bishkek (city),KG11,99.985768
2024,Proportion of the target population with access to measles-containing-vaccine second-dose (MCV2),Bishkek (city),KG11,42.889467
2007,Proportion of the target population with access to measles-containing-vaccine second-dose (MCV2),Osh (city),KG21,98.8
2008,Proportion of the target population with access to measles-containing-vaccine second-dose (MCV2),Osh (city),KG21,98.9
2009,Proportion of the target population with access to measles-containing-vaccine second-dose (MCV2),Osh (city),KG21,98.2
2010,Proportion of the target population with access to measles-containing-vaccine second-dose (MCV2),Osh (city),KG21,97.4
2011,Proportion of the target population with access to measles-containing-vaccine second-dose (MCV2),Osh (city),KG21,99.7
2012,Proportion of the target population with access to measles-containing-vaccine second-dose (MCV2),Osh (city),KG21,98.1
2013,Proportion of the target population with access to measles-containing-vaccine second-dose (MCV2),Osh (city),KG21,98.7
2014,Proportion of the target population with access to measles-containing-vaccine second-dose (MCV2),Osh (city),KG21,99.9
2015,Proportion of the target population with access to measles-containing-vaccine second-dose (MCV2),Osh (city),KG21,99.7
2016,Proportion of the target population with access to measles-containing-vaccine second-dose (MCV2),Osh (city),KG21,96.8
2017,Proportion of the target population with access to measles-containing-vaccine second-dose (MCV2),Osh (city),KG21,97.7
2018,Proportion of the target population with access to measles-containing-vaccine second-dose (MCV2),Osh (city),KG21,99.425085
2019,Proportion of the target population with access to measles-containing-vaccine second-dose (MCV2),Osh (city),KG21,97.981883
2020,Proportion of the target population with access to measles-containing-vaccine second-dose (MCV2),Osh (city),KG21,93.662127
2021,Proportion of the target population with access to measles-containing-vaccine second-dose (MCV2),Osh (city),KG21,87.955556
2022,Proportion of the target population with access to measles-containing-vaccine second-dose (MCV2),Osh (city),KG21,95.855753
2023,Proportion of the target population with access to measles-containing-vaccine second-dose (MCV2),Osh (city),KG21,96.197503
2024,Proportion of the target population with access to measles-containing-vaccine second-dose (MCV2),Osh (city),KG21,51.876173
2015,Proportion of the target population with access to pneumococcal conjugate 3rd dose (PCV3),,,96.8
2016,Proportion of the target population with access to pneumococcal conjugate 3rd dose (PCV3),,,97.2
2017,Proportion of the target population with access to pneumococcal conjugate 3rd dose (PCV3),,,94.2
2018,Proportion of the target population with access to pneumococcal conjugate 3rd dose (PCV3),,,92.0
2019,Proportion of the target population with access to pneumococcal conjugate 3rd dose (PCV3),,,95.083643
2020,Proportion of the target population with access to pneumococcal conjugate 3rd dose (PCV3),,,88.782542
2021,Proportion of the target population with access to pneumococcal conjugate 3rd dose (PCV3),,,89.631204
2022,Proportion of the target population with access to pneumococcal conjugate 3rd dose (PCV3),,,92.843773
2023,Proportion of the target population with access to pneumococcal conjugate 3rd dose (PCV3),,,70.959175
2024,Proportion of the target population with access to pneumococcal conjugate 3rd dose (PCV3),,,53.996003
2015,Proportion of the target population with access to pneumococcal conjugate 3rd dose (PCV3),Batken,KG05,97.3
2016,Proportion of the target population with access to pneumococcal conjugate 3rd dose (PCV3),Batken,KG05,99.3
2017,Proportion of the target population with access to pneumococcal conjugate 3rd dose (PCV3),Batken,KG05,96.3
2018,Proportion of the target population with access to pneumococcal conjugate 3rd dose (PCV3),Batken,KG05,94.6
2019,Proportion of the target population with access to pneumococcal conjugate 3rd dose (PCV3),Batken,KG05,99.597512
2020,Proportion of the target population with access to pneumococcal conjugate 3rd dose (PCV3),Batken,KG05,83.440107
2021,Proportion of the target population with access to pneumococcal conjugate 3rd dose (PCV3),Batken,KG05,89.204466
2022,Proportion of the target population with access to pneumococcal conjugate 3rd dose (PCV3),Batken,KG05,95.656192
2023,Proportion of the target population with access to pneumococcal conjugate 3rd dose (PCV3),Batken,KG05,71.980174
2024,Proportion of the target population with access to pneumococcal conjugate 3rd dose (PCV3),Batken,KG05,69.484808
2015,Proportion of the target population with access to pneumococcal conjugate 3rd dose (PCV3),Jalal-Abad,KG03,97.3
2016,Proportion of the target population with access to pneumococcal conjugate 3rd dose (PCV3),Jalal-Abad,KG03,95.9
2017,Proportion of the target population with access to pneumococcal conjugate 3rd dose (PCV3),Jalal-Abad,KG03,94.5
2018,Proportion of the target population with access to pneumococcal conjugate 3rd dose (PCV3),Jalal-Abad,KG03,93.8
2019,Proportion of the target population with access to pneumococcal conjugate 3rd dose (PCV3),Jalal-Abad,KG03,90.089857
2020,Proportion of the target population with access to pneumococcal conjugate 3rd dose (PCV3),Jalal-Abad,KG03,88.195819
2021,Proportion of the target population with access to pneumococcal conjugate 3rd dose (PCV3),Jalal-Abad,KG03,84.751749
2022,Proportion of the target population with access to pneumococcal conjugate 3rd dose (PCV3),Jalal-Abad,KG03,91.580591
2023,Proportion of the target population with access to pneumococcal conjugate 3rd dose (PCV3),Jalal-Abad,KG03,58.933389
2024,Proportion of the target population with access to pneumococcal conjugate 3rd dose (PCV3),Jalal-Abad,KG03,65.112619
2015,Proportion of the target population with access to pneumococcal conjugate 3rd dose (PCV3),Issyk-Kul,KG02,98.2
2016,Proportion of the target population with access to pneumococcal conjugate 3rd dose (PCV3),Issyk-Kul,KG02,96.4
2017,Proportion of the target population with access to pneumococcal conjugate 3rd dose (PCV3),Issyk-Kul,KG02,96.3
2018,Proportion of the target population with access to pneumococcal conjugate 3rd dose (PCV3),Issyk-Kul,KG02,95.0
2019,Proportion of the target population with access to pneumococcal conjugate 3rd dose (PCV3),Issyk-Kul,KG02,94.992818
2020,Proportion of the target population with access to pneumococcal conjugate 3rd dose (PCV3),Issyk-Kul,KG02,88.268865
2021,Proportion of the target population with access to pneumococcal conjugate 3rd dose (PCV3),Issyk-Kul,KG02,96.201681
2022,Proportion of the target population with access to pneumococcal conjugate 3rd dose (PCV3),Issyk-Kul,KG02,97.64356
2023,Proportion of the target population with access to pneumococcal conjugate 3rd dose (PCV3),Issyk-Kul,KG02,90.894137
2024,Proportion of the target population with access to pneumococcal conjugate 3rd dose (PCV3),Issyk-Kul,KG02,81.74305
2015,Proportion of the target population with access to pneumococcal conjugate 3rd dose (PCV3),Naryn,KG04,96.8
2016,Proportion of the target population with access to pneumococcal conjugate 3rd dose (PCV3),Naryn,KG04,96.7
2017,Proportion of the target population with access to pneumococcal conjugate 3rd dose (PCV3),Naryn,KG04,97.0
2018,Proportion of the target population with access to pneumococcal conjugate 3rd dose (PCV3),Naryn,KG04,95.1
2019,Proportion of the target population with access to pneumococcal conjugate 3rd dose (PCV3),Naryn,KG04,97.283381
2020,Proportion of the target population with access to pneumococcal conjugate 3rd dose (PCV3),Naryn,KG04,91.250904
2021,Proportion of the target population with access to pneumococcal conjugate 3rd dose (PCV3),Naryn,KG04,95.567145
2022,Proportion of the target population with access to pneumococcal conjugate 3rd dose (PCV3),Naryn,KG04,95.022895
2023,Proportion of the target population with access to pneumococcal conjugate 3rd dose (PCV3),Naryn,KG04,83.066752
2024,Proportion of the target population with access to pneumococcal conjugate 3rd dose (PCV3),Naryn,KG04,59.006357
2015,Proportion of the target population with access to pneumococcal conjugate 3rd dose (PCV3),Osh,KG06,96.3
2016,Proportion of the target population with access to pneumococcal conjugate 3rd dose (PCV3),Osh,KG06,98.8
2017,Proportion of the target population with access to pneumococcal conjugate 3rd dose (PCV3),Osh,KG06,97.2
2018,Proportion of the target population with access to pneumococcal conjugate 3rd dose (PCV3),Osh,KG06,92.1
2019,Proportion of the target population with access to pneumococcal conjugate 3rd dose (PCV3),Osh,KG06,98.41451
2020,Proportion of the target population with access to pneumococcal conjugate 3rd dose (PCV3),Osh,KG06,95.711275
2021,Proportion of the target population with access to pneumococcal conjugate 3rd dose (PCV3),Osh,KG06,91.330444
2022,Proportion of the target population with access to pneumococcal conjugate 3rd dose (PCV3),Osh,KG06,96.027089
2023,Proportion of the target population with access to pneumococcal conjugate 3rd dose (PCV3),Osh,KG06,63.344488
2024,Proportion of the target population with access to pneumococcal conjugate 3rd dose (PCV3),Osh,KG06,53.388171
2015,Proportion of the target population with access to pneumococcal conjugate 3rd dose (PCV3),Talas,KG07,97.2
2016,Proportion of the target population with access to pneumococcal conjugate 3rd dose (PCV3),Talas,KG07,96.1
2017,Proportion of the target population with access to pneumococcal conjugate 3rd dose (PCV3),Talas,KG07,94.0
2018,Proportion of the target population with access to pneumococcal conjugate 3rd dose (PCV3),Talas,KG07,96.0
2019,Proportion of the target population with access to pneumococcal conjugate 3rd dose (PCV3),Talas,KG07,94.297841
2020,Proportion of the target population with access to pneumococcal conjugate 3rd dose (PCV3),Talas,KG07,95.762224
2021,Proportion of the target population with access to pneumococcal conjugate 3rd dose (PCV3),Talas,KG07,91.368262
2022,Proportion of the target population with access to pneumococcal conjugate 3rd dose (PCV3),Talas,KG07,90.224518
2023,Proportion of the target population with access to pneumococcal conjugate 3rd dose (PCV3),Talas,KG07,78.045764
2024,Proportion of the target population with access to pneumococcal conjugate 3rd dose (PCV3),Talas,KG07,51.821862
2015,Proportion of the target population with access to pneumococcal conjugate 3rd dose (PCV3),Chui,KG08,97.6
2016,Proportion of the target population with access to pneumococcal conjugate 3rd dose (PCV3),Chui,KG08,98.7
2017,Proportion of the target population with access to pneumococcal conjugate 3rd dose (PCV3),Chui,KG08,92.6
2018,Proportion of the target population with access to pneumococcal conjugate 3rd dose (PCV3),Chui,KG08,92.1
2019,Proportion of the target population with access to pneumococcal conjugate 3rd dose (PCV3),Chui,KG08,94.916128
2020,Proportion of the target population with access to pneumococcal conjugate 3rd dose (PCV3),Chui,KG08,90.955903
2021,Proportion of the target population with access to pneumococcal conjugate 3rd dose (PCV3),Chui,KG08,92.345374
2022,Proportion of the target population with access to pneumococcal conjugate 3rd dose (PCV3),Chui,KG08,94.652378
2023,Proportion of the target population with access to pneumococcal conjugate 3rd dose (PCV3),Chui,KG08,85.150638
2024,Proportion of the target population with access to pneumococcal conjugate 3rd dose (PCV3),Chui,KG08,42.45925
2015,Proportion of the target population with access to pneumococcal conjugate 3rd dose (PCV3),Bishkek (city),KG11,95.0
2016,Proportion of the target population with access to pneumococcal conjugate 3rd dose (PCV3),Bishkek (city),KG11,94.8
2017,Proportion of the target population with access to pneumococcal conjugate 3rd dose (PCV3),Bishkek (city),KG11,90.4
2018,Proportion of the target population with access to pneumococcal conjugate 3rd dose (PCV3),Bishkek (city),KG11,83.4
2019,Proportion of the target population with access to pneumococcal conjugate 3rd dose (PCV3),Bishkek (city),KG11,93.823491
2020,Proportion of the target population with access to pneumococcal conjugate 3rd dose (PCV3),Bishkek (city),KG11,79.378126
2021,Proportion of the target population with access to pneumococcal conjugate 3rd dose (PCV3),Bishkek (city),KG11,88.660287
2022,Proportion of the target population with access to pneumococcal conjugate 3rd dose (PCV3),Bishkek (city),KG11,86.721043
2023,Proportion of the target population with access to pneumococcal conjugate 3rd dose (PCV3),Bishkek (city),KG11,74.771099
2024,Proportion of the target population with access to pneumococcal conjugate 3rd dose (PCV3),Bishkek (city),KG11,40.48238
2015,Proportion of the target population with access to pneumococcal conjugate 3rd dose (PCV3),Osh (city),KG21,97.9
2016,Proportion of the target population with access to pneumococcal conjugate 3rd dose (PCV3),Osh (city),KG21,96.8
2017,Proportion of the target population with access to pneumococcal conjugate 3rd dose (PCV3),Osh (city),KG21,90.0
2018,Proportion of the target population with access to pneumococcal conjugate 3rd dose (PCV3),Osh (city),KG21,93.9
2019,Proportion of the target population with access to pneumococcal conjugate 3rd dose (PCV3),Osh (city),KG21,95.896254
2020,Proportion of the target population with access to pneumococcal conjugate 3rd dose (PCV3),Osh (city),KG21,87.352779
2021,Proportion of the target population with access to pneumococcal conjugate 3rd dose (PCV3),Osh (city),KG21,84.944444
2022,Proportion of the target population with access to pneumococcal conjugate 3rd dose (PCV3),Osh (city),KG21,89.112765
2023,Proportion of the target population with access to pneumococcal conjugate 3rd dose (PCV3),Osh (city),KG21,67.582293
2024,Proportion of the target population with access to pneumococcal conjugate 3rd dose (PCV3),Osh (city),KG21,44.465291
