Year,Reference area,Sex,Degree of urbanisation,Income or wealth quantile,Education level,Observation-level footnotes,GeoCode,Value
2018,,,,,,,,19.2
2019,,,,,,,,22.213001
2020,,,,,,,,22.1
2021,,,,,,,,20.609252
2022,,,,,,,,21.549331
2023,,,,,,,,19.934537
2018,,,Urban,,,,,47.5
2019,,,Urban,,,,,54.058947
2020,,,Urban,,,,,52.7
2021,,,Urban,,,,,49.918997
2022,,,Urban,,,,,52.326989
2023,,,Urban,,,,,50.663874
2018,,,Rural,,,,,3.2
2019,,,Rural,,,,,4.516183
2020,,,Rural,,,,,5.0
2021,,,Rural,,,,,3.234875
2022,,,Rural,,,,,3.691633
2023,,,Rural,,,,,2.370043
2019,,Male,,,,,,20.4
2020,,Male,,,,,,20.5
2021,,Male,,,,,,19.0
2022,,Male,,,,,,20.145702
2023,,Male,,,,,,18.286297
2019,,Female,,,,,,23.8
2020,,Female,,,,,,23.6
2021,,Female,,,,,,22.0
2022,,Female,,,,,,22.81377
2023,,Female,,,,,,21.435728
2018,Batken,,,,,,KG05,2.8
2019,Batken,,,,,,KG05,5.864812
2020,Batken,,,,,,KG05,4.8
2021,Batken,,,,,,KG05,5.15599
2022,Batken,,,,,,KG05,6.330024
2023,Batken,,,,,,KG05,5.320808
2018,Jalal-Abad,,,,,,KG03,15.9
2019,Jalal-Abad,,,,,,KG03,13.680777
2020,Jalal-Abad,,,,,,KG03,15.8
2021,Jalal-Abad,,,,,,KG03,13.633825
2022,Jalal-Abad,,,,,,KG03,14.956994
2023,Jalal-Abad,,,,,,KG03,16.243665
2018,Issyk-Kul,,,,,,KG02,13.6
2019,Issyk-Kul,,,,,,KG02,12.890062
2020,Issyk-Kul,,,,,,KG02,13.5
2021,Issyk-Kul,,,,,,KG02,11.55279
2022,Issyk-Kul,,,,,,KG02,10.216784
2023,Issyk-Kul,,,,,,KG02,7.657923
2018,Naryn,,,,,,KG04,7.1
2019,Naryn,,,,,,KG04,10.162158
2020,Naryn,,,,,,KG04,9.6
2021,Naryn,,,,,,KG04,8.857787
2022,Naryn,,,,,,KG04,12.292587
2023,Naryn,,,,,,KG04,10.866087
2018,Osh,,,,,,KG06,1.3
2019,Osh,,,,,,KG06,2.770504
2020,Osh,,,,,,KG06,2.7
2021,Osh,,,,,,KG06,2.011959
2022,Osh,,,,,,KG06,1.190447
2023,Osh,,,,,,KG06,0.795697
2018,Talas,,,,,,KG07,8.8
2019,Talas,,,,,,KG07,17.739576
2020,Talas,,,,,,KG07,14.7
2021,Talas,,,,,,KG07,15.717645
2022,Talas,,,,,,KG07,13.453576
2023,Talas,,,,,,KG07,8.299786
2018,Chui,,,,,,KG08,11.1
2019,Chui,,,,,,KG08,18.259395
2020,Chui,,,,,,KG08,18.2
2021,Chui,,,,,,KG08,17.552937
2022,Chui,,,,,,KG08,16.392955
2023,Chui,,,,,,KG08,15.806671
2018,Bishkek (city),,,,,,KG11,59.9
2019,Bishkek (city),,,,,,KG11,74.995693
2020,Bishkek (city),,,,,,KG11,74.0
2021,Bishkek (city),,,,,,KG11,68.912342
2022,Bishkek (city),,,,,,KG11,73.546822
2023,Bishkek (city),,,,,,KG11,68.945555
2018,Osh (city),,,,,,KG21,32.1
2019,Osh (city),,,,,,KG21,38.304982
2020,Osh (city),,,,,,KG21,35.1
2021,Osh (city),,,,,,KG21,31.366
2022,Osh (city),,,,,,KG21,33.802493
2023,Osh (city),,,,,,KG21,30.425502
2018,,,,,Primary education,Образование главы домохозяйства,,6.8
2019,,,,,Primary education,Образование главы домохозяйства,,20.788716
2020,,,,,Primary education,Образование главы домохозяйства,,19.887519
2021,,,,,Primary education,Образование главы домохозяйства,,19.269932
2022,,,,,Primary education,Образование главы домохозяйства,,18.990956
2023,,,,,Primary education,Образование главы домохозяйства,,14.976208
2018,,,,,Lower secondary education,Образование главы домохозяйства,,10.5
2019,,,,,Lower secondary education,Образование главы домохозяйства,,14.480702
2020,,,,,Lower secondary education,Образование главы домохозяйства,,15.941415
2021,,,,,Lower secondary education,Образование главы домохозяйства,,14.268643
2022,,,,,Lower secondary education,Образование главы домохозяйства,,16.56969
2023,,,,,Lower secondary education,Образование главы домохозяйства,,17.392665
2018,,,,,Upper secondary education,Образование главы домохозяйства,,11.4
2019,,,,,Upper secondary education,Образование главы домохозяйства,,16.393354
2020,,,,,Upper secondary education,Образование главы домохозяйства,,17.072533
2021,,,,,Upper secondary education,Образование главы домохозяйства,,14.552442
2022,,,,,Upper secondary education,Образование главы домохозяйства,,15.870421
2023,,,,,Upper secondary education,Образование главы домохозяйства,,20.618935
2018,,,,,Post-secondary non-tertiary education,Образование главы домохозяйства,,19.7
2019,,,,,Post-secondary non-tertiary education,Образование главы домохозяйства,,28.63316
2020,,,,,Post-secondary non-tertiary education,Образование главы домохозяйства,,26.911668
2021,,,,,Post-secondary non-tertiary education,Образование главы домохозяйства,,25.664207
2022,,,,,Post-secondary non-tertiary education,Образование главы домохозяйства,,27.049901
2023,,,,,Post-secondary non-tertiary education,Образование главы домохозяйства,,22.148259
2018,,,,,Tertiary education (Bachelor’s and Master's or equivalent),Образование главы домохозяйства,,38.9
2019,,,,,Tertiary education (Bachelor’s and Master's or equivalent),Образование главы домохозяйства,,43.47959
2020,,,,,Tertiary education (Bachelor’s and Master's or equivalent),Образование главы домохозяйства,,43.203737
2021,,,,,Tertiary education (Bachelor’s and Master's or equivalent),Образование главы домохозяйства,,42.28483
2022,,,,,Tertiary education (Bachelor’s and Master's or equivalent),Образование главы домохозяйства,,44.103777
2023,,,,,Tertiary education (Bachelor’s and Master's or equivalent),Образование главы домохозяйства,,21.800265
2018,,,,Quintile 1 (poorest),,,,10.0
2019,,,,Quintile 1 (poorest),,,,161.0
2020,,,,Quintile 1 (poorest),,,,178.0
2021,,,,Quintile 1 (poorest),,,,176.0
2022,,,,Quintile 1 (poorest),,,,168.0
2023,,,,Quintile 1 (poorest),,,,151.0
2018,,,,Quintile 2,,,,2.6
2019,,,,Quintile 2,,,,19.894537
2020,,,,Quintile 2,,,,19.792564
2021,,,,Quintile 2,,,,19.024458
2022,,,,Quintile 2,,,,20.29754
2023,,,,Quintile 2,,,,17.066945
2018,,,,Quintile 3,,,,6.1
2019,,,,Quintile 3,,,,23.388382
2020,,,,Quintile 3,,,,25.632521
2021,,,,Quintile 3,,,,20.90386
2022,,,,Quintile 3,,,,20.462653
2023,,,,Quintile 3,,,,17.117857
2018,,,,Quintile 4,,,,9.3
2019,,,,Quintile 4,,,,28.436681
2020,,,,Quintile 4,,,,25.947289
2021,,,,Quintile 4,,,,25.414722
2022,,,,Quintile 4,,,,29.734732
2023,,,,Quintile 4,,,,22.725888
2018,,,,Quintile 5 (richest),,,,76.9
2019,,,,Quintile 5 (richest),,,,29.400431
2020,,,,Quintile 5 (richest),,,,26.109187
2021,,,,Quintile 5 (richest),,,,23.244428
2022,,,,Quintile 5 (richest),,,,24.710164
2023,,,,Quintile 5 (richest),,,,27.767655
