Year,Unit multiplier,SERIES,Economic activity,UNIT_MEASURE,Value
2007,Units,Power intensity of GDP by indusry,,Kilowatt-hours per 1mn som,87.7
2008,Units,Power intensity of GDP by indusry,,Kilowatt-hours per 1mn som,59.8
2009,Units,Power intensity of GDP by indusry,,Kilowatt-hours per 1mn som,49.9
2010,Units,Power intensity of GDP by indusry,,Kilowatt-hours per 1mn som,47.7
2011,Units,Power intensity of GDP by indusry,,Kilowatt-hours per 1mn som,43.3
2012,Units,Power intensity of GDP by indusry,,Kilowatt-hours per 1mn som,43.7
2013,Units,Power intensity of GDP by indusry,,Kilowatt-hours per 1mn som,38.5
2014,Units,Power intensity of GDP by indusry,,Kilowatt-hours per 1mn som,36.9
2015,Units,Power intensity of GDP by indusry,,Kilowatt-hours per 1mn som,31.5
2016,Units,Power intensity of GDP by indusry,,Kilowatt-hours per 1mn som,27.9
2017,Units,Power intensity of GDP by indusry,,Kilowatt-hours per 1mn som,26.9
2018,Units,Power intensity of GDP by indusry,,Kilowatt-hours per 1mn som,26.3
2019,Units,Power intensity of GDP by indusry,,Kilowatt-hours per 1mn som,24.41
2020,Units,Power intensity of GDP by indusry,,Kilowatt-hours per 1mn som,25.6
2007,Thousands,Power intensity of GDP by indusry,"Agriculture, forestry and fishing",Thousands kilowatt-hours per 1mn som,20.5
2008,Thousands,Power intensity of GDP by indusry,"Agriculture, forestry and fishing",Thousands kilowatt-hours per 1mn som,15.0
2009,Thousands,Power intensity of GDP by indusry,"Agriculture, forestry and fishing",Thousands kilowatt-hours per 1mn som,15.6
2010,Thousands,Power intensity of GDP by indusry,"Agriculture, forestry and fishing",Thousands kilowatt-hours per 1mn som,14.3
2011,Thousands,Power intensity of GDP by indusry,"Agriculture, forestry and fishing",Thousands kilowatt-hours per 1mn som,14.3
2012,Thousands,Power intensity of GDP by indusry,"Agriculture, forestry and fishing",Thousands kilowatt-hours per 1mn som,14.7
2013,Thousands,Power intensity of GDP by indusry,"Agriculture, forestry and fishing",Thousands kilowatt-hours per 1mn som,14.9
2014,Thousands,Power intensity of GDP by indusry,"Agriculture, forestry and fishing",Thousands kilowatt-hours per 1mn som,12.9
2015,Thousands,Power intensity of GDP by indusry,"Agriculture, forestry and fishing",Thousands kilowatt-hours per 1mn som,16.1
2016,Thousands,Power intensity of GDP by indusry,"Agriculture, forestry and fishing",Thousands kilowatt-hours per 1mn som,15.8
2017,Thousands,Power intensity of GDP by indusry,"Agriculture, forestry and fishing",Thousands kilowatt-hours per 1mn som,16.3
2018,Thousands,Power intensity of GDP by indusry,"Agriculture, forestry and fishing",Thousands kilowatt-hours per 1mn som,15.8
2019,Thousands,Power intensity of GDP by indusry,"Agriculture, forestry and fishing",Thousands kilowatt-hours per 1mn som,14.32
2020,Thousands,Power intensity of GDP by indusry,"Agriculture, forestry and fishing",Thousands kilowatt-hours per 1mn som,13.073527
2007,Thousands,Power intensity of GDP by indusry,Industry (total),Thousands kilowatt-hours per 1mn som,71.8
2008,Thousands,Power intensity of GDP by indusry,Industry (total),Thousands kilowatt-hours per 1mn som,46.0
2009,Thousands,Power intensity of GDP by indusry,Industry (total),Thousands kilowatt-hours per 1mn som,40.1
2010,Thousands,Power intensity of GDP by indusry,Industry (total),Thousands kilowatt-hours per 1mn som,33.1
2011,Thousands,Power intensity of GDP by indusry,Industry (total),Thousands kilowatt-hours per 1mn som,30.0
2012,Thousands,Power intensity of GDP by indusry,Industry (total),Thousands kilowatt-hours per 1mn som,41.2
2013,Thousands,Power intensity of GDP by indusry,Industry (total),Thousands kilowatt-hours per 1mn som,35.0
2014,Thousands,Power intensity of GDP by indusry,Industry (total),Thousands kilowatt-hours per 1mn som,43.0
2015,Thousands,Power intensity of GDP by indusry,Industry (total),Thousands kilowatt-hours per 1mn som,31.8
2016,Thousands,Power intensity of GDP by indusry,Industry (total),Thousands kilowatt-hours per 1mn som,26.3
2017,Thousands,Power intensity of GDP by indusry,Industry (total),Thousands kilowatt-hours per 1mn som,25.0
2018,Thousands,Power intensity of GDP by indusry,Industry (total),Thousands kilowatt-hours per 1mn som,25.5
2019,Thousands,Power intensity of GDP by indusry,Industry (total),Thousands kilowatt-hours per 1mn som,23.61
2020,Thousands,Power intensity of GDP by indusry,Industry (total),Thousands kilowatt-hours per 1mn som,21.941291
2007,Millions,Power generation at small hydroelecric plant,,Kilowatt-hours,158.9
2008,Millions,Power generation at small hydroelecric plant,,Kilowatt-hours,146.9
2009,Millions,Power generation at small hydroelecric plant,,Kilowatt-hours,168.8
2010,Millions,Power generation at small hydroelecric plant,,Kilowatt-hours,180.5
2011,Millions,Power generation at small hydroelecric plant,,Kilowatt-hours,174.7
2012,Millions,Power generation at small hydroelecric plant,,Kilowatt-hours,155.2
2013,Millions,Power generation at small hydroelecric plant,,Kilowatt-hours,160.3
2014,Millions,Power generation at small hydroelecric plant,,Kilowatt-hours,130.9
2015,Millions,Power generation at small hydroelecric plant,,Kilowatt-hours,207.6
2016,Millions,Power generation at small hydroelecric plant,,Kilowatt-hours,248.3
2017,Millions,Power generation at small hydroelecric plant,,Kilowatt-hours,260.3
2018,Millions,Power generation at small hydroelecric plant,,Kilowatt-hours,202.9
2019,Millions,Power generation at small hydroelecric plant,,Kilowatt-hours,200.5
