Year,Reference area,Sex,Age,Value
2007,,,,8.2
2008,,,,8.2
2009,,,,8.4
2010,,,,8.6
2011,,,,8.5
2012,,,,8.4
2013,,,,8.3
2014,,,,8.0
2015,,,,7.6
2016,,,,7.2
2017,,,,6.9
2018,,,,6.2
2019,,,,5.5
2020,,,,5.8
2007,,Female,,9.0
2008,,Female,,9.4
2009,,Female,,9.8
2010,,Female,,9.9
2011,,Female,,9.9
2012,,Female,,9.5
2013,,Female,,9.7
2014,,Female,,9.5
2015,,Female,,9.0
2016,,Female,,8.7
2017,,Female,,8.9
2018,,Female,,6.9
2019,,Female,,6.2
2020,,Female,,6.7
2007,,Male,,7.6
2008,,Male,,7.3
2009,,Male,,7.4
2010,,Male,,7.7
2011,,Male,,7.6
2012,,Male,,7.7
2013,,Male,,7.4
2014,,Male,,7.0
2015,,Male,,6.5
2016,,Male,,6.2
2017,,Male,,5.6
2018,,Male,,5.7
2019,,Male,,5.0
2020,,Male,,5.2
2007,Batken,,,10.3
2008,Batken,,,11.1
2009,Batken,,,10.2
2010,Batken,,,10.6
2011,Batken,,,10.6
2012,Batken,,,10.8
2013,Batken,,,12.7
2014,Batken,,,12.6
2015,Batken,,,10.9
2016,Batken,,,10.2
2017,Batken,,,9.9
2018,Batken,,,9.0
2019,Batken,,,8.2
2020,Batken,,,7.4
2009,Batken,Female,,14.8
2010,Batken,Female,,15.8
2011,Batken,Female,,14.0
2012,Batken,Female,,14.1
2013,Batken,Female,,18.4
2014,Batken,Female,,18.7
2015,Batken,Female,,16.5
2016,Batken,Female,,15.3
2017,Batken,Female,,16.0
2018,Batken,Female,,12.2
2019,Batken,Female,,11.5
2020,Batken,Female,,10.9
2009,Batken,Male,,7.2
2010,Batken,Male,,7.2
2011,Batken,Male,,8.4
2012,Batken,Male,,8.7
2013,Batken,Male,,9.8
2014,Batken,Male,,9.6
2015,Batken,Male,,7.6
2016,Batken,Male,,7.1
2017,Batken,Male,,6.3
2018,Batken,Male,,7.3
2019,Batken,Male,,6.7
2020,Batken,Male,,5.9
2007,Jalal-Abad,,,6.8
2008,Jalal-Abad,,,6.9
2009,Jalal-Abad,,,7.0
2010,Jalal-Abad,,,7.8
2011,Jalal-Abad,,,8.2
2012,Jalal-Abad,,,8.4
2013,Jalal-Abad,,,8.2
2014,Jalal-Abad,,,7.6
2015,Jalal-Abad,,,7.7
2016,Jalal-Abad,,,7.5
2017,Jalal-Abad,,,7.2
2018,Jalal-Abad,,,6.2
2019,Jalal-Abad,,,5.5
2020,Jalal-Abad,,,11.0
2009,Jalal-Abad,Female,,8.5
2010,Jalal-Abad,Female,,8.9
2011,Jalal-Abad,Female,,9.4
2012,Jalal-Abad,Female,,9.0
2013,Jalal-Abad,Female,,10.3
2014,Jalal-Abad,Female,,10.0
2015,Jalal-Abad,Female,,9.9
2016,Jalal-Abad,Female,,10.3
2017,Jalal-Abad,Female,,10.5
2018,Jalal-Abad,Female,,9.1
2019,Jalal-Abad,Female,,7.9
2020,Jalal-Abad,Female,,13.2
2009,Jalal-Abad,Male,,5.9
2010,Jalal-Abad,Male,,7.1
2011,Jalal-Abad,Male,,7.3
2012,Jalal-Abad,Male,,7.9
2013,Jalal-Abad,Male,,6.7
2014,Jalal-Abad,Male,,6.0
2015,Jalal-Abad,Male,,6.1
2016,Jalal-Abad,Male,,5.8
2017,Jalal-Abad,Male,,5.3
2018,Jalal-Abad,Male,,4.7
2019,Jalal-Abad,Male,,4.2
2020,Jalal-Abad,Male,,9.7
2007,Issyk-Kul,,,7.0
2008,Issyk-Kul,,,7.2
2009,Issyk-Kul,,,9.4
2010,Issyk-Kul,,,10.2
2011,Issyk-Kul,,,9.7
2012,Issyk-Kul,,,9.6
2013,Issyk-Kul,,,9.5
2014,Issyk-Kul,,,9.3
2015,Issyk-Kul,,,9.1
2016,Issyk-Kul,,,8.9
2017,Issyk-Kul,,,8.7
2018,Issyk-Kul,,,8.4
2019,Issyk-Kul,,,7.8
2020,Issyk-Kul,,,7.4
2009,Issyk-Kul,Female,,11.1
2010,Issyk-Kul,Female,,10.1
2011,Issyk-Kul,Female,,10.8
2012,Issyk-Kul,Female,,8.9
2013,Issyk-Kul,Female,,9.4
2014,Issyk-Kul,Female,,10.1
2015,Issyk-Kul,Female,,9.6
2016,Issyk-Kul,Female,,8.5
2017,Issyk-Kul,Female,,8.0
2018,Issyk-Kul,Female,,4.9
2019,Issyk-Kul,Female,,4.9
2020,Issyk-Kul,Female,,6.1
2009,Issyk-Kul,Male,,8.2
2010,Issyk-Kul,Male,,10.3
2011,Issyk-Kul,Male,,8.9
2012,Issyk-Kul,Male,,10.0
2013,Issyk-Kul,Male,,9.5
2014,Issyk-Kul,Male,,8.7
2015,Issyk-Kul,Male,,8.7
2016,Issyk-Kul,Male,,9.1
2017,Issyk-Kul,Male,,9.0
2018,Issyk-Kul,Male,,10.2
2019,Issyk-Kul,Male,,9.4
2020,Issyk-Kul,Male,,8.2
2007,Naryn,,,11.1
2008,Naryn,,,11.2
2009,Naryn,,,10.0
2010,Naryn,,,10.3
2011,Naryn,,,10.3
2012,Naryn,,,10.2
2013,Naryn,,,9.1
2014,Naryn,,,9.7
2015,Naryn,,,9.3
2016,Naryn,,,9.0
2017,Naryn,,,8.8
2018,Naryn,,,8.8
2019,Naryn,,,8.3
2020,Naryn,,,7.3
2009,Naryn,Female,,14.7
2010,Naryn,Female,,14.7
2011,Naryn,Female,,14.7
2012,Naryn,Female,,16.3
2013,Naryn,Female,,14.2
2014,Naryn,Female,,15.4
2015,Naryn,Female,,13.7
2016,Naryn,Female,,14.6
2017,Naryn,Female,,12.3
2018,Naryn,Female,,15.0
2019,Naryn,Female,,11.1
2020,Naryn,Female,,12.4
2009,Naryn,Male,,7.6
2010,Naryn,Male,,8.2
2011,Naryn,Male,,8.1
2012,Naryn,Male,,7.4
2013,Naryn,Male,,6.8
2014,Naryn,Male,,7.4
2015,Naryn,Male,,7.6
2016,Naryn,Male,,6.6
2017,Naryn,Male,,7.1
2018,Naryn,Male,,6.2
2019,Naryn,Male,,7.1
2020,Naryn,Male,,5.2
2007,Osh,,,5.4
2008,Osh,,,5.5
2009,Osh,,,6.6
2010,Osh,,,6.61
2011,Osh,,,6.6
2012,Osh,,,6.8
2013,Osh,,,6.3
2014,Osh,,,6.6
2015,Osh,,,6.0
2016,Osh,,,5.5
2017,Osh,,,5.1
2018,Osh,,,4.2
2019,Osh,,,3.5
2020,Osh,,,2.6
2009,Osh,Female,,8.1
2010,Osh,Female,,7.8
2011,Osh,Female,,7.8
2012,Osh,Female,,8.9
2013,Osh,Female,,7.4
2014,Osh,Female,,7.3
2015,Osh,Female,,7.7
2016,Osh,Female,,7.1
2017,Osh,Female,,7.7
2018,Osh,Female,,6.6
2019,Osh,Female,,4.3
2020,Osh,Female,,4.1
2009,Osh,Male,,5.7
2010,Osh,Male,,5.9
2011,Osh,Male,,5.8
2012,Osh,Male,,5.5
2013,Osh,Male,,5.6
2014,Osh,Male,,6.0
2015,Osh,Male,,4.8
2016,Osh,Male,,4.4
2017,Osh,Male,,3.5
2018,Osh,Male,,2.7
2019,Osh,Male,,3.0
2020,Osh,Male,,1.5
2007,Talas,,,5.1
2008,Talas,,,5.4
2009,Talas,,,4.9
2010,Talas,,,5.1
2011,Talas,,,5.0
2012,Talas,,,4.1
2013,Talas,,,3.7
2014,Talas,,,3.9
2015,Talas,,,3.3
2016,Talas,,,2.8
2017,Talas,,,2.5
2018,Talas,,,2.5
2019,Talas,,,2.5
2020,Talas,,,2.6
2009,Talas,Female,,5.7
2010,Talas,Female,,5.2
2011,Talas,Female,,5.9
2012,Talas,Female,,4.1
2013,Talas,Female,,4.8
2014,Talas,Female,,6.5
2015,Talas,Female,,5.6
2016,Talas,Female,,5.0
2017,Talas,Female,,4.6
2018,Talas,Female,,3.6
2019,Talas,Female,,3.6
2020,Talas,Female,,3.7
2009,Talas,Male,,4.2
2010,Talas,Male,,4.9
2011,Talas,Male,,4.4
2012,Talas,Male,,4.1
2013,Talas,Male,,2.8
2014,Talas,Male,,1.7
2015,Talas,Male,,1.3
2016,Talas,Male,,1.2
2017,Talas,Male,,0.9
2018,Talas,Male,,1.7
2019,Talas,Male,,1.8
2020,Talas,Male,,1.8
2007,Chui,,,13.0
2008,Chui,,,12.7
2009,Chui,,,10.3
2010,Chui,,,10.2
2011,Chui,,,9.9
2012,Chui,,,9.9
2013,Chui,,,9.8
2014,Chui,,,8.9
2015,Chui,,,8.6
2016,Chui,,,8.4
2017,Chui,,,8.1
2018,Chui,,,7.3
2019,Chui,,,6.6
2020,Chui,,,6.1
2009,Chui,Female,,11.3
2010,Chui,Female,,11.4
2011,Chui,Female,,10.5
2012,Chui,Female,,9.1
2013,Chui,Female,,10.8
2014,Chui,Female,,9.6
2015,Chui,Female,,8.2
2016,Chui,Female,,8.9
2017,Chui,Female,,9.1
2018,Chui,Female,,7.4
2019,Chui,Female,,7.4
2020,Chui,Female,,7.3
2009,Chui,Male,,9.6
2010,Chui,Male,,9.3
2011,Chui,Male,,9.5
2012,Chui,Male,,10.5
2013,Chui,Male,,9.1
2014,Chui,Male,,8.4
2015,Chui,Male,,8.9
2016,Chui,Male,,8.0
2017,Chui,Male,,7.4
2018,Chui,Male,,7.3
2019,Chui,Male,,6.1
2020,Chui,Male,,5.3
2007,Bishkek (city),,,8.7
2008,Bishkek (city),,,8.6
2009,Bishkek (city),,,10.2
2010,Bishkek (city),,,10.0
2011,Bishkek (city),,,9.6
2012,Bishkek (city),,,8.7
2013,Bishkek (city),,,9.4
2014,Bishkek (city),,,8.9
2015,Bishkek (city),,,8.1
2016,Bishkek (city),,,7.7
2017,Bishkek (city),,,7.3
2018,Bishkek (city),,,6.7
2019,Bishkek (city),,,5.9
2020,Bishkek (city),,,5.0
2009,Bishkek (city),Female,,9.6
2010,Bishkek (city),Female,,10.6
2011,Bishkek (city),Female,,10.6
2012,Bishkek (city),Female,,9.7
2013,Bishkek (city),Female,,9.7
2014,Bishkek (city),Female,,9.5
2015,Bishkek (city),Female,,8.4
2016,Bishkek (city),Female,,7.6
2017,Bishkek (city),Female,,7.9
2018,Bishkek (city),Female,,5.0
2019,Bishkek (city),Female,,5.5
2020,Bishkek (city),Female,,4.6
2009,Bishkek (city),Male,,10.7
2010,Bishkek (city),Male,,9.5
2011,Bishkek (city),Male,,8.7
2012,Bishkek (city),Male,,7.8
2013,Bishkek (city),Male,,9.3
2014,Bishkek (city),Male,,8.4
2015,Bishkek (city),Male,,7.7
2016,Bishkek (city),Male,,7.8
2017,Bishkek (city),Male,,6.7
2018,Bishkek (city),Male,,8.2
2019,Bishkek (city),Male,,6.2
2020,Bishkek (city),Male,,5.4
2013,Osh (city),,,4.6
2014,Osh (city),,,4.2
2015,Osh (city),,,3.9
2016,Osh (city),,,3.6
2017,Osh (city),,,3.5
2018,Osh (city),,,3.0
2019,Osh (city),,,2.5
2020,Osh (city),,,2.8
2013,Osh (city),Female,,3.8
2014,Osh (city),Female,,5.2
2015,Osh (city),Female,,5.6
2016,Osh (city),Female,,6.3
2017,Osh (city),Female,,4.5
2018,Osh (city),Female,,3.5
2019,Osh (city),Female,,4.4
2020,Osh (city),Female,,3.7
2013,Osh (city),Male,,5.0
2014,Osh (city),Male,,3.8
2015,Osh (city),Male,,3.1
2016,Osh (city),Male,,2.5
2017,Osh (city),Male,,3.0
2018,Osh (city),Male,,2.7
2019,Osh (city),Male,,1.5
2020,Osh (city),Male,,2.3
2007,,,15 to 19 years old,15.1
2008,,,15 to 19 years old,13.3
2009,,,15 to 19 years old,16.8
2010,,,15 to 19 years old,19.072445
2011,,,15 to 19 years old,18.9
2012,,,15 to 19 years old,21.3
2013,,,15 to 19 years old,16.2
2014,,,15 to 19 years old,17.7
2015,,,15 to 19 years old,17.3
2016,,,15 to 19 years old,19.9
2017,,,15 to 19 years old,18.3
2018,,,15 to 19 years old,13.9
2019,,,15 to 19 years old,13.9
2020,,,15 to 19 years old,13.7
2007,,,20 to 29 years old,10.2
2008,,,20 to 29 years old,11.4
2009,,,20 to 29 years old,12.7
2010,,,20 to 29 years old,12.397261
2011,,,20 to 29 years old,12.5
2012,,,20 to 29 years old,11.9
2013,,,20 to 29 years old,10.4
2014,,,20 to 29 years old,10.2
2015,,,20 to 29 years old,10.5
2016,,,20 to 29 years old,10.4
2017,,,20 to 29 years old,10.2
2018,,,20 to 29 years old,9.5
2019,,,20 to 29 years old,9.3
2020,,,20 to 29 years old,8.9
2007,,,30 to 39 years old,7.2
2008,,,30 to 39 years old,7.3
2009,,,30 to 39 years old,6.1
2010,,,30 to 39 years old,6.198562
2011,,,30 to 39 years old,6.5
2012,,,30 to 39 years old,7.0
2013,,,30 to 39 years old,7.2
2014,,,30 to 39 years old,6.7
2015,,,30 to 39 years old,6.2
2016,,,30 to 39 years old,5.9
2017,,,30 to 39 years old,5.4
2018,,,30 to 39 years old,4.6
2019,,,30 to 39 years old,4.0
2020,,,30 to 39 years old,5.1
2007,,,40 to 49 years old,6.2
2008,,,40 to 49 years old,6.2
2009,,,40 to 49 years old,5.2
2010,,,40 to 49 years old,5.90176
2011,,,40 to 49 years old,5.5
2012,,,40 to 49 years old,4.9
2013,,,40 to 49 years old,6.4
2014,,,40 to 49 years old,6.7
2015,,,40 to 49 years old,5.8
2016,,,40 to 49 years old,5.3
2017,,,40 to 49 years old,5.3
2018,,,40 to 49 years old,4.3
2019,,,40 to 49 years old,3.6
2020,,,40 to 49 years old,4.4
2007,,,50 to 59 years old,5.7
2008,,,50 to 59 years old,4.5
2009,,,50 to 59 years old,4.6
2010,,,50 to 59 years old,4.823213
2011,,,50 to 59 years old,4.6
2012,,,50 to 59 years old,4.8
2013,,,50 to 59 years old,6.1
2014,,,50 to 59 years old,5.1
2015,,,50 to 59 years old,4.2
2016,,,50 to 59 years old,3.5
2017,,,50 to 59 years old,3.8
2018,,,50 to 59 years old,4.2
2019,,,50 to 59 years old,3.1
2020,,,50 to 59 years old,3.1
2007,,,60 to 69 years old,2.9
2008,,,60 to 69 years old,0.8
2009,,,60 to 69 years old,1.5
2010,,,60 to 69 years old,2.319915
2011,,,60 to 69 years old,2.5
2012,,,60 to 69 years old,2.8
2013,,,60 to 69 years old,3.2
2014,,,60 to 69 years old,2.6
2015,,,60 to 69 years old,2.8
2016,,,60 to 69 years old,1.3
2017,,,60 to 69 years old,1.6
2018,,,60 to 69 years old,2.7
2019,,,60 to 69 years old,1.1
2020,,,60 to 69 years old,1.8
2010,,,70 years old and over,0.561023
2011,,,70 years old and over,0.7
2013,,,70 years old and over,1.6
2014,,,70 years old and over,2.8
2015,,,70 years old and over,1.4
2016,,,70 years old and over,0.9
2017,,,70 years old and over,0.3
2020,,,70 years old and over,0.6
