Year,Unit multiplier,SDG Series,Composite breakdown,Unit of measure,Value
2010,Millions,Passenger volume (passenger kilometres),,Number,8122.4
2014,Millions,Passenger volume (passenger kilometres),,Number,10776.8
2015,Millions,Passenger volume (passenger kilometres),,Number,11012.5
2016,Millions,Passenger volume (passenger kilometres),,Number,11333.6
2017,Millions,Passenger volume (passenger kilometres),,Number,12279.3
2018,Millions,Passenger volume (passenger kilometres),,Number,12516.2
2019,Millions,Passenger volume (passenger kilometres),,Number,13135.1
2020,Millions,Passenger volume (passenger kilometres),,Number,7381.8
2010,Millions,Passenger volume (passenger kilometres),Mode of Transport: Rail,Number,98.7
2014,Millions,Passenger volume (passenger kilometres),Mode of Transport: Rail,Number,42.9
2015,Millions,Passenger volume (passenger kilometres),Mode of Transport: Rail,Number,40.8
2016,Millions,Passenger volume (passenger kilometres),Mode of Transport: Rail,Number,40.8
2017,Millions,Passenger volume (passenger kilometres),Mode of Transport: Rail,Number,43.4
2018,Millions,Passenger volume (passenger kilometres),Mode of Transport: Rail,Number,35.0
2019,Millions,Passenger volume (passenger kilometres),Mode of Transport: Rail,Number,37.1
2020,Millions,Passenger volume (passenger kilometres),Mode of Transport: Rail,Number,6.8
2010,Millions,Passenger volume (passenger kilometres),Mode of Transport: Bus,Number,6810.0
2014,Millions,Passenger volume (passenger kilometres),Mode of Transport: Bus,Number,8000.0
2015,Millions,Passenger volume (passenger kilometres),Mode of Transport: Bus,Number,8410.4
2016,Millions,Passenger volume (passenger kilometres),Mode of Transport: Bus,Number,8839.3
2017,Millions,Passenger volume (passenger kilometres),Mode of Transport: Bus,Number,8931.5
2018,Millions,Passenger volume (passenger kilometres),Mode of Transport: Bus,Number,9305.6
2019,Millions,Passenger volume (passenger kilometres),Mode of Transport: Bus,Number,10490.2
2020,Millions,Passenger volume (passenger kilometres),Mode of Transport: Bus,Number,6035.6
2010,Millions,Passenger volume (passenger kilometres),Mode of Transport: Trolley bus,Number,100.9
2014,Millions,Passenger volume (passenger kilometres),Mode of Transport: Trolley bus,Number,82.5
2015,Millions,Passenger volume (passenger kilometres),Mode of Transport: Trolley bus,Number,95.6
2016,Millions,Passenger volume (passenger kilometres),Mode of Transport: Trolley bus,Number,106.1
2017,Millions,Passenger volume (passenger kilometres),Mode of Transport: Trolley bus,Number,120.1
2018,Millions,Passenger volume (passenger kilometres),Mode of Transport: Trolley bus,Number,137.1
2019,Millions,Passenger volume (passenger kilometres),Mode of Transport: Trolley bus,Number,148.8
2020,Millions,Passenger volume (passenger kilometres),Mode of Transport: Trolley bus,Number,89.5
2010,Millions,Passenger volume (passenger kilometres),Mode of Transport: Taxi,Number,298.6
2014,Millions,Passenger volume (passenger kilometres),Mode of Transport: Taxi,Number,471.4
2015,Millions,Passenger volume (passenger kilometres),Mode of Transport: Taxi,Number,499.6
2016,Millions,Passenger volume (passenger kilometres),Mode of Transport: Taxi,Number,546.0
2017,Millions,Passenger volume (passenger kilometres),Mode of Transport: Taxi,Number,569.1
2018,Millions,Passenger volume (passenger kilometres),Mode of Transport: Taxi,Number,642.4
2019,Millions,Passenger volume (passenger kilometres),Mode of Transport: Taxi,Number,752.0
2020,Millions,Passenger volume (passenger kilometres),Mode of Transport: Taxi,Number,712.2
2010,Millions,Passenger volume (passenger kilometres),Mode of Transport: Air,Number,814.2
2014,Millions,Passenger volume (passenger kilometres),Mode of Transport: Air,Number,2180.0
2015,Millions,Passenger volume (passenger kilometres),Mode of Transport: Air,Number,1966.1
2016,Millions,Passenger volume (passenger kilometres),Mode of Transport: Air,Number,1801.4
2017,Millions,Passenger volume (passenger kilometres),Mode of Transport: Air,Number,2615.2
2018,Millions,Passenger volume (passenger kilometres),Mode of Transport: Air,Number,2396.1
2019,Millions,Passenger volume (passenger kilometres),Mode of Transport: Air,Number,1707.0
2020,Millions,Passenger volume (passenger kilometres),Mode of Transport: Air,Number,537.7
2010,Millions,Freight volume (tonne kilometres),,Metric Tons,2178.1
2014,Millions,Freight volume (tonne kilometres),,Metric Tons,2497.1
2015,Millions,Freight volume (tonne kilometres),,Metric Tons,2525.1
2016,Millions,Freight volume (tonne kilometres),,Metric Tons,2466.4
2017,Millions,Freight volume (tonne kilometres),,Metric Tons,2641.0
2018,Millions,Freight volume (tonne kilometres),,Metric Tons,2777.3
2019,Millions,Freight volume (tonne kilometres),,Metric Tons,2913.6
2020,Millions,Freight volume (tonne kilometres),,Metric Tons,2434.5
2010,Millions,Freight volume (tonne kilometres),Mode of Transport: Rail,Metric Tons,737.7
2014,Millions,Freight volume (tonne kilometres),Mode of Transport: Rail,Metric Tons,1010.0
2015,Millions,Freight volume (tonne kilometres),Mode of Transport: Rail,Metric Tons,917.8
2016,Millions,Freight volume (tonne kilometres),Mode of Transport: Rail,Metric Tons,807.0
2017,Millions,Freight volume (tonne kilometres),Mode of Transport: Rail,Metric Tons,937.3
2018,Millions,Freight volume (tonne kilometres),Mode of Transport: Rail,Metric Tons,950.7
2019,Millions,Freight volume (tonne kilometres),Mode of Transport: Rail,Metric Tons,870.4
2020,Millions,Freight volume (tonne kilometres),Mode of Transport: Rail,Metric Tons,937.5
2010,Millions,Freight volume (tonne kilometres),Mode of Transport: Road,Metric Tons,1281.5
2014,Millions,Freight volume (tonne kilometres),Mode of Transport: Road,Metric Tons,1264.7
2015,Millions,Freight volume (tonne kilometres),Mode of Transport: Road,Metric Tons,1401.7
2016,Millions,Freight volume (tonne kilometres),Mode of Transport: Road,Metric Tons,1501.3
2017,Millions,Freight volume (tonne kilometres),Mode of Transport: Road,Metric Tons,1527.1
2018,Millions,Freight volume (tonne kilometres),Mode of Transport: Road,Metric Tons,1624.0
2019,Millions,Freight volume (tonne kilometres),Mode of Transport: Road,Metric Tons,1841.9
2020,Millions,Freight volume (tonne kilometres),Mode of Transport: Road,Metric Tons,1281.2
2010,Millions,Freight volume (tonne kilometres),Mode of Transport: Pipeline,Metric Tons,91.5
2014,Millions,Freight volume (tonne kilometres),Mode of Transport: Pipeline,Metric Tons,135.2
2015,Millions,Freight volume (tonne kilometres),Mode of Transport: Pipeline,Metric Tons,145.9
2016,Millions,Freight volume (tonne kilometres),Mode of Transport: Pipeline,Metric Tons,140.7
2017,Millions,Freight volume (tonne kilometres),Mode of Transport: Pipeline,Metric Tons,163.5
2018,Millions,Freight volume (tonne kilometres),Mode of Transport: Pipeline,Metric Tons,192.8
2019,Millions,Freight volume (tonne kilometres),Mode of Transport: Pipeline,Metric Tons,192.8
2020,Millions,Freight volume (tonne kilometres),Mode of Transport: Pipeline,Metric Tons,208.6
2010,Thousands,Freight volume (tonne kilometres),Mode of Transport: Water,Metric Tons,3.0
2014,Thousands,Freight volume (tonne kilometres),Mode of Transport: Water,Metric Tons,2.8
2015,Thousands,Freight volume (tonne kilometres),Mode of Transport: Water,Metric Tons,2.3
2016,Thousands,Freight volume (tonne kilometres),Mode of Transport: Water,Metric Tons,0.5
2017,Thousands,Freight volume (tonne kilometres),Mode of Transport: Water,Metric Tons,0.0
2010,Thousands,Freight volume (tonne kilometres),Mode of Transport: Air,Metric Tons,64.4
2014,Thousands,Freight volume (tonne kilometres),Mode of Transport: Air,Metric Tons,83.4
2015,Thousands,Freight volume (tonne kilometres),Mode of Transport: Air,Metric Tons,57.4
2016,Thousands,Freight volume (tonne kilometres),Mode of Transport: Air,Metric Tons,16.9
2017,Thousands,Freight volume (tonne kilometres),Mode of Transport: Air,Metric Tons,13.1
2018,Thousands,Freight volume (tonne kilometres),Mode of Transport: Air,Metric Tons,9.8
2019,Thousands,Freight volume (tonne kilometres),Mode of Transport: Air,Metric Tons,8.5
2020,Thousands,Freight volume (tonne kilometres),Mode of Transport: Air,Metric Tons,7.2
