Year,Показатель,Политика доменов,Value
2021,"Страны с миграционной политикой, способствующей упорядоченной, безопасной, регулярной и ответственной миграции и мобильности людей, по областям политики (1 = требует дальнейшего прогресса; 2 = частично соответствует; 3 = соответствует; 4 = полностью соответствует)",Общий,3
2021,"Страны с миграционной политикой, способствующей упорядоченной, безопасной, регулярной и ответственной миграции и мобильности людей, по областям политики (1 = требует дальнейшего прогресса; 2 = частично соответствует; 3 = соответствует; 4 = полностью соответствует)",Домен 1. Права мигрантов,3
2021,"Страны с миграционной политикой, способствующей упорядоченной, безопасной, регулярной и ответственной миграции и мобильности людей, по областям политики (1 = требует дальнейшего прогресса; 2 = частично соответствует; 3 = соответствует; 4 = полностью соответствует)",Домен 2. Общегосударственная/ основанная на фактах политика,4
2021,"Страны с миграционной политикой, способствующей упорядоченной, безопасной, регулярной и ответственной миграции и мобильности людей, по областям политики (1 = требует дальнейшего прогресса; 2 = частично соответствует; 3 = соответствует; 4 = полностью соответствует)",Домен 3. Сотрудничество и партнерство,4
2021,"Страны с миграционной политикой, способствующей упорядоченной, безопасной, регулярной и ответственной миграции и мобильности людей, по областям политики (1 = требует дальнейшего прогресса; 2 = частично соответствует; 3 = соответствует; 4 = полностью соответствует)",Домен 4. Социально-экономическое благополучие,3
2021,"Страны с миграционной политикой, способствующей упорядоченной, безопасной, регулярной и ответственной миграции и мобильности людей, по областям политики (1 = требует дальнейшего прогресса; 2 = частично соответствует; 3 = соответствует; 4 = полностью соответствует)",Домен 5. Мобильные измерения кризисов,3
2021,"Страны с миграционной политикой, способствующей упорядоченной, безопасной, регулярной и ответственной миграции и мобильности людей, по областям политики (1 = требует дальнейшего прогресса; 2 = частично соответствует; 3 = соответствует; 4 = полностью соответствует)","Домен 6. Безопасная, упорядоченная и регулярная миграция",4
