Year,Age,Education level,Composite breakdown,Value
2018,7 to 14 years old,,Skill: Functional literacy,57.9
2018,8 to 9 years old,,Skill: Functional literacy,47.4
2018,,"Primaria en forma parcial (sin conclusión del nivel), grado 2° o 3° rn",Skill: Functional literacy,38.7
2018,7 to 14 years old,,Skill: Functional numeracy,51.3
2018,8 to 9 years old,,Skill: Functional numeracy,41.8
2018,,"Primaria en forma parcial (sin conclusión del nivel), grado 2° o 3° rn",Skill: Functional numeracy,30.1
