Year,Показатель,Value
2019,Число местных органов власти,484.0
2020,Число местных органов власти,484.0
2021,Число местных органов власти,484.0
2022,Число местных органов власти,484.0
2023,Число местных органов власти,484.0
2019,"Доля местных органов власти, принявших и осуществляющих местные стратегии снижения риска бедствий",10.12397
2020,"Доля местных органов власти, принявших и осуществляющих местные стратегии снижения риска бедствий",13.2
2021,"Доля местных органов власти, принявших и осуществляющих местные стратегии снижения риска бедствий",21.5
2022,"Доля местных органов власти, принявших и осуществляющих местные стратегии снижения риска бедствий",34.5
2023,"Доля местных органов власти, принявших и осуществляющих местные стратегии снижения риска бедствий",40.53
2019,"Число местных органов власти, принявших и осуществляющих местные DRR стратегии по снижению риска бедствий в соответствии с национальными стратегиями",49.0
2020,"Число местных органов власти, принявших и осуществляющих местные DRR стратегии по снижению риска бедствий в соответствии с национальными стратегиями",67.0
2021,"Число местных органов власти, принявших и осуществляющих местные DRR стратегии по снижению риска бедствий в соответствии с национальными стратегиями",104.0
2022,"Число местных органов власти, принявших и осуществляющих местные DRR стратегии по снижению риска бедствий в соответствии с национальными стратегиями",167.0
2023,"Число местных органов власти, принявших и осуществляющих местные DRR стратегии по снижению риска бедствий в соответствии с национальными стратегиями",169.0
