Year,COMPOSITE_BREAKDOWN,Value
2013,_L_COFOG_GF042,488.2
2014,_L_COFOG_GF042,521.3
2015,_L_COFOG_GF042,758.0
2016,_L_COFOG_GF042,1034.8
2017,_L_COFOG_GF042,1569.2
2018,_L_COFOG_GF042,2283.9
2019,_L_COFOG_GF042,1778.1
2020,_L_COFOG_GF042,1333.83
2021,_L_COFOG_GF042,1221.02
2022,_L_COFOG_GF042,1497.61
2023,_L_COFOG_GF042,1143.6
2013,_L_COFOG_GF045,4295.0
2014,_L_COFOG_GF045,9576.3
2015,_L_COFOG_GF045,7552.8
2016,_L_COFOG_GF045,10221.8
2017,_L_COFOG_GF045,14436.4
2018,_L_COFOG_GF045,5471.0
2019,_L_COFOG_GF045,7926.56
2020,_L_COFOG_GF045,4294.3
2021,_L_COFOG_GF045,7544.6
2022,_L_COFOG_GF045,12582.13
2023,_L_COFOG_GF045,9428.8
2013,_L_COFOG_GF043,9828.6
2014,_L_COFOG_GF043,11570.1
2015,_L_COFOG_GF043,1603.2
2016,_L_COFOG_GF043,10411.7
2017,_L_COFOG_GF043,8104.8
2018,_L_COFOG_GF043,3356.2
2019,_L_COFOG_GF043,4979.56
2020,_L_COFOG_GF043,3625.55
2021,_L_COFOG_GF043,8224.07
2022,_L_COFOG_GF043,6466.32
2023,_L_COFOG_GF043,8877.5
2013,_L_COFOG_GF07,129.8
2014,_L_COFOG_GF07,64.0
2015,_L_COFOG_GF07,77.7
2016,_L_COFOG_GF07,77.2
2017,_L_COFOG_GF07,383.9
2018,_L_COFOG_GF07,351.7
2019,_L_COFOG_GF07,123.42
2020,_L_COFOG_GF07,1187.05
2021,_L_COFOG_GF07,1833.14
2022,_L_COFOG_GF07,1609.9
2023,_L_COFOG_GF07,1236.6
2013,_L_COFOG_GF09,118.8
2014,_L_COFOG_GF09,224.9
2015,_L_COFOG_GF09,409.5
2016,_L_COFOG_GF09,555.7
2017,_L_COFOG_GF09,1129.0
2018,_L_COFOG_GF09,1129.2
2019,_L_COFOG_GF09,337.39
2020,_L_COFOG_GF09,190.48
2021,_L_COFOG_GF09,544.2
2022,_L_COFOG_GF09,1684.44
2023,_L_COFOG_GF09,1568.5
2013,_L_COFOG_GF01,92.0
2014,_L_COFOG_GF01,55.1
2015,_L_COFOG_GF01,38.0
2016,_L_COFOG_GF01,140.4
2017,_L_COFOG_GF01,141.7
2018,_L_COFOG_GF01,46.7
2019,_L_COFOG_GF01,38.66
2020,_L_COFOG_GF01,108.18
2021,_L_COFOG_GF01,195.87
2022,_L_COFOG_GF01,244.38
2023,_L_COFOG_GF01,575.5
2013,_L_COFOG_GF063,887.8
2014,_L_COFOG_GF063,1398.3
2015,_L_COFOG_GF063,1393.5
2016,_L_COFOG_GF063,1602.5
2017,_L_COFOG_GF063,2023.3
2018,_L_COFOG_GF063,1960.2
2019,_L_COFOG_GF063,2237.15
2020,_L_COFOG_GF063,4041.45
2021,_L_COFOG_GF063,54353.83
2022,_L_COFOG_GF063,3943.41
2023,_L_COFOG_GF063,7084.6
2013,_L_COFOG_GF_OTHER,1600.3
2014,_L_COFOG_GF_OTHER,1082.5
2015,_L_COFOG_GF_OTHER,683.1
2016,_L_COFOG_GF_OTHER,127.1
2017,_L_COFOG_GF_OTHER,101.0
2018,_L_COFOG_GF_OTHER,225.7
2019,_L_COFOG_GF_OTHER,894.59
2020,_L_COFOG_GF_OTHER,910.72
2021,_L_COFOG_GF_OTHER,2514.42
2022,_L_COFOG_GF_OTHER,4337.31
2023,_L_COFOG_GF_OTHER,9681.5
2013,_L_DON_CHI,10956.3
2014,_L_DON_CHI,18162.9
2015,_L_DON_CHI,3595.7
2016,_L_DON_CHI,17189.8
2017,_L_DON_CHI,16804.7
2018,_L_DON_CHI,2995.2
2019,_L_DON_CHI,6659.9
2020,_L_DON_CHI,1057.74
2021,_L_DON_CHI,2539.77
2022,_L_DON_CHI,6119.3
2023,_L_DON_CHI,1780.0
2024,_L_DON_CHI,3620.0
2013,_L_DON_ADB,2128.1
2014,_L_DON_ADB,1630.3
2015,_L_DON_ADB,2598.3
2016,_L_DON_ADB,2191.5
2017,_L_DON_ADB,3406.5
2018,_L_DON_ADB,3512.9
2019,_L_DON_ADB,2475.69
2020,_L_DON_ADB,3049.11
2021,_L_DON_ADB,8561.59
2022,_L_DON_ADB,6253.1
2023,_L_DON_ADB,7332.0
2024,_L_DON_ADB,7842.8
2013,_L_DON_WB,2304.9
2014,_L_DON_WB,1821.8
2015,_L_DON_WB,1041.4
2016,_L_DON_WB,1704.0
2017,_L_DON_WB,2906.4
2018,_L_DON_WB,2312.8
2019,_L_DON_WB,3725.49
2020,_L_DON_WB,3338.56
2021,_L_DON_WB,4777.6
2022,_L_DON_WB,8997.7
2023,_L_DON_WB,16842.1
2024,_L_DON_WB,13537.5
2013,_L_DON_ACG,487.3
2014,_L_DON_ACG,384.5
2015,_L_DON_ACG,1006.7
2016,_L_DON_ACG,1254.3
2017,_L_DON_ACG,1402.4
2018,_L_DON_ACG,1209.5
2019,_L_DON_ACG,1537.08
2020,_L_DON_ACG,3227.65
2021,_L_DON_ACG,5113.6
2022,_L_DON_ACG,3213.7
2023,_L_DON_ACG,1240.1
2024,_L_DON_ACG,5229.6
2013,_L_DON_EBRD,585.2
2014,_L_DON_EBRD,311.3
2015,_L_DON_EBRD,325.3
2016,_L_DON_EBRD,445.8
2017,_L_DON_EBRD,1182.3
2018,_L_DON_EBRD,972.4
2019,_L_DON_EBRD,552.72
2020,_L_DON_EBRD,492.95
2021,_L_DON_EBRD,583.71
2022,_L_DON_EBRD,1388.0
2023,_L_DON_EBRD,2426.8
2024,_L_DON_EBRD,722.2
2013,_L_DON_GDB,755.4
2014,_L_DON_GDB,1469.2
2015,_L_DON_GDB,1008.7
2016,_L_DON_GDB,397.0
2017,_L_DON_GDB,757.2
2018,_L_DON_GDB,500.0
2019,_L_DON_GDB,460.76
2020,_L_DON_GDB,530.53
2021,_L_DON_GDB,945.23
2022,_L_DON_GDB,728.2
2023,_L_DON_GDB,1073.4
2024,_L_DON_GDB,182.9
2013,_L_DON_OTH,223.3
2014,_L_DON_OTH,712.5
2015,_L_DON_OTH,2940.1
2016,_L_DON_OTH,988.9
2017,_L_DON_OTH,1430.0
2018,_L_DON_OTH,3321.8
2019,_L_DON_OTH,2903.78
2020,_L_DON_OTH,3995.01
2021,_L_DON_OTH,3655.83
2022,_L_DON_OTH,5665.5
2023,_L_DON_OTH,4444.5
2024,_L_DON_OTH,3827.4
