Year,Территория,Пол,Value
2007,Кыргызская Республика,,93
2008,Кыргызская Республика,,281
2009,Кыргызская Республика,,71
2010,Кыргызская Республика,,158
2011,Кыргызская Республика,,140
2012,Кыргызская Республика,,99
2013,Кыргызская Республика,,95
2014,Кыргызская Республика,,62
2015,Кыргызская Республика,,53
2016,Кыргызская Республика,,47
2017,Кыргызская Республика,,141
2018,Кыргызская Республика,,18
2019,Кыргызская Республика,,19
2020,Кыргызская Республика,,51
2021,Кыргызская Республика,,109
2022,Кыргызская Республика,,135
2023,Кыргызская Республика,,44
2007,Кыргызская Республика,Мужчины,74
2008,Кыргызская Республика,Мужчины,184
2009,Кыргызская Республика,Мужчины,48
2010,Кыргызская Республика,Мужчины,106
2011,Кыргызская Республика,Мужчины,93
2012,Кыргызская Республика,Мужчины,65
2013,Кыргызская Республика,Мужчины,62
2014,Кыргызская Республика,Мужчины,39
2015,Кыргызская Республика,Мужчины,33
2016,Кыргызская Республика,Мужчины,37
2017,Кыргызская Республика,Мужчины,85
2018,Кыргызская Республика,Мужчины,14
2019,Кыргызская Республика,Мужчины,10
2020,Кыргызская Республика,Мужчины,29
2021,Кыргызская Республика,Мужчины,74
2022,Кыргызская Республика,Мужчины,99
2023,Кыргызская Республика,Мужчины,24
2007,Кыргызская Республика,Женщины,19
2008,Кыргызская Республика,Женщины,97
2009,Кыргызская Республика,Женщины,23
2010,Кыргызская Республика,Женщины,52
2011,Кыргызская Республика,Женщины,47
2012,Кыргызская Республика,Женщины,34
2013,Кыргызская Республика,Женщины,33
2014,Кыргызская Республика,Женщины,23
2015,Кыргызская Республика,Женщины,20
2016,Кыргызская Республика,Женщины,10
2017,Кыргызская Республика,Женщины,56
2018,Кыргызская Республика,Женщины,4
2019,Кыргызская Республика,Женщины,9
2020,Кыргызская Республика,Женщины,22
2021,Кыргызская Республика,Женщины,35
2022,Кыргызская Республика,Женщины,36
2023,Кыргызская Республика,Женщины,20
2007,Баткенская область,,8
2008,Баткенская область,,9
2009,Баткенская область,,0
2010,Баткенская область,,15
2011,Баткенская область,,7
2012,Баткенская область,,9
2013,Баткенская область,,3
2014,Баткенская область,,3
2015,Баткенская область,,1
2016,Баткенская область,,9
2017,Баткенская область,,0
2018,Баткенская область,,0
2019,Баткенская область,,6
2020,Баткенская область,,5
2021,Баткенская область,,36
2022,Баткенская область,,97
2023,Баткенская область,,0
2007,Баткенская область,Мужчины,6
2008,Баткенская область,Мужчины,9
2009,Баткенская область,Мужчины,0
2010,Баткенская область,Мужчины,11
2011,Баткенская область,Мужчины,4
2012,Баткенская область,Мужчины,7
2013,Баткенская область,Мужчины,3
2014,Баткенская область,Мужчины,3
2015,Баткенская область,Мужчины,1
2016,Баткенская область,Мужчины,7
2017,Баткенская область,Мужчины,0
2018,Баткенская область,Мужчины,0
2019,Баткенская область,Мужчины,4
2020,Баткенская область,Мужчины,3
2021,Баткенская область,Мужчины,35
2022,Баткенская область,Мужчины,80
2023,Баткенская область,Мужчины,0
2007,Баткенская область,Женщины,2
2008,Баткенская область,Женщины,0
2009,Баткенская область,Женщины,0
2010,Баткенская область,Женщины,4
2011,Баткенская область,Женщины,3
2012,Баткенская область,Женщины,2
2013,Баткенская область,Женщины,0
2014,Баткенская область,Женщины,0
2015,Баткенская область,Женщины,0
2016,Баткенская область,Женщины,2
2017,Баткенская область,Женщины,0
2018,Баткенская область,Женщины,0
2019,Баткенская область,Женщины,2
2020,Баткенская область,Женщины,2
2021,Баткенская область,Женщины,1
2022,Баткенская область,Женщины,17
2023,Баткенская область,Женщины,0
2007,Джалал-Абадская область,,5
2008,Джалал-Абадская область,,25
2009,Джалал-Абадская область,,39
2010,Джалал-Абадская область,,32
2011,Джалал-Абадская область,,35
2012,Джалал-Абадская область,,33
2013,Джалал-Абадская область,,31
2014,Джалал-Абадская область,,17
2015,Джалал-Абадская область,,11
2016,Джалал-Абадская область,,13
2017,Джалал-Абадская область,,43
2018,Джалал-Абадская область,,4
2019,Джалал-Абадская область,,0
2020,Джалал-Абадская область,,15
2021,Джалал-Абадская область,,15
2022,Джалал-Абадская область,,17
2023,Джалал-Абадская область,,5
2007,Джалал-Абадская область,Мужчины,5
2008,Джалал-Абадская область,Мужчины,18
2009,Джалал-Абадская область,Мужчины,27
2010,Джалал-Абадская область,Мужчины,21
2011,Джалал-Абадская область,Мужчины,27
2012,Джалал-Абадская область,Мужчины,17
2013,Джалал-Абадская область,Мужчины,22
2014,Джалал-Абадская область,Мужчины,11
2015,Джалал-Абадская область,Мужчины,5
2016,Джалал-Абадская область,Мужчины,9
2017,Джалал-Абадская область,Мужчины,29
2018,Джалал-Абадская область,Мужчины,4
2019,Джалал-Абадская область,Мужчины,0
2020,Джалал-Абадская область,Мужчины,9
2021,Джалал-Абадская область,Мужчины,8
2022,Джалал-Абадская область,Мужчины,11
2023,Джалал-Абадская область,Мужчины,1
2007,Джалал-Абадская область,Женщины,0
2008,Джалал-Абадская область,Женщины,7
2009,Джалал-Абадская область,Женщины,12
2010,Джалал-Абадская область,Женщины,11
2011,Джалал-Абадская область,Женщины,8
2012,Джалал-Абадская область,Женщины,16
2013,Джалал-Абадская область,Женщины,9
2014,Джалал-Абадская область,Женщины,6
2015,Джалал-Абадская область,Женщины,6
2016,Джалал-Абадская область,Женщины,4
2017,Джалал-Абадская область,Женщины,14
2018,Джалал-Абадская область,Женщины,0
2019,Джалал-Абадская область,Женщины,0
2020,Джалал-Абадская область,Женщины,6
2021,Джалал-Абадская область,Женщины,7
2022,Джалал-Абадская область,Женщины,6
2023,Джалал-Абадская область,Женщины,4
2007,Иссык-Кульская область,,14
2008,Иссык-Кульская область,,42
2009,Иссык-Кульская область,,11
2010,Иссык-Кульская область,,15
2011,Иссык-Кульская область,,17
2012,Иссык-Кульская область,,4
2013,Иссык-Кульская область,,21
2014,Иссык-Кульская область,,25
2015,Иссык-Кульская область,,6
2016,Иссык-Кульская область,,2
2017,Иссык-Кульская область,,6
2018,Иссык-Кульская область,,2
2019,Иссык-Кульская область,,7
2020,Иссык-Кульская область,,0
2021,Иссык-Кульская область,,12
2022,Иссык-Кульская область,,5
2023,Иссык-Кульская область,,8
2007,Иссык-Кульская область,Мужчины,10
2008,Иссык-Кульская область,Мужчины,26
2009,Иссык-Кульская область,Мужчины,7
2010,Иссык-Кульская область,Мужчины,10
2011,Иссык-Кульская область,Мужчины,9
2012,Иссык-Кульская область,Мужчины,4
2013,Иссык-Кульская область,Мужчины,13
2014,Иссык-Кульская область,Мужчины,16
2015,Иссык-Кульская область,Мужчины,5
2016,Иссык-Кульская область,Мужчины,1
2017,Иссык-Кульская область,Мужчины,6
2018,Иссык-Кульская область,Мужчины,1
2019,Иссык-Кульская область,Мужчины,4
2020,Иссык-Кульская область,Мужчины,0
2021,Иссык-Кульская область,Мужчины,7
2022,Иссык-Кульская область,Мужчины,3
2023,Иссык-Кульская область,Мужчины,6
2007,Иссык-Кульская область,Женщины,4
2008,Иссык-Кульская область,Женщины,16
2009,Иссык-Кульская область,Женщины,4
2010,Иссык-Кульская область,Женщины,5
2011,Иссык-Кульская область,Женщины,8
2012,Иссык-Кульская область,Женщины,0
2013,Иссык-Кульская область,Женщины,8
2014,Иссык-Кульская область,Женщины,9
2015,Иссык-Кульская область,Женщины,1
2016,Иссык-Кульская область,Женщины,1
2017,Иссык-Кульская область,Женщины,0
2018,Иссык-Кульская область,Женщины,1
2019,Иссык-Кульская область,Женщины,3
2020,Иссык-Кульская область,Женщины,0
2021,Иссык-Кульская область,Женщины,5
2022,Иссык-Кульская область,Женщины,2
2023,Иссык-Кульская область,Женщины,2
2007,Нарынская область,,5
2008,Нарынская область,,6
2009,Нарынская область,,0
2010,Нарынская область,,7
2011,Нарынская область,,0
2012,Нарынская область,,5
2013,Нарынская область,,8
2014,Нарынская область,,2
2015,Нарынская область,,9
2016,Нарынская область,,1
2017,Нарынская область,,2
2018,Нарынская область,,0
2019,Нарынская область,,0
2020,Нарынская область,,0
2021,Нарынская область,,0
2022,Нарынская область,,0
2023,Нарынская область,,5
2007,Нарынская область,Мужчины,4
2008,Нарынская область,Мужчины,4
2009,Нарынская область,Мужчины,0
2010,Нарынская область,Мужчины,4
2011,Нарынская область,Мужчины,0
2012,Нарынская область,Мужчины,4
2013,Нарынская область,Мужчины,5
2014,Нарынская область,Мужчины,2
2015,Нарынская область,Мужчины,6
2016,Нарынская область,Мужчины,1
2017,Нарынская область,Мужчины,2
2018,Нарынская область,Мужчины,0
2019,Нарынская область,Мужчины,0
2020,Нарынская область,Мужчины,0
2021,Нарынская область,Мужчины,0
2022,Нарынская область,Мужчины,0
2023,Нарынская область,Мужчины,1
2007,Нарынская область,Женщины,1
2008,Нарынская область,Женщины,2
2009,Нарынская область,Женщины,0
2010,Нарынская область,Женщины,3
2011,Нарынская область,Женщины,0
2012,Нарынская область,Женщины,1
2013,Нарынская область,Женщины,3
2014,Нарынская область,Женщины,0
2015,Нарынская область,Женщины,3
2016,Нарынская область,Женщины,0
2017,Нарынская область,Женщины,0
2018,Нарынская область,Женщины,0
2019,Нарынская область,Женщины,0
2020,Нарынская область,Женщины,0
2021,Нарынская область,Женщины,0
2022,Нарынская область,Женщины,0
2023,Нарынская область,Женщины,4
2007,Ошская область,,6
2008,Ошская область,,96
2009,Ошская область,,2
2010,Ошская область,,19
2011,Ошская область,,11
2012,Ошская область,,22
2013,Ошская область,,5
2014,Ошская область,,0
2015,Ошская область,,10
2016,Ошская область,,1
2017,Ошская область,,35
2018,Ошская область,,1
2019,Ошская область,,0
2020,Ошская область,,7
2021,Ошская область,,17
2022,Ошская область,,6
2023,Ошская область,,7
2007,Ошская область,Мужчины,6
2008,Ошская область,Мужчины,50
2009,Ошская область,Мужчины,2
2010,Ошская область,Мужчины,12
2011,Ошская область,Мужчины,6
2012,Ошская область,Мужчины,16
2013,Ошская область,Мужчины,3
2014,Ошская область,Мужчины,0
2015,Ошская область,Мужчины,7
2016,Ошская область,Мужчины,1
2017,Ошская область,Мужчины,17
2018,Ошская область,Мужчины,1
2019,Ошская область,Мужчины,0
2020,Ошская область,Мужчины,7
2021,Ошская область,Мужчины,8
2022,Ошская область,Мужчины,1
2023,Ошская область,Мужчины,5
2007,Ошская область,Женщины,0
2008,Ошская область,Женщины,46
2009,Ошская область,Женщины,0
2010,Ошская область,Женщины,7
2011,Ошская область,Женщины,5
2012,Ошская область,Женщины,6
2013,Ошская область,Женщины,2
2014,Ошская область,Женщины,0
2015,Ошская область,Женщины,3
2016,Ошская область,Женщины,0
2017,Ошская область,Женщины,18
2018,Ошская область,Женщины,0
2019,Ошская область,Женщины,0
2020,Ошская область,Женщины,0
2021,Ошская область,Женщины,9
2022,Ошская область,Женщины,5
2023,Ошская область,Женщины,2
2007,Таласская область,,1
2008,Таласская область,,0
2009,Таласская область,,0
2010,Таласская область,,4
2011,Таласская область,,6
2012,Таласская область,,0
2013,Таласская область,,5
2014,Таласская область,,0
2015,Таласская область,,0
2016,Таласская область,,0
2017,Таласская область,,0
2018,Таласская область,,0
2019,Таласская область,,0
2020,Таласская область,,0
2021,Таласская область,,9
2022,Таласская область,,0
2023,Таласская область,,0
2007,Таласская область,Мужчины,1
2008,Таласская область,Мужчины,0
2009,Таласская область,Мужчины,0
2010,Таласская область,Мужчины,3
2011,Таласская область,Мужчины,4
2012,Таласская область,Мужчины,0
2013,Таласская область,Мужчины,4
2014,Таласская область,Мужчины,0
2015,Таласская область,Мужчины,0
2016,Таласская область,Мужчины,0
2017,Таласская область,Мужчины,0
2018,Таласская область,Мужчины,0
2019,Таласская область,Мужчины,0
2020,Таласская область,Мужчины,0
2021,Таласская область,Мужчины,7
2022,Таласская область,Мужчины,0
2023,Таласская область,Мужчины,0
2007,Таласская область,Женщины,0
2008,Таласская область,Женщины,0
2009,Таласская область,Женщины,0
2010,Таласская область,Женщины,1
2011,Таласская область,Женщины,2
2012,Таласская область,Женщины,0
2013,Таласская область,Женщины,1
2014,Таласская область,Женщины,0
2015,Таласская область,Женщины,0
2016,Таласская область,Женщины,0
2017,Таласская область,Женщины,0
2018,Таласская область,Женщины,0
2019,Таласская область,Женщины,0
2020,Таласская область,Женщины,0
2021,Таласская область,Женщины,2
2022,Таласская область,Женщины,0
2023,Таласская область,Женщины,0
2007,Чуйская область,,35
2008,Чуйская область,,102
2009,Чуйская область,,19
2010,Чуйская область,,46
2011,Чуйская область,,41
2012,Чуйская область,,23
2013,Чуйская область,,22
2014,Чуйская область,,13
2015,Чуйская область,,15
2016,Чуйская область,,14
2017,Чуйская область,,55
2018,Чуйская область,,10
2019,Чуйская область,,6
2020,Чуйская область,,24
2021,Чуйская область,,20
2022,Чуйская область,,10
2023,Чуйская область,,18
2007,Чуйская область,Мужчины,28
2008,Чуйская область,Мужчины,76
2009,Чуйская область,Мужчины,12
2010,Чуйская область,Мужчины,32
2011,Чуйская область,Мужчины,30
2012,Чуйская область,Мужчины,15
2013,Чуйская область,Мужчины,12
2014,Чуйская область,Мужчины,7
2015,Чуйская область,Мужчины,8
2016,Чуйская область,Мужчины,11
2017,Чуйская область,Мужчины,31
2018,Чуйская область,Мужчины,7
2019,Чуйская область,Мужчины,2
2020,Чуйская область,Мужчины,10
2021,Чуйская область,Мужчины,9
2022,Чуйская область,Мужчины,4
2023,Чуйская область,Мужчины,10
2007,Чуйская область,Женщины,7
2008,Чуйская область,Женщины,26
2009,Чуйская область,Женщины,7
2010,Чуйская область,Женщины,14
2011,Чуйская область,Женщины,11
2012,Чуйская область,Женщины,8
2013,Чуйская область,Женщины,10
2014,Чуйская область,Женщины,6
2015,Чуйская область,Женщины,7
2016,Чуйская область,Женщины,3
2017,Чуйская область,Женщины,24
2018,Чуйская область,Женщины,3
2019,Чуйская область,Женщины,4
2020,Чуйская область,Женщины,14
2021,Чуйская область,Женщины,11
2022,Чуйская область,Женщины,6
2023,Чуйская область,Женщины,8
2007,г.Бишкек,,12
2008,г.Бишкек,,1
2009,г.Бишкек,,0
2010,г.Бишкек,,14
2011,г.Бишкек,,19
2012,г.Бишкек,,3
2013,г.Бишкек,,0
2014,г.Бишкек,,2
2015,г.Бишкек,,0
2016,г.Бишкек,,7
2017,г.Бишкек,,0
2018,г.Бишкек,,0
2019,г.Бишкек,,0
2020,г.Бишкек,,0
2021,г.Бишкек,,0
2022,г.Бишкек,,0
2023,г.Бишкек,,0
2007,г.Бишкек,Мужчины,9
2008,г.Бишкек,Мужчины,1
2009,г.Бишкек,Мужчины,0
2010,г.Бишкек,Мужчины,9
2011,г.Бишкек,Мужчины,11
2012,г.Бишкек,Мужчины,2
2013,г.Бишкек,Мужчины,0
2014,г.Бишкек,Мужчины,0
2015,г.Бишкек,Мужчины,0
2016,г.Бишкек,Мужчины,7
2017,г.Бишкек,Мужчины,0
2018,г.Бишкек,Мужчины,0
2019,г.Бишкек,Мужчины,0
2020,г.Бишкек,Мужчины,0
2021,г.Бишкек,Мужчины,0
2022,г.Бишкек,Мужчины,0
2023,г.Бишкек,Мужчины,0
2007,г.Бишкек,Женщины,3
2008,г.Бишкек,Женщины,0
2009,г.Бишкек,Женщины,0
2010,г.Бишкек,Женщины,5
2011,г.Бишкек,Женщины,8
2012,г.Бишкек,Женщины,1
2013,г.Бишкек,Женщины,0
2014,г.Бишкек,Женщины,2
2015,г.Бишкек,Женщины,0
2016,г.Бишкек,Женщины,0
2017,г.Бишкек,Женщины,0
2018,г.Бишкек,Женщины,0
2019,г.Бишкек,Женщины,0
2020,г.Бишкек,Женщины,0
2021,г.Бишкек,Женщины,0
2022,г.Бишкек,Женщины,0
2023,г.Бишкек,Женщины,0
2007,г.Ош,,7
2008,г.Ош,,0
2009,г.Ош,,0
2010,г.Ош,,6
2011,г.Ош,,4
2012,г.Ош,,0
2013,г.Ош,,0
2014,г.Ош,,0
2015,г.Ош,,1
2016,г.Ош,,0
2017,г.Ош,,0
2018,г.Ош,,1
2019,г.Ош,,0
2020,г.Ош,,0
2021,г.Ош,,0
2022,г.Ош,,0
2023,г.Ош,,1
2007,г.Ош,Мужчины,5
2008,г.Ош,Мужчины,0
2009,г.Ош,Мужчины,0
2010,г.Ош,Мужчины,4
2011,г.Ош,Мужчины,2
2012,г.Ош,Мужчины,0
2013,г.Ош,Мужчины,0
2014,г.Ош,Мужчины,0
2015,г.Ош,Мужчины,1
2016,г.Ош,Мужчины,0
2017,г.Ош,Мужчины,0
2018,г.Ош,Мужчины,1
2019,г.Ош,Мужчины,0
2020,г.Ош,Мужчины,0
2021,г.Ош,Мужчины,0
2022,г.Ош,Мужчины,0
2023,г.Ош,Мужчины,1
2007,г.Ош,Женщины,2
2008,г.Ош,Женщины,0
2009,г.Ош,Женщины,0
2010,г.Ош,Женщины,2
2011,г.Ош,Женщины,2
2012,г.Ош,Женщины,0
2013,г.Ош,Женщины,0
2014,г.Ош,Женщины,0
2015,г.Ош,Женщины,0
2016,г.Ош,Женщины,0
2017,г.Ош,Женщины,0
2018,г.Ош,Женщины,0
2019,г.Ош,Женщины,0
2020,г.Ош,Женщины,0
2021,г.Ош,Женщины,0
2022,г.Ош,Женщины,0
2023,г.Ош,Женщины,0
