Year,REF_AREA,AGE,URBANISATION,UNIT_MEASURE,GeoCode,Value
2015,,,,PER_100000_LIVE_BIRTHS,,38.5
2016,,,,PER_100000_LIVE_BIRTHS,,30.3
2017,,,,PER_100000_LIVE_BIRTHS,,31.2
2018,,,,PER_100000_LIVE_BIRTHS,,29.8
2019,,,,PER_100000_LIVE_BIRTHS,,24.8
2020,,,,PER_100000_LIVE_BIRTHS,,42.4
2021,,,,PER_100000_LIVE_BIRTHS,,37.1
2022,,,,PER_100000_LIVE_BIRTHS,,28.1
2023,,,,PER_100000_LIVE_BIRTHS,,26.0
2024,,,,PER_100000_LIVE_BIRTHS,,25.7
2015,KG05,,,PER_100000_LIVE_BIRTHS,KG05,32.6
2016,KG05,,,PER_100000_LIVE_BIRTHS,KG05,41.9
2017,KG05,,,PER_100000_LIVE_BIRTHS,KG05,59.4
2018,KG05,,,PER_100000_LIVE_BIRTHS,KG05,26.9
2019,KG05,,,PER_100000_LIVE_BIRTHS,KG05,32.3
2020,KG05,,,PER_100000_LIVE_BIRTHS,KG05,42.4
2021,KG05,,,PER_100000_LIVE_BIRTHS,KG05,45.7
2022,KG05,,,PER_100000_LIVE_BIRTHS,KG05,34.9
2023,KG05,,,PER_100000_LIVE_BIRTHS,KG05,14.5
2024,KG05,,,PER_100000_LIVE_BIRTHS,KG05,30.4
2015,KG03,,,PER_100000_LIVE_BIRTHS,KG03,56.4
2016,KG03,,,PER_100000_LIVE_BIRTHS,KG03,33.5
2017,KG03,,,PER_100000_LIVE_BIRTHS,KG03,50.3
2018,KG03,,,PER_100000_LIVE_BIRTHS,KG03,38.2
2019,KG03,,,PER_100000_LIVE_BIRTHS,KG03,34.1
2020,KG03,,,PER_100000_LIVE_BIRTHS,KG03,53.2
2021,KG03,,,PER_100000_LIVE_BIRTHS,KG03,30.5
2022,KG03,,,PER_100000_LIVE_BIRTHS,KG03,28.7
2023,KG03,,,PER_100000_LIVE_BIRTHS,KG03,46.9
2024,KG03,,,PER_100000_LIVE_BIRTHS,KG03,30.6
2015,KG02,,,PER_100000_LIVE_BIRTHS,KG02,17.8
2016,KG02,,,PER_100000_LIVE_BIRTHS,KG02,43.4
2017,KG02,,,PER_100000_LIVE_BIRTHS,KG02,37.0
2018,KG02,,,PER_100000_LIVE_BIRTHS,KG02,62.3
2019,KG02,,,PER_100000_LIVE_BIRTHS,KG02,18.9
2020,KG02,,,PER_100000_LIVE_BIRTHS,KG02,100.6
2021,KG02,,,PER_100000_LIVE_BIRTHS,KG02,103.5
2022,KG02,,,PER_100000_LIVE_BIRTHS,KG02,38.5
2023,KG02,,,PER_100000_LIVE_BIRTHS,KG02,26.5
2024,KG02,,,PER_100000_LIVE_BIRTHS,KG02,56.5
2015,KG04,,,PER_100000_LIVE_BIRTHS,KG04,30.6
2016,KG04,,,PER_100000_LIVE_BIRTHS,KG04,29.2
2018,KG04,,,PER_100000_LIVE_BIRTHS,KG04,135.9
2019,KG04,,,PER_100000_LIVE_BIRTHS,KG04,33.1
2020,KG04,,,PER_100000_LIVE_BIRTHS,KG04,52.6
2021,KG04,,,PER_100000_LIVE_BIRTHS,KG04,167.5
2022,KG04,,,PER_100000_LIVE_BIRTHS,KG04,48.0
2015,KG06,,,PER_100000_LIVE_BIRTHS,KG06,30.6
2016,KG06,,,PER_100000_LIVE_BIRTHS,KG06,27.7
2017,KG06,,,PER_100000_LIVE_BIRTHS,KG06,25.6
2018,KG06,,,PER_100000_LIVE_BIRTHS,KG06,22.2
2019,KG06,,,PER_100000_LIVE_BIRTHS,KG06,25.5
2020,KG06,,,PER_100000_LIVE_BIRTHS,KG06,24.5
2021,KG06,,,PER_100000_LIVE_BIRTHS,KG06,33.3
2022,KG06,,,PER_100000_LIVE_BIRTHS,KG06,25.6
2023,KG06,,,PER_100000_LIVE_BIRTHS,KG06,30.2
2024,KG06,,,PER_100000_LIVE_BIRTHS,KG06,7.3
2015,KG07,,,PER_100000_LIVE_BIRTHS,KG07,15.1
2019,KG07,,,PER_100000_LIVE_BIRTHS,KG07,33.3
2020,KG07,,,PER_100000_LIVE_BIRTHS,KG07,51.9
2021,KG07,,,PER_100000_LIVE_BIRTHS,KG07,37.1
2022,KG07,,,PER_100000_LIVE_BIRTHS,KG07,104.5
2023,KG07,,,PER_100000_LIVE_BIRTHS,KG07,63.9
2024,KG07,,,PER_100000_LIVE_BIRTHS,KG07,70.1
2015,KG08,,,PER_100000_LIVE_BIRTHS,KG08,49.2
2016,KG08,,,PER_100000_LIVE_BIRTHS,KG08,43.5
2017,KG08,,,PER_100000_LIVE_BIRTHS,KG08,22.9
2018,KG08,,,PER_100000_LIVE_BIRTHS,KG08,20.1
2019,KG08,,,PER_100000_LIVE_BIRTHS,KG08,36.6
2020,KG08,,,PER_100000_LIVE_BIRTHS,KG08,46.1
2021,KG08,,,PER_100000_LIVE_BIRTHS,KG08,32.5
2022,KG08,,,PER_100000_LIVE_BIRTHS,KG08,23.5
2023,KG08,,,PER_100000_LIVE_BIRTHS,KG08,28.1
2024,KG08,,,PER_100000_LIVE_BIRTHS,KG08,50.2
2015,KG11,,,PER_100000_LIVE_BIRTHS,KG11,30.5
2016,KG11,,,PER_100000_LIVE_BIRTHS,KG11,17.6
2017,KG11,,,PER_100000_LIVE_BIRTHS,KG11,13.4
2018,KG11,,,PER_100000_LIVE_BIRTHS,KG11,14.4
2019,KG11,,,PER_100000_LIVE_BIRTHS,KG11,10.1
2020,KG11,,,PER_100000_LIVE_BIRTHS,KG11,26.8
2021,KG11,,,PER_100000_LIVE_BIRTHS,KG11,19.3
2022,KG11,,,PER_100000_LIVE_BIRTHS,KG11,34.3
2023,KG11,,,PER_100000_LIVE_BIRTHS,KG11,13.5
2024,KG11,,,PER_100000_LIVE_BIRTHS,KG11,27.0
2015,KG21,,,PER_100000_LIVE_BIRTHS,KG21,68.1
2016,KG21,,,PER_100000_LIVE_BIRTHS,KG21,13.5
2017,KG21,,,PER_100000_LIVE_BIRTHS,KG21,51.9
2018,KG21,,,PER_100000_LIVE_BIRTHS,KG21,16.7
2020,KG21,,,PER_100000_LIVE_BIRTHS,KG21,33.6
2021,KG21,,,PER_100000_LIVE_BIRTHS,KG21,16.5
2023,KG21,,,PER_100000_LIVE_BIRTHS,KG21,14.0
2024,KG21,,,PER_100000_LIVE_BIRTHS,KG21,8.6
2015,,,U,NUMBER,,14.0
2016,,,U,NUMBER,,8.0
2017,,,U,NUMBER,,10.0
2018,,,U,NUMBER,,16.0
2019,,,U,NUMBER,,13.0
2020,,,U,NUMBER,,17.0
2021,,,U,NUMBER,,10.0
2022,,,U,NUMBER,,12.0
2023,,,U,NUMBER,,8.0
2024,,,U,NUMBER,,10.0
2015,,,R,NUMBER,,49.0
2016,,,R,NUMBER,,40.0
2017,,,R,NUMBER,,38.0
2018,,,R,NUMBER,,35.0
2019,,,R,NUMBER,,30.0
2020,,,R,NUMBER,,50.0
2021,,,R,NUMBER,,47.0
2022,,,R,NUMBER,,29.0
2023,,,R,NUMBER,,30.0
2024,,,R,NUMBER,,26.0
2015,,Y15T19,,NUMBER,,5.0
2016,,Y15T19,,NUMBER,,3.0
2017,,Y15T19,,NUMBER,,1.0
2018,,Y15T19,,NUMBER,,5.0
2019,,Y15T19,,NUMBER,,1.0
2020,,Y15T19,,NUMBER,,2.0
2021,,Y15T19,,NUMBER,,6.0
2023,,Y15T19,,NUMBER,,1.0
2024,,Y15T19,,NUMBER,,1.0
2015,,Y20T24,,NUMBER,,11.0
2016,,Y20T24,,NUMBER,,8.0
2017,,Y20T24,,NUMBER,,6.0
2018,,Y20T24,,NUMBER,,16.0
2019,,Y20T24,,NUMBER,,10.0
2020,,Y20T24,,NUMBER,,13.0
2021,,Y20T24,,NUMBER,,12.0
2022,,Y20T24,,NUMBER,,12.0
2023,,Y20T24,,NUMBER,,7.0
2024,,Y20T24,,NUMBER,,11.0
2015,,Y25T29,,NUMBER,,19.0
2016,,Y25T29,,NUMBER,,11.0
2017,,Y25T29,,NUMBER,,13.0
2018,,Y25T29,,NUMBER,,7.0
2019,,Y25T29,,NUMBER,,9.0
2020,,Y25T29,,NUMBER,,16.0
2021,,Y25T29,,NUMBER,,11.0
2022,,Y25T29,,NUMBER,,6.0
2023,,Y25T29,,NUMBER,,9.0
2024,,Y25T29,,NUMBER,,3.0
2015,,Y30T34,,NUMBER,,12.0
2016,,Y30T34,,NUMBER,,11.0
2017,,Y30T34,,NUMBER,,16.0
2018,,Y30T34,,NUMBER,,11.0
2019,,Y30T34,,NUMBER,,16.0
2020,,Y30T34,,NUMBER,,9.0
2021,,Y30T34,,NUMBER,,15.0
2022,,Y30T34,,NUMBER,,18.0
2023,,Y30T34,,NUMBER,,10.0
2024,,Y30T34,,NUMBER,,7.0
2015,,Y35T39,,NUMBER,,12.0
2016,,Y35T39,,NUMBER,,13.0
2017,,Y35T39,,NUMBER,,10.0
2018,,Y35T39,,NUMBER,,9.0
2019,,Y35T39,,NUMBER,,4.0
2020,,Y35T39,,NUMBER,,16.0
2021,,Y35T39,,NUMBER,,6.0
2022,,Y35T39,,NUMBER,,4.0
2023,,Y35T39,,NUMBER,,7.0
2024,,Y35T39,,NUMBER,,10.0
2015,,Y40T44,,NUMBER,,4.0
2016,,Y40T44,,NUMBER,,1.0
2017,,Y40T44,,NUMBER,,2.0
2018,,Y40T44,,NUMBER,,3.0
2019,,Y40T44,,NUMBER,,3.0
2020,,Y40T44,,NUMBER,,10.0
2021,,Y40T44,,NUMBER,,7.0
2022,,Y40T44,,NUMBER,,1.0
2023,,Y40T44,,NUMBER,,4.0
2024,,Y40T44,,NUMBER,,4.0
2016,,Y45T49,,NUMBER,,1.0
2020,,Y45T49,,NUMBER,,1.0
