Year,REF_AREA,AGE,URBANISATION,UNIT_MEASURE,GeoCode,Value
2015,,,,PER_100000_LIVE_BIRTHS,,385
2016,,,,PER_100000_LIVE_BIRTHS,,303
2017,,,,PER_100000_LIVE_BIRTHS,,312
2018,,,,PER_100000_LIVE_BIRTHS,,298
2019,,,,PER_100000_LIVE_BIRTHS,,248
2020,,,,PER_100000_LIVE_BIRTHS,,424
2021,,,,PER_100000_LIVE_BIRTHS,,371
2022,,,,PER_100000_LIVE_BIRTHS,,281
2023,,,,PER_100000_LIVE_BIRTHS,,260
2024,,,,PER_100000_LIVE_BIRTHS,,257
2015,KG05,,,PER_100000_LIVE_BIRTHS,KG05,326
2016,KG05,,,PER_100000_LIVE_BIRTHS,KG05,419
2017,KG05,,,PER_100000_LIVE_BIRTHS,KG05,594
2018,KG05,,,PER_100000_LIVE_BIRTHS,KG05,269
2019,KG05,,,PER_100000_LIVE_BIRTHS,KG05,323
2020,KG05,,,PER_100000_LIVE_BIRTHS,KG05,424
2021,KG05,,,PER_100000_LIVE_BIRTHS,KG05,457
2022,KG05,,,PER_100000_LIVE_BIRTHS,KG05,349
2023,KG05,,,PER_100000_LIVE_BIRTHS,KG05,145
2024,KG05,,,PER_100000_LIVE_BIRTHS,KG05,304
2015,KG03,,,PER_100000_LIVE_BIRTHS,KG03,564
2016,KG03,,,PER_100000_LIVE_BIRTHS,KG03,335
2017,KG03,,,PER_100000_LIVE_BIRTHS,KG03,503
2018,KG03,,,PER_100000_LIVE_BIRTHS,KG03,382
2019,KG03,,,PER_100000_LIVE_BIRTHS,KG03,341
2020,KG03,,,PER_100000_LIVE_BIRTHS,KG03,532
2021,KG03,,,PER_100000_LIVE_BIRTHS,KG03,305
2022,KG03,,,PER_100000_LIVE_BIRTHS,KG03,287
2023,KG03,,,PER_100000_LIVE_BIRTHS,KG03,469
2024,KG03,,,PER_100000_LIVE_BIRTHS,KG03,306
2015,KG02,,,PER_100000_LIVE_BIRTHS,KG02,178
2016,KG02,,,PER_100000_LIVE_BIRTHS,KG02,434
2017,KG02,,,PER_100000_LIVE_BIRTHS,KG02,370
2018,KG02,,,PER_100000_LIVE_BIRTHS,KG02,623
2019,KG02,,,PER_100000_LIVE_BIRTHS,KG02,189
2020,KG02,,,PER_100000_LIVE_BIRTHS,KG02,1006
2021,KG02,,,PER_100000_LIVE_BIRTHS,KG02,1035
2022,KG02,,,PER_100000_LIVE_BIRTHS,KG02,385
2023,KG02,,,PER_100000_LIVE_BIRTHS,KG02,265
2024,KG02,,,PER_100000_LIVE_BIRTHS,KG02,565
2015,KG04,,,PER_100000_LIVE_BIRTHS,KG04,306
2016,KG04,,,PER_100000_LIVE_BIRTHS,KG04,292
2018,KG04,,,PER_100000_LIVE_BIRTHS,KG04,1359
2019,KG04,,,PER_100000_LIVE_BIRTHS,KG04,331
2020,KG04,,,PER_100000_LIVE_BIRTHS,KG04,526
2021,KG04,,,PER_100000_LIVE_BIRTHS,KG04,1675
2022,KG04,,,PER_100000_LIVE_BIRTHS,KG04,480
2015,KG06,,,PER_100000_LIVE_BIRTHS,KG06,306
2016,KG06,,,PER_100000_LIVE_BIRTHS,KG06,277
2017,KG06,,,PER_100000_LIVE_BIRTHS,KG06,256
2018,KG06,,,PER_100000_LIVE_BIRTHS,KG06,222
2019,KG06,,,PER_100000_LIVE_BIRTHS,KG06,255
2020,KG06,,,PER_100000_LIVE_BIRTHS,KG06,245
2021,KG06,,,PER_100000_LIVE_BIRTHS,KG06,333
2022,KG06,,,PER_100000_LIVE_BIRTHS,KG06,256
2023,KG06,,,PER_100000_LIVE_BIRTHS,KG06,302
2024,KG06,,,PER_100000_LIVE_BIRTHS,KG06,73
2015,KG07,,,PER_100000_LIVE_BIRTHS,KG07,151
2019,KG07,,,PER_100000_LIVE_BIRTHS,KG07,333
2020,KG07,,,PER_100000_LIVE_BIRTHS,KG07,519
2021,KG07,,,PER_100000_LIVE_BIRTHS,KG07,371
2022,KG07,,,PER_100000_LIVE_BIRTHS,KG07,1045
2023,KG07,,,PER_100000_LIVE_BIRTHS,KG07,639
2024,KG07,,,PER_100000_LIVE_BIRTHS,KG07,701
2015,KG08,,,PER_100000_LIVE_BIRTHS,KG08,492
2016,KG08,,,PER_100000_LIVE_BIRTHS,KG08,435
2017,KG08,,,PER_100000_LIVE_BIRTHS,KG08,229
2018,KG08,,,PER_100000_LIVE_BIRTHS,KG08,201
2019,KG08,,,PER_100000_LIVE_BIRTHS,KG08,366
2020,KG08,,,PER_100000_LIVE_BIRTHS,KG08,461
2021,KG08,,,PER_100000_LIVE_BIRTHS,KG08,325
2022,KG08,,,PER_100000_LIVE_BIRTHS,KG08,235
2023,KG08,,,PER_100000_LIVE_BIRTHS,KG08,281
2024,KG08,,,PER_100000_LIVE_BIRTHS,KG08,502
2015,KG11,,,PER_100000_LIVE_BIRTHS,KG11,305
2016,KG11,,,PER_100000_LIVE_BIRTHS,KG11,176
2017,KG11,,,PER_100000_LIVE_BIRTHS,KG11,134
2018,KG11,,,PER_100000_LIVE_BIRTHS,KG11,144
2019,KG11,,,PER_100000_LIVE_BIRTHS,KG11,101
2020,KG11,,,PER_100000_LIVE_BIRTHS,KG11,268
2021,KG11,,,PER_100000_LIVE_BIRTHS,KG11,193
2022,KG11,,,PER_100000_LIVE_BIRTHS,KG11,343
2023,KG11,,,PER_100000_LIVE_BIRTHS,KG11,135
2024,KG11,,,PER_100000_LIVE_BIRTHS,KG11,270
2015,KG21,,,PER_100000_LIVE_BIRTHS,KG21,681
2016,KG21,,,PER_100000_LIVE_BIRTHS,KG21,135
2017,KG21,,,PER_100000_LIVE_BIRTHS,KG21,519
2018,KG21,,,PER_100000_LIVE_BIRTHS,KG21,167
2020,KG21,,,PER_100000_LIVE_BIRTHS,KG21,336
2021,KG21,,,PER_100000_LIVE_BIRTHS,KG21,165
2023,KG21,,,PER_100000_LIVE_BIRTHS,KG21,140
2024,KG21,,,PER_100000_LIVE_BIRTHS,KG21,86
2015,,,U,NUMBER,,14
2016,,,U,NUMBER,,8
2017,,,U,NUMBER,,10
2018,,,U,NUMBER,,16
2019,,,U,NUMBER,,13
2020,,,U,NUMBER,,17
2021,,,U,NUMBER,,10
2022,,,U,NUMBER,,12
2023,,,U,NUMBER,,8
2024,,,U,NUMBER,,10
2015,,,R,NUMBER,,49
2016,,,R,NUMBER,,40
2017,,,R,NUMBER,,38
2018,,,R,NUMBER,,35
2019,,,R,NUMBER,,30
2020,,,R,NUMBER,,50
2021,,,R,NUMBER,,47
2022,,,R,NUMBER,,29
2023,,,R,NUMBER,,30
2024,,,R,NUMBER,,26
2015,,Y15T19,,NUMBER,,5
2016,,Y15T19,,NUMBER,,3
2017,,Y15T19,,NUMBER,,1
2018,,Y15T19,,NUMBER,,5
2019,,Y15T19,,NUMBER,,1
2020,,Y15T19,,NUMBER,,2
2021,,Y15T19,,NUMBER,,6
2023,,Y15T19,,NUMBER,,1
2024,,Y15T19,,NUMBER,,1
2015,,Y20T24,,NUMBER,,11
2016,,Y20T24,,NUMBER,,8
2017,,Y20T24,,NUMBER,,6
2018,,Y20T24,,NUMBER,,16
2019,,Y20T24,,NUMBER,,10
2020,,Y20T24,,NUMBER,,13
2021,,Y20T24,,NUMBER,,12
2022,,Y20T24,,NUMBER,,12
2023,,Y20T24,,NUMBER,,7
2024,,Y20T24,,NUMBER,,11
2015,,Y25T29,,NUMBER,,19
2016,,Y25T29,,NUMBER,,11
2017,,Y25T29,,NUMBER,,13
2018,,Y25T29,,NUMBER,,7
2019,,Y25T29,,NUMBER,,9
2020,,Y25T29,,NUMBER,,16
2021,,Y25T29,,NUMBER,,11
2022,,Y25T29,,NUMBER,,6
2023,,Y25T29,,NUMBER,,9
2024,,Y25T29,,NUMBER,,3
2015,,Y30T34,,NUMBER,,12
2016,,Y30T34,,NUMBER,,11
2017,,Y30T34,,NUMBER,,16
2018,,Y30T34,,NUMBER,,11
2019,,Y30T34,,NUMBER,,16
2020,,Y30T34,,NUMBER,,9
2021,,Y30T34,,NUMBER,,15
2022,,Y30T34,,NUMBER,,18
2023,,Y30T34,,NUMBER,,10
2024,,Y30T34,,NUMBER,,7
2015,,Y35T39,,NUMBER,,12
2016,,Y35T39,,NUMBER,,13
2017,,Y35T39,,NUMBER,,10
2018,,Y35T39,,NUMBER,,9
2019,,Y35T39,,NUMBER,,4
2020,,Y35T39,,NUMBER,,16
2021,,Y35T39,,NUMBER,,6
2022,,Y35T39,,NUMBER,,4
2023,,Y35T39,,NUMBER,,7
2024,,Y35T39,,NUMBER,,10
2015,,Y40T44,,NUMBER,,4
2016,,Y40T44,,NUMBER,,1
2017,,Y40T44,,NUMBER,,2
2018,,Y40T44,,NUMBER,,3
2019,,Y40T44,,NUMBER,,3
2020,,Y40T44,,NUMBER,,10
2021,,Y40T44,,NUMBER,,7
2022,,Y40T44,,NUMBER,,1
2023,,Y40T44,,NUMBER,,4
2024,,Y40T44,,NUMBER,,4
2016,,Y45T49,,NUMBER,,1
2020,,Y45T49,,NUMBER,,1
