Year,COMPOSITE_BREAKDOWN,Value
2010,_L_TCH_PR_SCH_EDU,87.9
2011,_L_TCH_PR_SCH_EDU,89.6
2012,_L_TCH_PR_SCH_EDU,87.5
2013,_L_TCH_PR_SCH_EDU,88.8
2014,_L_TCH_PR_SCH_EDU,89.8
2015,_L_TCH_PR_SCH_EDU,94.7
2016,_L_TCH_PR_SCH_EDU,91.6
2017,_L_TCH_PR_SCH_EDU,93.4
2018,_L_TCH_PR_SCH_EDU,93.5
2019,_L_TCH_PR_SCH_EDU,93.6
2020,_L_TCH_PR_SCH_EDU,94.5
2021,_L_TCH_PR_SCH_EDU,93.5
2022,_L_TCH_PR_SCH_EDU,93.4
2023,_L_TCH_PR_SCH_EDU,93.7
2024,_L_TCH_PR_SCH_EDU,93.1
2010,_L_TCH_PR_SCH_1_4,93.6
2011,_L_TCH_PR_SCH_1_4,93.3
2012,_L_TCH_PR_SCH_1_4,93.9
2013,_L_TCH_PR_SCH_1_4,94.3
2014,_L_TCH_PR_SCH_1_4,94.4
2015,_L_TCH_PR_SCH_1_4,95.0
2016,_L_TCH_PR_SCH_1_4,95.4
2017,_L_TCH_PR_SCH_1_4,96.0
2018,_L_TCH_PR_SCH_1_4,96.4
2019,_L_TCH_PR_SCH_1_4,96.3
2020,_L_TCH_PR_SCH_1_4,96.7
2021,_L_TCH_PR_SCH_1_4,96.6
2022,_L_TCH_PR_SCH_1_4,96.0
2023,_L_TCH_PR_SCH_1_4,95.5
2024,_L_TCH_PR_SCH_1_4,95.7
2010,_L_TCH_PR_SEC_SCH_5_11,92.9
2011,_L_TCH_PR_SEC_SCH_5_11,92.8
2012,_L_TCH_PR_SEC_SCH_5_11,94.1
2013,_L_TCH_PR_SEC_SCH_5_11,94.8
2014,_L_TCH_PR_SEC_SCH_5_11,95.3
2015,_L_TCH_PR_SEC_SCH_5_11,95.9
2016,_L_TCH_PR_SEC_SCH_5_11,96.9
2017,_L_TCH_PR_SEC_SCH_5_11,97.9
2018,_L_TCH_PR_SEC_SCH_5_11,98.0
2019,_L_TCH_PR_SEC_SCH_5_11,98.0
2020,_L_TCH_PR_SEC_SCH_5_11,98.2
2021,_L_TCH_PR_SEC_SCH_5_11,98.1
2022,_L_TCH_PR_SEC_SCH_5_11,97.5
2023,_L_TCH_PR_SEC_SCH_5_11,97.1
2024,_L_TCH_PR_SEC_SCH_5_11,97.0
