Year,SERIES,REF_AREA,UNIT_MEASURE,GeoCode,Value
2010,_L_KG_060401_2A,,M_M3_PER_YR,,1768.0
2011,_L_KG_060401_2A,,M_M3_PER_YR,,1877.1
2012,_L_KG_060401_2A,,M_M3_PER_YR,,1955.3
2013,_L_KG_060401_2A,,M_M3_PER_YR,,1873.3
2014,_L_KG_060401_2A,,M_M3_PER_YR,,2029.8
2015,_L_KG_060401_2A,,M_M3_PER_YR,,2092.3
2016,_L_KG_060401_2A,,M_M3_PER_YR,,1841.6
2017,_L_KG_060401_2A,,M_M3_PER_YR,,2128.3
2018,_L_KG_060401_2A,,M_M3_PER_YR,,2085.2
2019,_L_KG_060401_2A,,M_M3_PER_YR,,2242.8
2020,_L_KG_060401_2A,,M_M3_PER_YR,,2198.7
2021,_L_KG_060401_2A,,M_M3_PER_YR,,2148.2
2022,_L_KG_060401_2A,,M_M3_PER_YR,,2388.0
2023,_L_KG_060401_2A,,M_M3_PER_YR,,2385.9
2010,_L_KG_060401_2A,KG05,M_M3_PER_YR,KG05,116.2
2011,_L_KG_060401_2A,KG05,M_M3_PER_YR,KG05,118.7
2012,_L_KG_060401_2A,KG05,M_M3_PER_YR,KG05,92.6
2013,_L_KG_060401_2A,KG05,M_M3_PER_YR,KG05,92.6
2014,_L_KG_060401_2A,KG05,M_M3_PER_YR,KG05,4.3
2015,_L_KG_060401_2A,KG05,M_M3_PER_YR,KG05,114.7
2016,_L_KG_060401_2A,KG05,M_M3_PER_YR,KG05,114.5
2017,_L_KG_060401_2A,KG05,M_M3_PER_YR,KG05,105.8
2018,_L_KG_060401_2A,KG05,M_M3_PER_YR,KG05,101.1
2019,_L_KG_060401_2A,KG05,M_M3_PER_YR,KG05,104.8
2020,_L_KG_060401_2A,KG05,M_M3_PER_YR,KG05,132.7
2021,_L_KG_060401_2A,KG05,M_M3_PER_YR,KG05,109.5
2022,_L_KG_060401_2A,KG05,M_M3_PER_YR,KG05,103.2
2023,_L_KG_060401_2A,KG05,M_M3_PER_YR,KG05,112.1
2010,_L_KG_060401_2A,KG03,M_M3_PER_YR,KG03,189.7
2011,_L_KG_060401_2A,KG03,M_M3_PER_YR,KG03,218.9
2012,_L_KG_060401_2A,KG03,M_M3_PER_YR,KG03,451.3
2013,_L_KG_060401_2A,KG03,M_M3_PER_YR,KG03,451.3
2014,_L_KG_060401_2A,KG03,M_M3_PER_YR,KG03,350.0
2015,_L_KG_060401_2A,KG03,M_M3_PER_YR,KG03,208.1
2016,_L_KG_060401_2A,KG03,M_M3_PER_YR,KG03,200.6
2017,_L_KG_060401_2A,KG03,M_M3_PER_YR,KG03,214.7
2018,_L_KG_060401_2A,KG03,M_M3_PER_YR,KG03,186.3
2019,_L_KG_060401_2A,KG03,M_M3_PER_YR,KG03,254.4
2020,_L_KG_060401_2A,KG03,M_M3_PER_YR,KG03,242.9
2021,_L_KG_060401_2A,KG03,M_M3_PER_YR,KG03,210.1
2022,_L_KG_060401_2A,KG03,M_M3_PER_YR,KG03,231.7
2023,_L_KG_060401_2A,KG03,M_M3_PER_YR,KG03,267.9
2010,_L_KG_060401_2A,KG02,M_M3_PER_YR,KG02,164.6
2011,_L_KG_060401_2A,KG02,M_M3_PER_YR,KG02,155.0
2012,_L_KG_060401_2A,KG02,M_M3_PER_YR,KG02,181.6
2013,_L_KG_060401_2A,KG02,M_M3_PER_YR,KG02,174.3
2014,_L_KG_060401_2A,KG02,M_M3_PER_YR,KG02,198.9
2015,_L_KG_060401_2A,KG02,M_M3_PER_YR,KG02,157.8
2016,_L_KG_060401_2A,KG02,M_M3_PER_YR,KG02,165.3
2017,_L_KG_060401_2A,KG02,M_M3_PER_YR,KG02,184.9
2018,_L_KG_060401_2A,KG02,M_M3_PER_YR,KG02,193.6
2019,_L_KG_060401_2A,KG02,M_M3_PER_YR,KG02,199.8
2020,_L_KG_060401_2A,KG02,M_M3_PER_YR,KG02,203.3
2021,_L_KG_060401_2A,KG02,M_M3_PER_YR,KG02,196.0
2022,_L_KG_060401_2A,KG02,M_M3_PER_YR,KG02,211.3
2023,_L_KG_060401_2A,KG02,M_M3_PER_YR,KG02,230.9
2010,_L_KG_060401_2A,KG04,M_M3_PER_YR,KG04,188.7
2011,_L_KG_060401_2A,KG04,M_M3_PER_YR,KG04,181.8
2012,_L_KG_060401_2A,KG04,M_M3_PER_YR,KG04,194.4
2013,_L_KG_060401_2A,KG04,M_M3_PER_YR,KG04,197.1
2014,_L_KG_060401_2A,KG04,M_M3_PER_YR,KG04,197.1
2015,_L_KG_060401_2A,KG04,M_M3_PER_YR,KG04,189.2
2016,_L_KG_060401_2A,KG04,M_M3_PER_YR,KG04,182.0
2017,_L_KG_060401_2A,KG04,M_M3_PER_YR,KG04,186.8
2018,_L_KG_060401_2A,KG04,M_M3_PER_YR,KG04,194.3
2019,_L_KG_060401_2A,KG04,M_M3_PER_YR,KG04,200.1
2020,_L_KG_060401_2A,KG04,M_M3_PER_YR,KG04,202.8
2021,_L_KG_060401_2A,KG04,M_M3_PER_YR,KG04,209.0
2022,_L_KG_060401_2A,KG04,M_M3_PER_YR,KG04,226.9
2023,_L_KG_060401_2A,KG04,M_M3_PER_YR,KG04,249.7
2010,_L_KG_060401_2A,KG06,M_M3_PER_YR,KG06,227.7
2011,_L_KG_060401_2A,KG06,M_M3_PER_YR,KG06,206.6
2012,_L_KG_060401_2A,KG06,M_M3_PER_YR,KG06,386.2
2013,_L_KG_060401_2A,KG06,M_M3_PER_YR,KG06,352.1
2014,_L_KG_060401_2A,KG06,M_M3_PER_YR,KG06,232.6
2015,_L_KG_060401_2A,KG06,M_M3_PER_YR,KG06,232.6
2016,_L_KG_060401_2A,KG06,M_M3_PER_YR,KG06,246.6
2017,_L_KG_060401_2A,KG06,M_M3_PER_YR,KG06,299.4
2018,_L_KG_060401_2A,KG06,M_M3_PER_YR,KG06,292.4
2019,_L_KG_060401_2A,KG06,M_M3_PER_YR,KG06,310.0
2020,_L_KG_060401_2A,KG06,M_M3_PER_YR,KG06,284.7
2021,_L_KG_060401_2A,KG06,M_M3_PER_YR,KG06,300.2
2022,_L_KG_060401_2A,KG06,M_M3_PER_YR,KG06,335.3
2023,_L_KG_060401_2A,KG06,M_M3_PER_YR,KG06,287.0
2010,_L_KG_060401_2A,KG07,M_M3_PER_YR,KG07,228.9
2011,_L_KG_060401_2A,KG07,M_M3_PER_YR,KG07,253.9
2012,_L_KG_060401_2A,KG07,M_M3_PER_YR,KG07,263.7
2013,_L_KG_060401_2A,KG07,M_M3_PER_YR,KG07,282.6
2014,_L_KG_060401_2A,KG07,M_M3_PER_YR,KG07,257.8
2015,_L_KG_060401_2A,KG07,M_M3_PER_YR,KG07,309.7
2016,_L_KG_060401_2A,KG07,M_M3_PER_YR,KG07,294.0
2017,_L_KG_060401_2A,KG07,M_M3_PER_YR,KG07,300.7
2018,_L_KG_060401_2A,KG07,M_M3_PER_YR,KG07,299.1
2019,_L_KG_060401_2A,KG07,M_M3_PER_YR,KG07,322.3
2020,_L_KG_060401_2A,KG07,M_M3_PER_YR,KG07,294.9
2021,_L_KG_060401_2A,KG07,M_M3_PER_YR,KG07,302.9
2022,_L_KG_060401_2A,KG07,M_M3_PER_YR,KG07,321.1
2023,_L_KG_060401_2A,KG07,M_M3_PER_YR,KG07,334.7
2010,_L_KG_060401_2A,KG08,M_M3_PER_YR,KG08,627.5
2011,_L_KG_060401_2A,KG08,M_M3_PER_YR,KG08,717.2
2012,_L_KG_060401_2A,KG08,M_M3_PER_YR,KG08,836.3
2013,_L_KG_060401_2A,KG08,M_M3_PER_YR,KG08,774.1
2014,_L_KG_060401_2A,KG08,M_M3_PER_YR,KG08,764.2
2015,_L_KG_060401_2A,KG08,M_M3_PER_YR,KG08,856.3
2016,_L_KG_060401_2A,KG08,M_M3_PER_YR,KG08,614.8
2017,_L_KG_060401_2A,KG08,M_M3_PER_YR,KG08,804.6
2018,_L_KG_060401_2A,KG08,M_M3_PER_YR,KG08,786.3
2019,_L_KG_060401_2A,KG08,M_M3_PER_YR,KG08,818.9
2020,_L_KG_060401_2A,KG08,M_M3_PER_YR,KG08,802.5
2021,_L_KG_060401_2A,KG08,M_M3_PER_YR,KG08,786.0
2022,_L_KG_060401_2A,KG08,M_M3_PER_YR,KG08,923.0
2023,_L_KG_060401_2A,KG08,M_M3_PER_YR,KG08,851.0
2010,_L_KG_060401_2A,KG11,M_M3_PER_YR,KG11,24.7
2011,_L_KG_060401_2A,KG11,M_M3_PER_YR,KG11,25.0
2013,_L_KG_060401_2A,KG11,M_M3_PER_YR,KG11,24.2
2014,_L_KG_060401_2A,KG11,M_M3_PER_YR,KG11,24.9
2015,_L_KG_060401_2A,KG11,M_M3_PER_YR,KG11,23.9
2016,_L_KG_060401_2A,KG11,M_M3_PER_YR,KG11,23.8
2017,_L_KG_060401_2A,KG11,M_M3_PER_YR,KG11,24.6
2018,_L_KG_060401_2A,KG11,M_M3_PER_YR,KG11,25.3
2019,_L_KG_060401_2A,KG11,M_M3_PER_YR,KG11,25.8
2020,_L_KG_060401_2A,KG11,M_M3_PER_YR,KG11,28.1
2021,_L_KG_060401_2A,KG11,M_M3_PER_YR,KG11,27.7
2022,_L_KG_060401_2A,KG11,M_M3_PER_YR,KG11,35.4
2023,_L_KG_060401_2A,KG11,M_M3_PER_YR,KG11,48.5
2017,_L_KG_060401_2A,KG21,M_M3_PER_YR,KG21,6.8
2018,_L_KG_060401_2A,KG21,M_M3_PER_YR,KG21,6.8
2019,_L_KG_060401_2A,KG21,M_M3_PER_YR,KG21,6.8
2020,_L_KG_060401_2A,KG21,M_M3_PER_YR,KG21,6.8
2021,_L_KG_060401_2A,KG21,M_M3_PER_YR,KG21,6.8
2023,_L_KG_060401_2A,KG21,M_M3_PER_YR,KG21,4.2
2010,_L_KG_060401_2B,,PT,,23.4
2011,_L_KG_060401_2B,,PT,,21.7
2012,_L_KG_060401_2B,,PT,,21.7
2013,_L_KG_060401_2B,,PT,,22.5
2014,_L_KG_060401_2B,,PT,,26.5
2015,_L_KG_060401_2B,,PT,,27.6
2016,_L_KG_060401_2B,,PT,,25.1
2017,_L_KG_060401_2B,,PT,,27.8
2018,_L_KG_060401_2B,,PT,,26.9
2019,_L_KG_060401_2B,,PT,,27.8
2020,_L_KG_060401_2B,,PT,,27.4
2021,_L_KG_060401_2B,,PT,,26.9
2022,_L_KG_060401_2B,,PT,,27.3
2023,_L_KG_060401_2B,,PT,,26.890546
2010,_L_KG_060401_2B,KG05,PT,KG05,20.1
2011,_L_KG_060401_2B,KG05,PT,KG05,20.2
2012,_L_KG_060401_2B,KG05,PT,KG05,9.6
2013,_L_KG_060401_2B,KG05,PT,KG05,9.6
2014,_L_KG_060401_2B,KG05,PT,KG05,0.7
2015,_L_KG_060401_2B,KG05,PT,KG05,17.8
2016,_L_KG_060401_2B,KG05,PT,KG05,17.7
2017,_L_KG_060401_2B,KG05,PT,KG05,16.7
2018,_L_KG_060401_2B,KG05,PT,KG05,15.6
2019,_L_KG_060401_2B,KG05,PT,KG05,15.8
2020,_L_KG_060401_2B,KG05,PT,KG05,17.5
2021,_L_KG_060401_2B,KG05,PT,KG05,15.9
2022,_L_KG_060401_2B,KG05,PT,KG05,15.1
2023,_L_KG_060401_2B,KG05,PT,KG05,15.490057
2010,_L_KG_060401_2B,KG03,PT,KG03,27.3
2011,_L_KG_060401_2B,KG03,PT,KG03,18.3
2012,_L_KG_060401_2B,KG03,PT,KG03,63.0
2013,_L_KG_060401_2B,KG03,PT,KG03,63.0
2014,_L_KG_060401_2B,KG03,PT,KG03,44.8
2015,_L_KG_060401_2B,KG03,PT,KG03,21.1
2016,_L_KG_060401_2B,KG03,PT,KG03,21.1
2017,_L_KG_060401_2B,KG03,PT,KG03,22.9
2018,_L_KG_060401_2B,KG03,PT,KG03,20.1
2019,_L_KG_060401_2B,KG03,PT,KG03,25.1
2020,_L_KG_060401_2B,KG03,PT,KG03,24.7
2021,_L_KG_060401_2B,KG03,PT,KG03,21.7
2022,_L_KG_060401_2B,KG03,PT,KG03,21.0
2023,_L_KG_060401_2B,KG03,PT,KG03,22.218388
2010,_L_KG_060401_2B,KG02,PT,KG02,29.7
2011,_L_KG_060401_2B,KG02,PT,KG02,17.1
2012,_L_KG_060401_2B,KG02,PT,KG02,18.8
2013,_L_KG_060401_2B,KG02,PT,KG02,27.7
2014,_L_KG_060401_2B,KG02,PT,KG02,31.6
2015,_L_KG_060401_2B,KG02,PT,KG02,27.3
2016,_L_KG_060401_2B,KG02,PT,KG02,31.5
2017,_L_KG_060401_2B,KG02,PT,KG02,29.6
2018,_L_KG_060401_2B,KG02,PT,KG02,31.2
2019,_L_KG_060401_2B,KG02,PT,KG02,31.5
2020,_L_KG_060401_2B,KG02,PT,KG02,31.5
2021,_L_KG_060401_2B,KG02,PT,KG02,29.9
2022,_L_KG_060401_2B,KG02,PT,KG02,29.6
2023,_L_KG_060401_2B,KG02,PT,KG02,29.614328
2010,_L_KG_060401_2B,KG04,PT,KG04,31.9
2011,_L_KG_060401_2B,KG04,PT,KG04,30.8
2012,_L_KG_060401_2B,KG04,PT,KG04,30.5
2013,_L_KG_060401_2B,KG04,PT,KG04,30.6
2014,_L_KG_060401_2B,KG04,PT,KG04,32.4
2015,_L_KG_060401_2B,KG04,PT,KG04,30.5
2016,_L_KG_060401_2B,KG04,PT,KG04,29.9
2017,_L_KG_060401_2B,KG04,PT,KG04,30.4
2018,_L_KG_060401_2B,KG04,PT,KG04,30.3
2019,_L_KG_060401_2B,KG04,PT,KG04,30.4
2020,_L_KG_060401_2B,KG04,PT,KG04,30.4
2021,_L_KG_060401_2B,KG04,PT,KG04,30.2
2022,_L_KG_060401_2B,KG04,PT,KG04,29.9
2023,_L_KG_060401_2B,KG04,PT,KG04,30.104452
2010,_L_KG_060401_2B,KG06,PT,KG06,17.1
2011,_L_KG_060401_2B,KG06,PT,KG06,17.8
2012,_L_KG_060401_2B,KG06,PT,KG06,26.8
2013,_L_KG_060401_2B,KG06,PT,KG06,25.3
2014,_L_KG_060401_2B,KG06,PT,KG06,20.5
2015,_L_KG_060401_2B,KG06,PT,KG06,19.5
2016,_L_KG_060401_2B,KG06,PT,KG06,21.9
2017,_L_KG_060401_2B,KG06,PT,KG06,25.3
2018,_L_KG_060401_2B,KG06,PT,KG06,25.6
2019,_L_KG_060401_2B,KG06,PT,KG06,26.3
2020,_L_KG_060401_2B,KG06,PT,KG06,24.8
2021,_L_KG_060401_2B,KG06,PT,KG06,24.0
2022,_L_KG_060401_2B,KG06,PT,KG06,24.3
2023,_L_KG_060401_2B,KG06,PT,KG06,21.825967
2010,_L_KG_060401_2B,KG07,PT,KG07,27.6
2011,_L_KG_060401_2B,KG07,PT,KG07,28.7
2012,_L_KG_060401_2B,KG07,PT,KG07,29.2
2013,_L_KG_060401_2B,KG07,PT,KG07,30.1
2014,_L_KG_060401_2B,KG07,PT,KG07,29.2
2015,_L_KG_060401_2B,KG07,PT,KG07,30.6
2016,_L_KG_060401_2B,KG07,PT,KG07,31.1
2017,_L_KG_060401_2B,KG07,PT,KG07,30.3
2018,_L_KG_060401_2B,KG07,PT,KG07,31.1
2019,_L_KG_060401_2B,KG07,PT,KG07,31.6
2020,_L_KG_060401_2B,KG07,PT,KG07,30.7
2021,_L_KG_060401_2B,KG07,PT,KG07,31.6
2022,_L_KG_060401_2B,KG07,PT,KG07,31.4
2023,_L_KG_060401_2B,KG07,PT,KG07,32.351575
2010,_L_KG_060401_2B,KG08,PT,KG08,22.4
2011,_L_KG_060401_2B,KG08,PT,KG08,22.9
2012,_L_KG_060401_2B,KG08,PT,KG08,26.1
2013,_L_KG_060401_2B,KG08,PT,KG08,25.5
2014,_L_KG_060401_2B,KG08,PT,KG08,27.0
2015,_L_KG_060401_2B,KG08,PT,KG08,36.2
2016,_L_KG_060401_2B,KG08,PT,KG08,26.0
2017,_L_KG_060401_2B,KG08,PT,KG08,32.2
2018,_L_KG_060401_2B,KG08,PT,KG08,29.9
2019,_L_KG_060401_2B,KG08,PT,KG08,30.3
2020,_L_KG_060401_2B,KG08,PT,KG08,30.1
2021,_L_KG_060401_2B,KG08,PT,KG08,30.3
2022,_L_KG_060401_2B,KG08,PT,KG08,31.5
2023,_L_KG_060401_2B,KG08,PT,KG08,30.810022
2010,_L_KG_060401_2B,KG11,PT,KG11,18.2
2011,_L_KG_060401_2B,KG11,PT,KG11,22.0
2013,_L_KG_060401_2B,KG11,PT,KG11,20.9
2014,_L_KG_060401_2B,KG11,PT,KG11,21.0
2015,_L_KG_060401_2B,KG11,PT,KG11,21.0
2016,_L_KG_060401_2B,KG11,PT,KG11,21.0
2017,_L_KG_060401_2B,KG11,PT,KG11,20.9
2018,_L_KG_060401_2B,KG11,PT,KG11,20.8
2019,_L_KG_060401_2B,KG11,PT,KG11,19.3
2020,_L_KG_060401_2B,KG11,PT,KG11,21.2
2021,_L_KG_060401_2B,KG11,PT,KG11,20.7
2022,_L_KG_060401_2B,KG11,PT,KG11,23.8
2023,_L_KG_060401_2B,KG11,PT,KG11,29.193884
2017,_L_KG_060401_2B,KG21,PT,KG21,12.0
2018,_L_KG_060401_2B,KG21,PT,KG21,12.0
2019,_L_KG_060401_2B,KG21,PT,KG21,11.9
2020,_L_KG_060401_2B,KG21,PT,KG21,11.6
2021,_L_KG_060401_2B,KG21,PT,KG21,12.0
2023,_L_KG_060401_2B,KG21,PT,KG21,7.436289
