Year,SERIES,Территория,Тип местности,GeoCode,Value
2019,Уровень умеренного или острого отсутствия продовольственной безопасности населения,,,,4.5
2020,Уровень умеренного или острого отсутствия продовольственной безопасности населения,,,,5.7
2021,Уровень умеренного или острого отсутствия продовольственной безопасности населения,,,,7.6
2022,Уровень умеренного или острого отсутствия продовольственной безопасности населения,,,,5.652293
2023,Уровень умеренного или острого отсутствия продовольственной безопасности населения,,,,4.684702
2024,Уровень умеренного или острого отсутствия продовольственной безопасности населения,,,,5.0
2019,Уровень умеренного или острого отсутствия продовольственной безопасности населения,,Городская,,6.9
2020,Уровень умеренного или острого отсутствия продовольственной безопасности населения,,Городская,,9.4
2021,Уровень умеренного или острого отсутствия продовольственной безопасности населения,,Городская,,12.9
2022,Уровень умеренного или острого отсутствия продовольственной безопасности населения,,Городская,,11.431225
2023,Уровень умеренного или острого отсутствия продовольственной безопасности населения,,Городская,,9.161918
2024,Уровень умеренного или острого отсутствия продовольственной безопасности населения,,Городская,,9.9
2019,Уровень умеренного или острого отсутствия продовольственной безопасности населения,,Сельская,,3.1
2020,Уровень умеренного или острого отсутствия продовольственной безопасности населения,,Сельская,,3.6
2021,Уровень умеренного или острого отсутствия продовольственной безопасности населения,,Сельская,,4.5
2022,Уровень умеренного или острого отсутствия продовольственной безопасности населения,,Сельская,,2.30149
2023,Уровень умеренного или острого отсутствия продовольственной безопасности населения,,Сельская,,2.102663
2024,Уровень умеренного или острого отсутствия продовольственной безопасности населения,,Сельская,,1.2
2019,Уровень умеренного или острого отсутствия продовольственной безопасности населения,Баткенская область,,KG05,2.7
2020,Уровень умеренного или острого отсутствия продовольственной безопасности населения,Баткенская область,,KG05,2.4
2021,Уровень умеренного или острого отсутствия продовольственной безопасности населения,Баткенская область,,KG05,0.9
2022,Уровень умеренного или острого отсутствия продовольственной безопасности населения,Баткенская область,,KG05,1.135902
2023,Уровень умеренного или острого отсутствия продовольственной безопасности населения,Баткенская область,,KG05,1.688395
2024,Уровень умеренного или острого отсутствия продовольственной безопасности населения,Баткенская область,,KG05,2.247922
2019,Уровень умеренного или острого отсутствия продовольственной безопасности населения,Джалал-Абадская область,,KG03,6.6
2020,Уровень умеренного или острого отсутствия продовольственной безопасности населения,Джалал-Абадская область,,KG03,7.0
2021,Уровень умеренного или острого отсутствия продовольственной безопасности населения,Джалал-Абадская область,,KG03,9.8
2022,Уровень умеренного или острого отсутствия продовольственной безопасности населения,Джалал-Абадская область,,KG03,4.64161
2023,Уровень умеренного или острого отсутствия продовольственной безопасности населения,Джалал-Абадская область,,KG03,5.462823
2024,Уровень умеренного или острого отсутствия продовольственной безопасности населения,Джалал-Абадская область,,KG03,4.979588
2019,Уровень умеренного или острого отсутствия продовольственной безопасности населения,Иссык-Кульская область,,KG02,9.3
2020,Уровень умеренного или острого отсутствия продовольственной безопасности населения,Иссык-Кульская область,,KG02,9.8
2021,Уровень умеренного или острого отсутствия продовольственной безопасности населения,Иссык-Кульская область,,KG02,4.6
2022,Уровень умеренного или острого отсутствия продовольственной безопасности населения,Иссык-Кульская область,,KG02,2.51904
2023,Уровень умеренного или острого отсутствия продовольственной безопасности населения,Иссык-Кульская область,,KG02,3.547215
2024,Уровень умеренного или острого отсутствия продовольственной безопасности населения,Иссык-Кульская область,,KG02,0.515893
2019,Уровень умеренного или острого отсутствия продовольственной безопасности населения,Нарынская область,,KG04,1.8
2020,Уровень умеренного или острого отсутствия продовольственной безопасности населения,Нарынская область,,KG04,1.3
2021,Уровень умеренного или острого отсутствия продовольственной безопасности населения,Нарынская область,,KG04,8.3
2022,Уровень умеренного или острого отсутствия продовольственной безопасности населения,Нарынская область,,KG04,4.872377
2023,Уровень умеренного или острого отсутствия продовольственной безопасности населения,Нарынская область,,KG04,5.089389
2024,Уровень умеренного или острого отсутствия продовольственной безопасности населения,Нарынская область,,KG04,7.564722
2019,Уровень умеренного или острого отсутствия продовольственной безопасности населения,Ошская область,,KG06,2.2
2020,Уровень умеренного или острого отсутствия продовольственной безопасности населения,Ошская область,,KG06,2.2
2021,Уровень умеренного или острого отсутствия продовольственной безопасности населения,Ошская область,,KG06,3.5
2022,Уровень умеренного или острого отсутствия продовольственной безопасности населения,Ошская область,,KG06,1.048524
2023,Уровень умеренного или острого отсутствия продовольственной безопасности населения,Ошская область,,KG06,0.478984
2024,Уровень умеренного или острого отсутствия продовольственной безопасности населения,Ошская область,,KG06,0.204083
2019,Уровень умеренного или острого отсутствия продовольственной безопасности населения,Таласская область,,KG07,3.3
2020,Уровень умеренного или острого отсутствия продовольственной безопасности населения,Таласская область,,KG07,7.6
2021,Уровень умеренного или острого отсутствия продовольственной безопасности населения,Таласская область,,KG07,8.3
2022,Уровень умеренного или острого отсутствия продовольственной безопасности населения,Таласская область,,KG07,8.39205
2023,Уровень умеренного или острого отсутствия продовольственной безопасности населения,Таласская область,,KG07,6.760147
2024,Уровень умеренного или острого отсутствия продовольственной безопасности населения,Таласская область,,KG07,1.106688
2019,Уровень умеренного или острого отсутствия продовольственной безопасности населения,Чуйская область,,KG08,3.0
2020,Уровень умеренного или острого отсутствия продовольственной безопасности населения,Чуйская область,,KG08,4.2
2021,Уровень умеренного или острого отсутствия продовольственной безопасности населения,Чуйская область,,KG08,3.1
2022,Уровень умеренного или острого отсутствия продовольственной безопасности населения,Чуйская область,,KG08,4.496569
2023,Уровень умеренного или острого отсутствия продовольственной безопасности населения,Чуйская область,,KG08,3.575054
2024,Уровень умеренного или острого отсутствия продовольственной безопасности населения,Чуйская область,,KG08,2.549877
2019,Уровень умеренного или острого отсутствия продовольственной безопасности населения,г. Бишкек,,KG11,5.4
2020,Уровень умеренного или острого отсутствия продовольственной безопасности населения,г. Бишкек,,KG11,10.3
2021,Уровень умеренного или острого отсутствия продовольственной безопасности населения,г. Бишкек,,KG11,13.6
2022,Уровень умеренного или острого отсутствия продовольственной безопасности населения,г. Бишкек,,KG11,11.111248
2023,Уровень умеренного или острого отсутствия продовольственной безопасности населения,г. Бишкек,,KG11,5.609199
2024,Уровень умеренного или острого отсутствия продовольственной безопасности населения,г. Бишкек,,KG11,9.202111
2019,Уровень умеренного или острого отсутствия продовольственной безопасности населения,г. Ош,,KG21,10.7
2020,Уровень умеренного или острого отсутствия продовольственной безопасности населения,г. Ош,,KG21,12.2
2021,Уровень умеренного или острого отсутствия продовольственной безопасности населения,г. Ош,,KG21,24.6
2022,Уровень умеренного или острого отсутствия продовольственной безопасности населения,г. Ош,,KG21,24.120065
2023,Уровень умеренного или острого отсутствия продовольственной безопасности населения,г. Ош,,KG21,23.492625
2024,Уровень умеренного или острого отсутствия продовольственной безопасности населения,г. Ош,,KG21,21.299583
2019,Распространенность острого отсутствия продовольственной безопасности населения,,,,0.8
2020,Распространенность острого отсутствия продовольственной безопасности населения,,,,1.3
2021,Распространенность острого отсутствия продовольственной безопасности населения,,,,1.6
2022,Распространенность острого отсутствия продовольственной безопасности населения,,,,1.48973
2023,Распространенность острого отсутствия продовольственной безопасности населения,,,,1.611027
2024,Распространенность острого отсутствия продовольственной безопасности населения,,,,1.3
2019,Распространенность острого отсутствия продовольственной безопасности населения,,Городская,,1.8
2020,Распространенность острого отсутствия продовольственной безопасности населения,,Городская,,2.9
2021,Распространенность острого отсутствия продовольственной безопасности населения,,Городская,,3.4
2022,Распространенность острого отсутствия продовольственной безопасности населения,,Городская,,3.189262
2023,Распространенность острого отсутствия продовольственной безопасности населения,,Городская,,3.591198
2024,Распространенность острого отсутствия продовольственной безопасности населения,,Городская,,2.8
2019,Распространенность острого отсутствия продовольственной безопасности населения,,Сельская,,0.2
2020,Распространенность острого отсутствия продовольственной безопасности населения,,Сельская,,0.4
2021,Распространенность острого отсутствия продовольственной безопасности населения,,Сельская,,0.6
2022,Распространенность острого отсутствия продовольственной безопасности населения,,Сельская,,0.504288
2023,Распространенность острого отсутствия продовольственной безопасности населения,,Сельская,,0.46905
2024,Распространенность острого отсутствия продовольственной безопасности населения,,Сельская,,0.2
2019,Распространенность острого отсутствия продовольственной безопасности населения,Баткенская область,,KG05,0.1
2020,Распространенность острого отсутствия продовольственной безопасности населения,Баткенская область,,KG05,0.0
2021,Распространенность острого отсутствия продовольственной безопасности населения,Баткенская область,,KG05,0.1
2022,Распространенность острого отсутствия продовольственной безопасности населения,Баткенская область,,KG05,0.054127
2023,Распространенность острого отсутствия продовольственной безопасности населения,Баткенская область,,KG05,0.178064
2024,Распространенность острого отсутствия продовольственной безопасности населения,Баткенская область,,KG05,0.242777
2019,Распространенность острого отсутствия продовольственной безопасности населения,Джалал-Абадская область,,KG03,2.1
2020,Распространенность острого отсутствия продовольственной безопасности населения,Джалал-Абадская область,,KG03,2.4
2021,Распространенность острого отсутствия продовольственной безопасности населения,Джалал-Абадская область,,KG03,3.2
2022,Распространенность острого отсутствия продовольственной безопасности населения,Джалал-Абадская область,,KG03,2.620321
2023,Распространенность острого отсутствия продовольственной безопасности населения,Джалал-Абадская область,,KG03,2.632222
2024,Распространенность острого отсутствия продовольственной безопасности населения,Джалал-Абадская область,,KG03,2.99313
2019,Распространенность острого отсутствия продовольственной безопасности населения,Иссык-Кульская область,,KG02,0.7
2020,Распространенность острого отсутствия продовольственной безопасности населения,Иссык-Кульская область,,KG02,1.5
2021,Распространенность острого отсутствия продовольственной безопасности населения,Иссык-Кульская область,,KG02,0.2
2022,Распространенность острого отсутствия продовольственной безопасности населения,Иссык-Кульская область,,KG02,0.408104
2023,Распространенность острого отсутствия продовольственной безопасности населения,Иссык-Кульская область,,KG02,1.845182
2024,Распространенность острого отсутствия продовольственной безопасности населения,Иссык-Кульская область,,KG02,0.039091
2019,Распространенность острого отсутствия продовольственной безопасности населения,Нарынская область,,KG04,0.1
2020,Распространенность острого отсутствия продовольственной безопасности населения,Нарынская область,,KG04,0.4
2021,Распространенность острого отсутствия продовольственной безопасности населения,Нарынская область,,KG04,1.3
2022,Распространенность острого отсутствия продовольственной безопасности населения,Нарынская область,,KG04,0.835599
2023,Распространенность острого отсутствия продовольственной безопасности населения,Нарынская область,,KG04,0.595066
2024,Распространенность острого отсутствия продовольственной безопасности населения,Нарынская область,,KG04,0.316202
2019,Распространенность острого отсутствия продовольственной безопасности населения,Ошская область,,KG06,0.1
2020,Распространенность острого отсутствия продовольственной безопасности населения,Ошская область,,KG06,0.3
2021,Распространенность острого отсутствия продовольственной безопасности населения,Ошская область,,KG06,0.7
2022,Распространенность острого отсутствия продовольственной безопасности населения,Ошская область,,KG06,0.071736
2023,Распространенность острого отсутствия продовольственной безопасности населения,Ошская область,,KG06,0.028566
2024,Распространенность острого отсутствия продовольственной безопасности населения,Ошская область,,KG06,0.056373
2019,Распространенность острого отсутствия продовольственной безопасности населения,Таласская область,,KG07,0.1
2020,Распространенность острого отсутствия продовольственной безопасности населения,Таласская область,,KG07,0.8
2021,Распространенность острого отсутствия продовольственной безопасности населения,Таласская область,,KG07,0.5
2022,Распространенность острого отсутствия продовольственной безопасности населения,Таласская область,,KG07,1.11623
2023,Распространенность острого отсутствия продовольственной безопасности населения,Таласская область,,KG07,0.175273
2024,Распространенность острого отсутствия продовольственной безопасности населения,Таласская область,,KG07,0.11039
2019,Распространенность острого отсутствия продовольственной безопасности населения,Чуйская область,,KG08,0.7
2020,Распространенность острого отсутствия продовольственной безопасности населения,Чуйская область,,KG08,1.4
2021,Распространенность острого отсутствия продовольственной безопасности населения,Чуйская область,,KG08,0.5
2022,Распространенность острого отсутствия продовольственной безопасности населения,Чуйская область,,KG08,1.528846
2023,Распространенность острого отсутствия продовольственной безопасности населения,Чуйская область,,KG08,1.678344
2024,Распространенность острого отсутствия продовольственной безопасности населения,Чуйская область,,KG08,0.633379
2019,Распространенность острого отсутствия продовольственной безопасности населения,г. Бишкек,,KG11,0.4
2020,Распространенность острого отсутствия продовольственной безопасности населения,г. Бишкек,,KG11,1.8
2021,Распространенность острого отсутствия продовольственной безопасности населения,г. Бишкек,,KG11,0.9
2022,Распространенность острого отсутствия продовольственной безопасности населения,г. Бишкек,,KG11,0.495484
2023,Распространенность острого отсутствия продовольственной безопасности населения,г. Бишкек,,KG11,0.457397
2024,Распространенность острого отсутствия продовольственной безопасности населения,г. Бишкек,,KG11,0.211021
2019,Распространенность острого отсутствия продовольственной безопасности населения,г. Ош,,KG21,2.7
2020,Распространенность острого отсутствия продовольственной безопасности населения,г. Ош,,KG21,3.7
2021,Распространенность острого отсутствия продовольственной безопасности населения,г. Ош,,KG21,11.7
2022,Распространенность острого отсутствия продовольственной безопасности населения,г. Ош,,KG21,11.592243
2023,Распространенность острого отсутствия продовольственной безопасности населения,г. Ош,,KG21,11.499084
2024,Распространенность острого отсутствия продовольственной безопасности населения,г. Ош,,KG21,8.662188
