Year,concept.SEX,concept.AGE,concept.URBANISATION,concept.ACTIVITY,Value
2015,,,,,22.971916
2016,,,,,18.3
2017,,,,,18.0
2018,,,,,15.5
2019,,,,,13.2
2015,CL_SEX.M,,,,24.625381
2016,CL_SEX.M,,,,19.7
2017,CL_SEX.M,,,,20.0
2018,CL_SEX.M,,,,16.6
2019,CL_SEX.M,,,,14.9
2015,CL_SEX.F,,,,20.568799
2016,CL_SEX.F,,,,16.0
2017,CL_SEX.F,,,,14.8
2018,CL_SEX.F,,,,13.6
2019,CL_SEX.F,,,,10.5
2015,,CL_AGE.Y15T19,,,23.727492
2016,,CL_AGE.Y15T19,,,18.981762
2017,,CL_AGE.Y15T19,,,14.748617
2018,,CL_AGE.Y15T19,,,12.569312
2019,,CL_AGE.Y15T19,,,6.6
2015,,CL_AGE.Y20T24,,,19.900404
2016,,CL_AGE.Y20T24,,,18.030501
2017,,CL_AGE.Y20T24,,,13.948053
2018,,CL_AGE.Y20T24,,,10.713886
2019,,CL_AGE.Y20T24,,,8.1
2015,,CL_AGE.Y25T29,,,20.936837
2016,,CL_AGE.Y25T29,,,17.480642
2017,,CL_AGE.Y25T29,,,18.451453
2018,,CL_AGE.Y25T29,,,15.81122
2019,,CL_AGE.Y25T29,,,11.1
2015,,CL_AGE.Y30T34,,,31.941974
2016,,CL_AGE.Y30T34,,,22.514499
2017,,CL_AGE.Y30T34,,,22.859646
2018,,CL_AGE.Y30T34,,,18.364477
2019,,CL_AGE.Y30T34,,,17.1
2015,,CL_AGE.Y35T39,,,33.358438
2016,,CL_AGE.Y35T39,,,27.556783
2017,,CL_AGE.Y35T39,,,26.449237
2018,,CL_AGE.Y35T39,,,23.421118
2019,,CL_AGE.Y35T39,,,25.0
2015,,CL_AGE.Y40T44,,,27.540969
2016,,CL_AGE.Y40T44,,,20.070139
2017,,CL_AGE.Y40T44,,,21.848723
2018,,CL_AGE.Y40T44,,,18.519254
2019,,CL_AGE.Y40T44,,,16.1
2015,,CL_AGE.Y45T49,,,20.291457
2016,,CL_AGE.Y45T49,,,15.102517
2017,,CL_AGE.Y45T49,,,15.28059
2018,,CL_AGE.Y45T49,,,13.51728
2019,,CL_AGE.Y45T49,,,11.1
2015,,CL_AGE.Y50T54,,,12.36359
2016,,CL_AGE.Y50T54,,,11.302524
2017,,CL_AGE.Y50T54,,,10.786084
2018,,CL_AGE.Y50T54,,,12.477862
2019,,CL_AGE.Y50T54,,,8.6
2015,,CL_AGE.Y55T59,,,11.393416
2016,,CL_AGE.Y55T59,,,8.398371
2017,,CL_AGE.Y55T59,,,10.344861
2018,,CL_AGE.Y55T59,,,9.489257
2019,,CL_AGE.Y55T59,,,7.9
2015,,CL_AGE.Y60T64,,,9.437077
2016,,CL_AGE.Y60T64,,,14.236349
2017,,CL_AGE.Y60T64,,,14.339166
2018,,CL_AGE.Y60T64,,,11.956667
2019,,CL_AGE.Y60T64,,,8.8
2015,,CL_AGE.Y65T69,,,5.348356
2016,,CL_AGE.Y65T69,,,7.617625
2017,,CL_AGE.Y65T69,,,6.152168
2018,,CL_AGE.Y65T69,,,4.775939
2019,,CL_AGE.Y65T69,,,4.2
2015,,CL_AGE.Y_GE70,,,4.324812
2016,,CL_AGE.Y_GE70,,,13.929941
2017,,CL_AGE.Y_GE70,,,10.576621
2018,,CL_AGE.Y_GE70,,,3.717472
2019,,CL_AGE.Y_GE70,,,7.3
2015,,,CL_URBANISATION.U,,18.096777
2016,,,CL_URBANISATION.U,,11.846667
2017,,,CL_URBANISATION.U,,13.174611
2018,,,CL_URBANISATION.U,,13.0
2019,,,CL_URBANISATION.U,,9.7
2015,,,CL_URBANISATION.R,,25.484816
2016,,,CL_URBANISATION.R,,21.760369
2017,,,CL_URBANISATION.R,,20.740757
2018,,,CL_URBANISATION.R,,16.9
2019,,,CL_URBANISATION.R,,15.2
2015,,,,CL_ACTIVITY.ISIC4_A,29.143908
2016,,,,CL_ACTIVITY.ISIC4_A,24.458297
2017,,,,CL_ACTIVITY.ISIC4_A,22.569518
2018,,,,CL_ACTIVITY.ISIC4_A,21.91768
2019,,,,CL_ACTIVITY.ISIC4_A,14.2
2015,,,,CL_ACTIVITY.ISIC4_B,25.706733
2016,,,,CL_ACTIVITY.ISIC4_B,17.407081
2017,,,,CL_ACTIVITY.ISIC4_B,43.485033
2018,,,,CL_ACTIVITY.ISIC4_B,46.524661
2019,,,,CL_ACTIVITY.ISIC4_B,40.4
2015,,,,CL_ACTIVITY.ISIC4_C,20.686606
2016,,,,CL_ACTIVITY.ISIC4_C,16.804167
2017,,,,CL_ACTIVITY.ISIC4_C,19.252255
2018,,,,CL_ACTIVITY.ISIC4_C,12.973926
2019,,,,CL_ACTIVITY.ISIC4_C,14.3
2015,,,,CL_ACTIVITY.ISIC4_D,10.380818
2016,,,,CL_ACTIVITY.ISIC4_D,6.694579
2017,,,,CL_ACTIVITY.ISIC4_D,16.766198
2018,,,,CL_ACTIVITY.ISIC4_D,9.870001
2019,,,,CL_ACTIVITY.ISIC4_D,10.0
2015,,,,CL_ACTIVITY.ISIC4_E,8.763458
2016,,,,CL_ACTIVITY.ISIC4_E,11.046115
2017,,,,CL_ACTIVITY.ISIC4_E,16.935338
2018,,,,CL_ACTIVITY.ISIC4_E,14.440148
2019,,,,CL_ACTIVITY.ISIC4_E,16.3
2015,,,,CL_ACTIVITY.ISIC4_F,30.479759
2016,,,,CL_ACTIVITY.ISIC4_F,21.910701
2017,,,,CL_ACTIVITY.ISIC4_F,25.189653
2018,,,,CL_ACTIVITY.ISIC4_F,18.342748
2019,,,,CL_ACTIVITY.ISIC4_F,16.1
2015,,,,CL_ACTIVITY.ISIC4_G,17.048203
2016,,,,CL_ACTIVITY.ISIC4_G,13.904379
2017,,,,CL_ACTIVITY.ISIC4_G,12.664883
2018,,,,CL_ACTIVITY.ISIC4_G,12.403591
2019,,,,CL_ACTIVITY.ISIC4_G,11.6
2015,,,,CL_ACTIVITY.ISIC4_H,22.27405
2016,,,,CL_ACTIVITY.ISIC4_H,20.940255
2017,,,,CL_ACTIVITY.ISIC4_H,17.99169
2018,,,,CL_ACTIVITY.ISIC4_H,14.190519
2019,,,,CL_ACTIVITY.ISIC4_H,15.2
2015,,,,CL_ACTIVITY.ISIC4_I,18.21034
2016,,,,CL_ACTIVITY.ISIC4_I,13.950839
2017,,,,CL_ACTIVITY.ISIC4_I,10.454912
2018,,,,CL_ACTIVITY.ISIC4_I,10.100327
2019,,,,CL_ACTIVITY.ISIC4_I,8.9
2015,,,,CL_ACTIVITY.ISIC4_J,23.378289
2016,,,,CL_ACTIVITY.ISIC4_J,12.552141
2017,,,,CL_ACTIVITY.ISIC4_J,7.21763
2018,,,,CL_ACTIVITY.ISIC4_J,7.39829
2019,,,,CL_ACTIVITY.ISIC4_J,2.1
2015,,,,CL_ACTIVITY.ISIC4_K,10.489031
2016,,,,CL_ACTIVITY.ISIC4_K,6.973096
2017,,,,CL_ACTIVITY.ISIC4_K,11.910368
2018,,,,CL_ACTIVITY.ISIC4_K,10.729115
2019,,,,CL_ACTIVITY.ISIC4_K,15.6
2015,,,,CL_ACTIVITY.ISIC4_L,3.934555
2016,,,,CL_ACTIVITY.ISIC4_L,1.56104
2017,,,,CL_ACTIVITY.ISIC4_L,1.876997
2015,,,,CL_ACTIVITY.ISIC4_M,18.961063
2016,,,,CL_ACTIVITY.ISIC4_M,6.415037
2017,,,,CL_ACTIVITY.ISIC4_M,10.733285
2018,,,,CL_ACTIVITY.ISIC4_M,6.187182
2019,,,,CL_ACTIVITY.ISIC4_M,12.6
2015,,,,CL_ACTIVITY.ISIC4_N,13.647895
2016,,,,CL_ACTIVITY.ISIC4_N,9.73944
2017,,,,CL_ACTIVITY.ISIC4_N,17.445705
2018,,,,CL_ACTIVITY.ISIC4_N,10.903917
2019,,,,CL_ACTIVITY.ISIC4_N,10.8
2015,,,,CL_ACTIVITY.ISIC4_O,16.876779
2016,,,,CL_ACTIVITY.ISIC4_O,9.94822
2017,,,,CL_ACTIVITY.ISIC4_O,10.126909
2018,,,,CL_ACTIVITY.ISIC4_O,6.64676
2019,,,,CL_ACTIVITY.ISIC4_O,6.7
2015,,,,CL_ACTIVITY.ISIC4_P,20.413164
2016,,,,CL_ACTIVITY.ISIC4_P,16.145522
2017,,,,CL_ACTIVITY.ISIC4_P,18.57928
2018,,,,CL_ACTIVITY.ISIC4_P,18.915135
2019,,,,CL_ACTIVITY.ISIC4_P,13.2
2015,,,,CL_ACTIVITY.ISIC4_Q,13.310295
2016,,,,CL_ACTIVITY.ISIC4_Q,11.612557
2017,,,,CL_ACTIVITY.ISIC4_Q,15.172329
2018,,,,CL_ACTIVITY.ISIC4_Q,12.026034
2019,,,,CL_ACTIVITY.ISIC4_Q,10.9
2015,,,,CL_ACTIVITY.ISIC4_R,24.880928
2016,,,,CL_ACTIVITY.ISIC4_R,22.865184
2017,,,,CL_ACTIVITY.ISIC4_R,13.457395
2018,,,,CL_ACTIVITY.ISIC4_R,9.968181
2019,,,,CL_ACTIVITY.ISIC4_R,13.3
2015,,,,CL_ACTIVITY.ISIC4_S,14.316551
2016,,,,CL_ACTIVITY.ISIC4_S,10.525974
2017,,,,CL_ACTIVITY.ISIC4_S,9.650244
2018,,,,CL_ACTIVITY.ISIC4_S,9.121616
2019,,,,CL_ACTIVITY.ISIC4_S,6.8
2015,,,,CL_ACTIVITY.ISIC4_T,23.958709
2016,,,,CL_ACTIVITY.ISIC4_T,46.915523
2017,,,,CL_ACTIVITY.ISIC4_T,31.481607
2018,,,,CL_ACTIVITY.ISIC4_T,23.380874
2019,,,,CL_ACTIVITY.ISIC4_T,18.3
2017,,,,CL_ACTIVITY.ISIC4_U,15.599786
