Year,Показатель,Территория,Местность,Образование главы домохозяйства,Квинтиль благосостояния,Value
2018,"Процентная доля членов домохозяйств, которые пользуются улучшенными источниками питьевой воды, находящимися либо в их собственном жилище/дворе/на их собственном участке, либо не более чем в 30 минутах пути туда и обратно",,,,,92.6
2023,"Процентная доля членов домохозяйств, которые пользуются улучшенными источниками питьевой воды, находящимися либо в их собственном жилище/дворе/на их собственном участке, либо не более чем в 30 минутах пути туда и обратно",,,,,95.8
2018,"Процентная доля членов домохозяйств, которые пользуются улучшенными источниками питьевой воды, находящимися либо в их собственном жилище/дворе/на их собственном участке, либо не более чем в 30 минутах пути туда и обратно",Баткенская область,,,,72.2
2023,"Процентная доля членов домохозяйств, которые пользуются улучшенными источниками питьевой воды, находящимися либо в их собственном жилище/дворе/на их собственном участке, либо не более чем в 30 минутах пути туда и обратно",Баткенская область,,,,82.0
2018,"Процентная доля членов домохозяйств, которые пользуются улучшенными источниками питьевой воды, находящимися либо в их собственном жилище/дворе/на их собственном участке, либо не более чем в 30 минутах пути туда и обратно",Джалал-Абадская область,,,,86.0
2023,"Процентная доля членов домохозяйств, которые пользуются улучшенными источниками питьевой воды, находящимися либо в их собственном жилище/дворе/на их собственном участке, либо не более чем в 30 минутах пути туда и обратно",Джалал-Абадская область,,,,92.3
2018,"Процентная доля членов домохозяйств, которые пользуются улучшенными источниками питьевой воды, находящимися либо в их собственном жилище/дворе/на их собственном участке, либо не более чем в 30 минутах пути туда и обратно",Иссык-Кульская область,,,,98.3
2023,"Процентная доля членов домохозяйств, которые пользуются улучшенными источниками питьевой воды, находящимися либо в их собственном жилище/дворе/на их собственном участке, либо не более чем в 30 минутах пути туда и обратно",Иссык-Кульская область,,,,97.1
2018,"Процентная доля членов домохозяйств, которые пользуются улучшенными источниками питьевой воды, находящимися либо в их собственном жилище/дворе/на их собственном участке, либо не более чем в 30 минутах пути туда и обратно",Нарынская область,,,,97.1
2023,"Процентная доля членов домохозяйств, которые пользуются улучшенными источниками питьевой воды, находящимися либо в их собственном жилище/дворе/на их собственном участке, либо не более чем в 30 минутах пути туда и обратно",Нарынская область,,,,98.1
2018,"Процентная доля членов домохозяйств, которые пользуются улучшенными источниками питьевой воды, находящимися либо в их собственном жилище/дворе/на их собственном участке, либо не более чем в 30 минутах пути туда и обратно",Ошская область,,,,88.1
2023,"Процентная доля членов домохозяйств, которые пользуются улучшенными источниками питьевой воды, находящимися либо в их собственном жилище/дворе/на их собственном участке, либо не более чем в 30 минутах пути туда и обратно",Ошская область,,,,97.7
2018,"Процентная доля членов домохозяйств, которые пользуются улучшенными источниками питьевой воды, находящимися либо в их собственном жилище/дворе/на их собственном участке, либо не более чем в 30 минутах пути туда и обратно",Таласская область,,,,98.4
2023,"Процентная доля членов домохозяйств, которые пользуются улучшенными источниками питьевой воды, находящимися либо в их собственном жилище/дворе/на их собственном участке, либо не более чем в 30 минутах пути туда и обратно",Таласская область,,,,99.6
2018,"Процентная доля членов домохозяйств, которые пользуются улучшенными источниками питьевой воды, находящимися либо в их собственном жилище/дворе/на их собственном участке, либо не более чем в 30 минутах пути туда и обратно",Чуйская область,,,,98.9
2023,"Процентная доля членов домохозяйств, которые пользуются улучшенными источниками питьевой воды, находящимися либо в их собственном жилище/дворе/на их собственном участке, либо не более чем в 30 минутах пути туда и обратно",Чуйская область,,,,99.3
2018,"Процентная доля членов домохозяйств, которые пользуются улучшенными источниками питьевой воды, находящимися либо в их собственном жилище/дворе/на их собственном участке, либо не более чем в 30 минутах пути туда и обратно",г. Бишкек,,,,100.0
2023,"Процентная доля членов домохозяйств, которые пользуются улучшенными источниками питьевой воды, находящимися либо в их собственном жилище/дворе/на их собственном участке, либо не более чем в 30 минутах пути туда и обратно",г. Бишкек,,,,100.0
2018,"Процентная доля членов домохозяйств, которые пользуются улучшенными источниками питьевой воды, находящимися либо в их собственном жилище/дворе/на их собственном участке, либо не более чем в 30 минутах пути туда и обратно",г. Ош,,,,98.8
2023,"Процентная доля членов домохозяйств, которые пользуются улучшенными источниками питьевой воды, находящимися либо в их собственном жилище/дворе/на их собственном участке, либо не более чем в 30 минутах пути туда и обратно",г. Ош,,,,98.4
2018,"Процентная доля членов домохозяйств, которые пользуются улучшенными источниками питьевой воды, находящимися либо в их собственном жилище/дворе/на их собственном участке, либо не более чем в 30 минутах пути туда и обратно",,Городская,,,99.6
2023,"Процентная доля членов домохозяйств, которые пользуются улучшенными источниками питьевой воды, находящимися либо в их собственном жилище/дворе/на их собственном участке, либо не более чем в 30 минутах пути туда и обратно",,Городская,,,99.6
2018,"Процентная доля членов домохозяйств, которые пользуются улучшенными источниками питьевой воды, находящимися либо в их собственном жилище/дворе/на их собственном участке, либо не более чем в 30 минутах пути туда и обратно",,Сельская,,,88.7
2023,"Процентная доля членов домохозяйств, которые пользуются улучшенными источниками питьевой воды, находящимися либо в их собственном жилище/дворе/на их собственном участке, либо не более чем в 30 минутах пути туда и обратно",,Сельская,,,94.1
2018,"Процентная доля членов домохозяйств, которые пользуются улучшенными источниками питьевой воды, находящимися либо в их собственном жилище/дворе/на их собственном участке, либо не более чем в 30 минутах пути туда и обратно",,,Дошкольное или нет/Начальное,,83.0
2023,"Процентная доля членов домохозяйств, которые пользуются улучшенными источниками питьевой воды, находящимися либо в их собственном жилище/дворе/на их собственном участке, либо не более чем в 30 минутах пути туда и обратно",,,Дошкольное или нет/Начальное,,94.5
2018,"Процентная доля членов домохозяйств, которые пользуются улучшенными источниками питьевой воды, находящимися либо в их собственном жилище/дворе/на их собственном участке, либо не более чем в 30 минутах пути туда и обратно",,,Основное общее,,93.2
2023,"Процентная доля членов домохозяйств, которые пользуются улучшенными источниками питьевой воды, находящимися либо в их собственном жилище/дворе/на их собственном участке, либо не более чем в 30 минутах пути туда и обратно",,,Основное общее,,95.1
2018,"Процентная доля членов домохозяйств, которые пользуются улучшенными источниками питьевой воды, находящимися либо в их собственном жилище/дворе/на их собственном участке, либо не более чем в 30 минутах пути туда и обратно",,,Среднее общее,,89.7
2023,"Процентная доля членов домохозяйств, которые пользуются улучшенными источниками питьевой воды, находящимися либо в их собственном жилище/дворе/на их собственном участке, либо не более чем в 30 минутах пути туда и обратно",,,Среднее общее,,94.8
2018,"Процентная доля членов домохозяйств, которые пользуются улучшенными источниками питьевой воды, находящимися либо в их собственном жилище/дворе/на их собственном участке, либо не более чем в 30 минутах пути туда и обратно",,,Профессиональное начальное/среднее,,94.4
2023,"Процентная доля членов домохозяйств, которые пользуются улучшенными источниками питьевой воды, находящимися либо в их собственном жилище/дворе/на их собственном участке, либо не более чем в 30 минутах пути туда и обратно",,,Профессиональное начальное/среднее,,96.2
2018,"Процентная доля членов домохозяйств, которые пользуются улучшенными источниками питьевой воды, находящимися либо в их собственном жилище/дворе/на их собственном участке, либо не более чем в 30 минутах пути туда и обратно",,,Высшее,,97.2
2023,"Процентная доля членов домохозяйств, которые пользуются улучшенными источниками питьевой воды, находящимися либо в их собственном жилище/дворе/на их собственном участке, либо не более чем в 30 минутах пути туда и обратно",,,Высшее,,98.1
2018,"Процентная доля членов домохозяйств, которые пользуются улучшенными источниками питьевой воды, находящимися либо в их собственном жилище/дворе/на их собственном участке, либо не более чем в 30 минутах пути туда и обратно",,,,Беднейший,76.9
2023,"Процентная доля членов домохозяйств, которые пользуются улучшенными источниками питьевой воды, находящимися либо в их собственном жилище/дворе/на их собственном участке, либо не более чем в 30 минутах пути туда и обратно",,,,Беднейший,87.2
2018,"Процентная доля членов домохозяйств, которые пользуются улучшенными источниками питьевой воды, находящимися либо в их собственном жилище/дворе/на их собственном участке, либо не более чем в 30 минутах пути туда и обратно",,,,Второй,92.7
2023,"Процентная доля членов домохозяйств, которые пользуются улучшенными источниками питьевой воды, находящимися либо в их собственном жилище/дворе/на их собственном участке, либо не более чем в 30 минутах пути туда и обратно",,,,Второй,93.6
2018,"Процентная доля членов домохозяйств, которые пользуются улучшенными источниками питьевой воды, находящимися либо в их собственном жилище/дворе/на их собственном участке, либо не более чем в 30 минутах пути туда и обратно",,,,Средний,94.8
2023,"Процентная доля членов домохозяйств, которые пользуются улучшенными источниками питьевой воды, находящимися либо в их собственном жилище/дворе/на их собственном участке, либо не более чем в 30 минутах пути туда и обратно",,,,Средний,98.3
2018,"Процентная доля членов домохозяйств, которые пользуются улучшенными источниками питьевой воды, находящимися либо в их собственном жилище/дворе/на их собственном участке, либо не более чем в 30 минутах пути туда и обратно",,,,Четвертый,98.7
2023,"Процентная доля членов домохозяйств, которые пользуются улучшенными источниками питьевой воды, находящимися либо в их собственном жилище/дворе/на их собственном участке, либо не более чем в 30 минутах пути туда и обратно",,,,Четвертый,99.8
2018,"Процентная доля членов домохозяйств, которые пользуются улучшенными источниками питьевой воды, находящимися либо в их собственном жилище/дворе/на их собственном участке, либо не более чем в 30 минутах пути туда и обратно",,,,Богатейший,100.0
2023,"Процентная доля членов домохозяйств, которые пользуются улучшенными источниками питьевой воды, находящимися либо в их собственном жилище/дворе/на их собственном участке, либо не более чем в 30 минутах пути туда и обратно",,,,Богатейший,100.0
2018,"Процентная доля домохозяйств, в которых есть приспособление для мытья рук, где имеются вода и мыло или другое моющее средство",,,,,96.3
2023,"Процентная доля домохозяйств, в которых есть приспособление для мытья рук, где имеются вода и мыло или другое моющее средство",,,,,97.6
2018,"Процентная доля домохозяйств, в которых есть приспособление для мытья рук, где имеются вода и мыло или другое моющее средство",Баткенская область,,,,99.6
2023,"Процентная доля домохозяйств, в которых есть приспособление для мытья рук, где имеются вода и мыло или другое моющее средство",Баткенская область,,,,97.0
2018,"Процентная доля домохозяйств, в которых есть приспособление для мытья рук, где имеются вода и мыло или другое моющее средство",Джалал-Абадская область,,,,93.4
2023,"Процентная доля домохозяйств, в которых есть приспособление для мытья рук, где имеются вода и мыло или другое моющее средство",Джалал-Абадская область,,,,98.1
2018,"Процентная доля домохозяйств, в которых есть приспособление для мытья рук, где имеются вода и мыло или другое моющее средство",Иссык-Кульская область,,,,99.1
2023,"Процентная доля домохозяйств, в которых есть приспособление для мытья рук, где имеются вода и мыло или другое моющее средство",Иссык-Кульская область,,,,987.0
2018,"Процентная доля домохозяйств, в которых есть приспособление для мытья рук, где имеются вода и мыло или другое моющее средство",Нарынская область,,,,99.4
2023,"Процентная доля домохозяйств, в которых есть приспособление для мытья рук, где имеются вода и мыло или другое моющее средство",Нарынская область,,,,99.5
2018,"Процентная доля домохозяйств, в которых есть приспособление для мытья рук, где имеются вода и мыло или другое моющее средство",Ошская область,,,,99.1
2023,"Процентная доля домохозяйств, в которых есть приспособление для мытья рук, где имеются вода и мыло или другое моющее средство",Ошская область,,,,97.3
2018,"Процентная доля домохозяйств, в которых есть приспособление для мытья рук, где имеются вода и мыло или другое моющее средство",Таласская область,,,,99.8
2023,"Процентная доля домохозяйств, в которых есть приспособление для мытья рук, где имеются вода и мыло или другое моющее средство",Таласская область,,,,97.1
2018,"Процентная доля домохозяйств, в которых есть приспособление для мытья рук, где имеются вода и мыло или другое моющее средство",Чуйская область,,,,91.6
2023,"Процентная доля домохозяйств, в которых есть приспособление для мытья рук, где имеются вода и мыло или другое моющее средство",Чуйская область,,,,99.1
2018,"Процентная доля домохозяйств, в которых есть приспособление для мытья рук, где имеются вода и мыло или другое моющее средство",г. Бишкек,,,,95.7
2023,"Процентная доля домохозяйств, в которых есть приспособление для мытья рук, где имеются вода и мыло или другое моющее средство",г. Бишкек,,,,97.8
2018,"Процентная доля домохозяйств, в которых есть приспособление для мытья рук, где имеются вода и мыло или другое моющее средство",г. Ош,,,,96.8
2023,"Процентная доля домохозяйств, в которых есть приспособление для мытья рук, где имеются вода и мыло или другое моющее средство",г. Ош,,,,90.4
2018,"Процентная доля домохозяйств, в которых есть приспособление для мытья рук, где имеются вода и мыло или другое моющее средство",,Городская,,,96.1
2023,"Процентная доля домохозяйств, в которых есть приспособление для мытья рук, где имеются вода и мыло или другое моющее средство",,Городская,,,96.7
2018,"Процентная доля домохозяйств, в которых есть приспособление для мытья рук, где имеются вода и мыло или другое моющее средство",,Сельская,,,96.5
2023,"Процентная доля домохозяйств, в которых есть приспособление для мытья рук, где имеются вода и мыло или другое моющее средство",,Сельская,,,98.0
2018,"Процентная доля домохозяйств, в которых есть приспособление для мытья рук, где имеются вода и мыло или другое моющее средство",,,Дошкольное или нет/Начальное,,92.1
2023,"Процентная доля домохозяйств, в которых есть приспособление для мытья рук, где имеются вода и мыло или другое моющее средство",,,Дошкольное или нет/Начальное,,91.1
2018,"Процентная доля домохозяйств, в которых есть приспособление для мытья рук, где имеются вода и мыло или другое моющее средство",,,Основное общее,,94.7
2023,"Процентная доля домохозяйств, в которых есть приспособление для мытья рук, где имеются вода и мыло или другое моющее средство",,,Основное общее,,97.5
2018,"Процентная доля домохозяйств, в которых есть приспособление для мытья рук, где имеются вода и мыло или другое моющее средство",,,Среднее общее,,97.4
2023,"Процентная доля домохозяйств, в которых есть приспособление для мытья рук, где имеются вода и мыло или другое моющее средство",,,Среднее общее,,97.6
2018,"Процентная доля домохозяйств, в которых есть приспособление для мытья рук, где имеются вода и мыло или другое моющее средство",,,Профессиональное начальное/среднее,,96.6
2023,"Процентная доля домохозяйств, в которых есть приспособление для мытья рук, где имеются вода и мыло или другое моющее средство",,,Профессиональное начальное/среднее,,97.9
2018,"Процентная доля домохозяйств, в которых есть приспособление для мытья рук, где имеются вода и мыло или другое моющее средство",,,Высшее,,95.1
2023,"Процентная доля домохозяйств, в которых есть приспособление для мытья рук, где имеются вода и мыло или другое моющее средство",,,Высшее,,98.0
2018,"Процентная доля домохозяйств, в которых есть приспособление для мытья рук, где имеются вода и мыло или другое моющее средство",,,,Беднейший,97.2
2023,"Процентная доля домохозяйств, в которых есть приспособление для мытья рук, где имеются вода и мыло или другое моющее средство",,,,Беднейший,95.1
2018,"Процентная доля домохозяйств, в которых есть приспособление для мытья рук, где имеются вода и мыло или другое моющее средство",,,,Второй,95.9
2023,"Процентная доля домохозяйств, в которых есть приспособление для мытья рук, где имеются вода и мыло или другое моющее средство",,,,Второй,97.7
2018,"Процентная доля домохозяйств, в которых есть приспособление для мытья рук, где имеются вода и мыло или другое моющее средство",,,,Средний,96.5
2023,"Процентная доля домохозяйств, в которых есть приспособление для мытья рук, где имеются вода и мыло или другое моющее средство",,,,Средний,98.8
2018,"Процентная доля домохозяйств, в которых есть приспособление для мытья рук, где имеются вода и мыло или другое моющее средство",,,,Четвертый,96.4
2023,"Процентная доля домохозяйств, в которых есть приспособление для мытья рук, где имеются вода и мыло или другое моющее средство",,,,Четвертый,99.0
2018,"Процентная доля домохозяйств, в которых есть приспособление для мытья рук, где имеются вода и мыло или другое моющее средство",,,,Богатейший,95.7
2023,"Процентная доля домохозяйств, в которых есть приспособление для мытья рук, где имеются вода и мыло или другое моющее средство",,,,Богатейший,97.6
2018,"Процентная доля членов домохозяйств, которые пользуются улучшенными санитарно-гигиеническими устройствами не совместно с другими лицами",,,,,98.2
2023,"Процентная доля членов домохозяйств, которые пользуются улучшенными санитарно-гигиеническими устройствами не совместно с другими лицами",,,,,98.2
2018,"Процентная доля членов домохозяйств, которые пользуются улучшенными санитарно-гигиеническими устройствами не совместно с другими лицами",Баткенская область,,,,99.4
2023,"Процентная доля членов домохозяйств, которые пользуются улучшенными санитарно-гигиеническими устройствами не совместно с другими лицами",Баткенская область,,,,94.8
2018,"Процентная доля членов домохозяйств, которые пользуются улучшенными санитарно-гигиеническими устройствами не совместно с другими лицами",Джалал-Абадская область,,,,99.1
2023,"Процентная доля членов домохозяйств, которые пользуются улучшенными санитарно-гигиеническими устройствами не совместно с другими лицами",Джалал-Абадская область,,,,98.6
2018,"Процентная доля членов домохозяйств, которые пользуются улучшенными санитарно-гигиеническими устройствами не совместно с другими лицами",Иссык-Кульская область,,,,99.0
2023,"Процентная доля членов домохозяйств, которые пользуются улучшенными санитарно-гигиеническими устройствами не совместно с другими лицами",Иссык-Кульская область,,,,99.5
2018,"Процентная доля членов домохозяйств, которые пользуются улучшенными санитарно-гигиеническими устройствами не совместно с другими лицами",Нарынская область,,,,97.6
2023,"Процентная доля членов домохозяйств, которые пользуются улучшенными санитарно-гигиеническими устройствами не совместно с другими лицами",Нарынская область,,,,98.6
2018,"Процентная доля членов домохозяйств, которые пользуются улучшенными санитарно-гигиеническими устройствами не совместно с другими лицами",Ошская область,,,,98.4
2023,"Процентная доля членов домохозяйств, которые пользуются улучшенными санитарно-гигиеническими устройствами не совместно с другими лицами",Ошская область,,,,98.9
2018,"Процентная доля членов домохозяйств, которые пользуются улучшенными санитарно-гигиеническими устройствами не совместно с другими лицами",Таласская область,,,,99.3
2023,"Процентная доля членов домохозяйств, которые пользуются улучшенными санитарно-гигиеническими устройствами не совместно с другими лицами",Таласская область,,,,99.8
2018,"Процентная доля членов домохозяйств, которые пользуются улучшенными санитарно-гигиеническими устройствами не совместно с другими лицами",Чуйская область,,,,99.3
2023,"Процентная доля членов домохозяйств, которые пользуются улучшенными санитарно-гигиеническими устройствами не совместно с другими лицами",Чуйская область,,,,98.7
2018,"Процентная доля членов домохозяйств, которые пользуются улучшенными санитарно-гигиеническими устройствами не совместно с другими лицами",г. Бишкек,,,,95.3
2023,"Процентная доля членов домохозяйств, которые пользуются улучшенными санитарно-гигиеническими устройствами не совместно с другими лицами",г. Бишкек,,,,96.3
2018,"Процентная доля членов домохозяйств, которые пользуются улучшенными санитарно-гигиеническими устройствами не совместно с другими лицами",г. Ош,,,,98.3
2023,"Процентная доля членов домохозяйств, которые пользуются улучшенными санитарно-гигиеническими устройствами не совместно с другими лицами",г. Ош,,,,99.5
2018,"Процентная доля членов домохозяйств, которые пользуются улучшенными санитарно-гигиеническими устройствами не совместно с другими лицами",,Городская,,,96.6
2023,"Процентная доля членов домохозяйств, которые пользуются улучшенными санитарно-гигиеническими устройствами не совместно с другими лицами",,Городская,,,96.8
2018,"Процентная доля членов домохозяйств, которые пользуются улучшенными санитарно-гигиеническими устройствами не совместно с другими лицами",,Сельская,,,99.1
2023,"Процентная доля членов домохозяйств, которые пользуются улучшенными санитарно-гигиеническими устройствами не совместно с другими лицами",,Сельская,,,98.9
2018,"Процентная доля членов домохозяйств, которые пользуются улучшенными санитарно-гигиеническими устройствами не совместно с другими лицами",,,Дошкольное или нет/Начальное,,99.7
2023,"Процентная доля членов домохозяйств, которые пользуются улучшенными санитарно-гигиеническими устройствами не совместно с другими лицами",,,Дошкольное или нет/Начальное,,99.5
2018,"Процентная доля членов домохозяйств, которые пользуются улучшенными санитарно-гигиеническими устройствами не совместно с другими лицами",,,Основное общее,,98.6
2023,"Процентная доля членов домохозяйств, которые пользуются улучшенными санитарно-гигиеническими устройствами не совместно с другими лицами",,,Основное общее,,99.1
2018,"Процентная доля членов домохозяйств, которые пользуются улучшенными санитарно-гигиеническими устройствами не совместно с другими лицами",,,Среднее общее,,97.8
2023,"Процентная доля членов домохозяйств, которые пользуются улучшенными санитарно-гигиеническими устройствами не совместно с другими лицами",,,Среднее общее,,98.1
2018,"Процентная доля членов домохозяйств, которые пользуются улучшенными санитарно-гигиеническими устройствами не совместно с другими лицами",,,Профессиональное начальное/среднее,,98.3
2023,"Процентная доля членов домохозяйств, которые пользуются улучшенными санитарно-гигиеническими устройствами не совместно с другими лицами",,,Профессиональное начальное/среднее,,98.6
2018,"Процентная доля членов домохозяйств, которые пользуются улучшенными санитарно-гигиеническими устройствами не совместно с другими лицами",,,Высшее,,98.6
2023,"Процентная доля членов домохозяйств, которые пользуются улучшенными санитарно-гигиеническими устройствами не совместно с другими лицами",,,Высшее,,97.9
2018,"Процентная доля членов домохозяйств, которые пользуются улучшенными санитарно-гигиеническими устройствами не совместно с другими лицами",,,,Беднейший,97.9
2023,"Процентная доля членов домохозяйств, которые пользуются улучшенными санитарно-гигиеническими устройствами не совместно с другими лицами",,,,Беднейший,96.7
2018,"Процентная доля членов домохозяйств, которые пользуются улучшенными санитарно-гигиеническими устройствами не совместно с другими лицами",,,,Второй,99.2
2023,"Процентная доля членов домохозяйств, которые пользуются улучшенными санитарно-гигиеническими устройствами не совместно с другими лицами",,,,Второй,98.6
2018,"Процентная доля членов домохозяйств, которые пользуются улучшенными санитарно-гигиеническими устройствами не совместно с другими лицами",,,,Средний,98.6
2023,"Процентная доля членов домохозяйств, которые пользуются улучшенными санитарно-гигиеническими устройствами не совместно с другими лицами",,,,Средний,97.8
2018,"Процентная доля членов домохозяйств, которые пользуются улучшенными санитарно-гигиеническими устройствами не совместно с другими лицами",,,,Четвертый,97.0
2023,"Процентная доля членов домохозяйств, которые пользуются улучшенными санитарно-гигиеническими устройствами не совместно с другими лицами",,,,Четвертый,98.9
2018,"Процентная доля членов домохозяйств, которые пользуются улучшенными санитарно-гигиеническими устройствами не совместно с другими лицами",,,,Богатейший,98.4
2023,"Процентная доля членов домохозяйств, которые пользуются улучшенными санитарно-гигиеническими устройствами не совместно с другими лицами",,,,Богатейший,99.3
