Year,COMPOSITE_BREAKDOWN,Value
2013,_L_SPC_MAMM,14.3
2014,_L_SPC_MAMM,15.4
2015,_L_SPC_MAMM,12.1
2016,_L_SPC_MAMM,14.3
2017,_L_SPC_MAMM,9.9
2018,_L_SPC_MAMM,9.9
2019,_L_SPC_MAMM,4.4
2020,_L_SPC_MAMM,5.9
2021,_L_SPC_MAMM,7.1
2022,_L_SPC_MAMM,18.0
2023,_L_SPC_MAMM,4.35
2013,_L_SPC_BIRD,2.0
2014,_L_SPC_BIRD,3.7
2015,_L_SPC_BIRD,3.7
2016,_L_SPC_BIRD,2.2
2017,_L_SPC_BIRD,2.7
2018,_L_SPC_BIRD,2.5
2019,_L_SPC_BIRD,1.72
2020,_L_SPC_BIRD,1.5
2021,_L_SPC_BIRD,0.5
2022,_L_SPC_BIRD,6.2
2013,_L_SPC_AMPH_REP,8.7
2015,_L_SPC_AMPH_REP,2.2
2016,_L_SPC_AMPH_REP,2.2
2018,_L_SPC_AMPH_REP,2.2
