Year,SERIES,COMPOSITE_BREAKDOWN,Value
2000,SG_INT_MBRDEV,IO_ADB,1.6949
2005,SG_INT_MBRDEV,IO_ADB,1.5625
2010,SG_INT_MBRDEV,IO_ADB,1.4925
2015,SG_INT_MBRDEV,IO_ADB,1.4925
2016,SG_INT_MBRDEV,IO_ADB,1.4925
2017,SG_INT_MBRDEV,IO_ADB,1.4925
2018,SG_INT_MBRDEV,IO_ADB,1.4925
2019,SG_INT_MBRDEV,IO_ADB,1.47059
2020,SG_INT_MBRDEV,IO_ADB,1.47059
2021,SG_INT_MBRDEV,IO_ADB,1.47059
2022,SG_INT_MBRDEV,IO_ADB,1.47059
2015,SG_INT_MBRDEV,IO_ECOSOC,1.85185
2000,SG_INT_MBRDEV,IO_IBRD,0.54945
2005,SG_INT_MBRDEV,IO_IBRD,0.54348
2010,SG_INT_MBRDEV,IO_IBRD,0.53476
2015,SG_INT_MBRDEV,IO_IBRD,0.53191
2016,SG_INT_MBRDEV,IO_IBRD,0.53191
2017,SG_INT_MBRDEV,IO_IBRD,0.5291
2018,SG_INT_MBRDEV,IO_IBRD,0.5291
2019,SG_INT_MBRDEV,IO_IBRD,0.5291
2020,SG_INT_MBRDEV,IO_IBRD,0.5291
2021,SG_INT_MBRDEV,IO_IBRD,0.5291
2022,SG_INT_MBRDEV,IO_IBRD,0.5291
2023,SG_INT_MBRDEV,IO_IBRD,0.5291
2000,SG_INT_MBRDEV,IO_IFC,0.57471
2005,SG_INT_MBRDEV,IO_IFC,0.5618
2010,SG_INT_MBRDEV,IO_IFC,0.54945
2015,SG_INT_MBRDEV,IO_IFC,0.54348
2016,SG_INT_MBRDEV,IO_IFC,0.54348
2017,SG_INT_MBRDEV,IO_IFC,0.54348
2018,SG_INT_MBRDEV,IO_IFC,0.54348
2019,SG_INT_MBRDEV,IO_IFC,0.5435
2020,SG_INT_MBRDEV,IO_IFC,0.54054
2021,SG_INT_MBRDEV,IO_IFC,0.54054
2022,SG_INT_MBRDEV,IO_IFC,0.53763
2023,SG_INT_MBRDEV,IO_IFC,0.53763
2000,SG_INT_MBRDEV,IO_IMF,0.5618
2005,SG_INT_MBRDEV,IO_IMF,0.55249
2010,SG_INT_MBRDEV,IO_IMF,0.54945
2015,SG_INT_MBRDEV,IO_IMF,0.53191
2016,SG_INT_MBRDEV,IO_IMF,0.53191
2017,SG_INT_MBRDEV,IO_IMF,0.5291
2018,SG_INT_MBRDEV,IO_IMF,0.5291
2019,SG_INT_MBRDEV,IO_IMF,0.5291
2020,SG_INT_MBRDEV,IO_IMF,0.5291
2021,SG_INT_MBRDEV,IO_IMF,0.52632
2022,SG_INT_MBRDEV,IO_IMF,0.52632
2023,SG_INT_MBRDEV,IO_IMF,0.52632
2000,SG_INT_MBRDEV,IO_UNGA,0.5291
2005,SG_INT_MBRDEV,IO_UNGA,0.52356
2010,SG_INT_MBRDEV,IO_UNGA,0.52083
2015,SG_INT_MBRDEV,IO_UNGA,0.51813
2016,SG_INT_MBRDEV,IO_UNGA,0.51813
2017,SG_INT_MBRDEV,IO_UNGA,0.51813
2018,SG_INT_MBRDEV,IO_UNGA,0.51813
2019,SG_INT_MBRDEV,IO_UNGA,0.51813
2020,SG_INT_MBRDEV,IO_UNGA,0.51813
2021,SG_INT_MBRDEV,IO_UNGA,0.51813
2022,SG_INT_MBRDEV,IO_UNGA,0.51813
2023,SG_INT_MBRDEV,IO_UNGA,0.51813
2000,SG_INT_MBRDEV,IO_WTO,0.71429
2005,SG_INT_MBRDEV,IO_WTO,0.67114
2010,SG_INT_MBRDEV,IO_WTO,0.65359
2015,SG_INT_MBRDEV,IO_WTO,0.625
2016,SG_INT_MBRDEV,IO_WTO,0.61728
2017,SG_INT_MBRDEV,IO_WTO,0.60976
2018,SG_INT_MBRDEV,IO_WTO,0.60976
2019,SG_INT_MBRDEV,IO_WTO,0.60976
2020,SG_INT_MBRDEV,IO_WTO,0.60976
2021,SG_INT_MBRDEV,IO_WTO,0.60976
2022,SG_INT_MBRDEV,IO_WTO,0.60976
2023,SG_INT_MBRDEV,IO_WTO,0.60976
2000,SG_INT_VRTDEV,IO_ADB,0.583
2005,SG_INT_VRTDEV,IO_ADB,0.554
2010,SG_INT_VRTDEV,IO_ADB,0.57
2015,SG_INT_VRTDEV,IO_ADB,0.538
2016,SG_INT_VRTDEV,IO_ADB,0.538
2017,SG_INT_VRTDEV,IO_ADB,0.538
2018,SG_INT_VRTDEV,IO_ADB,0.5372
2019,SG_INT_VRTDEV,IO_ADB,0.53283
2020,SG_INT_VRTDEV,IO_ADB,0.533
2021,SG_INT_VRTDEV,IO_ADB,0.533
2022,SG_INT_VRTDEV,IO_ADB,0.5328
2015,SG_INT_VRTDEV,IO_ECOSOC,1.85185
2000,SG_INT_VRTDEV,IO_IBRD,0.0843
2005,SG_INT_VRTDEV,IO_IBRD,0.0838
2010,SG_INT_VRTDEV,IO_IBRD,0.0837
2015,SG_INT_VRTDEV,IO_IBRD,0.0794
2016,SG_INT_VRTDEV,IO_IBRD,0.08
2017,SG_INT_VRTDEV,IO_IBRD,0.0763
2018,SG_INT_VRTDEV,IO_IBRD,0.0753
2019,SG_INT_VRTDEV,IO_IBRD,0.0744
2020,SG_INT_VRTDEV,IO_IBRD,0.07315
2021,SG_INT_VRTDEV,IO_IBRD,0.07156
2022,SG_INT_VRTDEV,IO_IBRD,0.07045
2023,SG_INT_VRTDEV,IO_IBRD,0.06904
2000,SG_INT_VRTDEV,IO_IFC,0.0821
2005,SG_INT_VRTDEV,IO_IFC,0.0818
2010,SG_INT_VRTDEV,IO_IFC,0.0816
2015,SG_INT_VRTDEV,IO_IFC,0.09348
2016,SG_INT_VRTDEV,IO_IFC,0.09348
2017,SG_INT_VRTDEV,IO_IFC,0.09348
2018,SG_INT_VRTDEV,IO_IFC,0.0935
2019,SG_INT_VRTDEV,IO_IFC,0.0927
2020,SG_INT_VRTDEV,IO_IFC,0.09329
2021,SG_INT_VRTDEV,IO_IFC,0.08925
2022,SG_INT_VRTDEV,IO_IFC,0.08679
2023,SG_INT_VRTDEV,IO_IFC,0.08465
2000,SG_INT_VRTDEV,IO_IMF,0.0532
2005,SG_INT_VRTDEV,IO_IMF,0.0523
2010,SG_INT_VRTDEV,IO_IMF,0.0514
2015,SG_INT_VRTDEV,IO_IMF,0.0645
2016,SG_INT_VRTDEV,IO_IMF,0.047
2017,SG_INT_VRTDEV,IO_IMF,0.0644
2018,SG_INT_VRTDEV,IO_IMF,0.0644
2019,SG_INT_VRTDEV,IO_IMF,0.06441
2020,SG_INT_VRTDEV,IO_IMF,0.0644
2021,SG_INT_VRTDEV,IO_IMF,0.06419
2022,SG_INT_VRTDEV,IO_IMF,0.06468
2023,SG_INT_VRTDEV,IO_IMF,0.06483
2000,SG_INT_VRTDEV,IO_UNGA,0.5291
2005,SG_INT_VRTDEV,IO_UNGA,0.5236
2010,SG_INT_VRTDEV,IO_UNGA,0.5208
2015,SG_INT_VRTDEV,IO_UNGA,0.5181
2016,SG_INT_VRTDEV,IO_UNGA,0.5181
2017,SG_INT_VRTDEV,IO_UNGA,0.5181
2018,SG_INT_VRTDEV,IO_UNGA,0.5181
2019,SG_INT_VRTDEV,IO_UNGA,0.5181
2020,SG_INT_VRTDEV,IO_UNGA,0.5181
2021,SG_INT_VRTDEV,IO_UNGA,0.51813
2022,SG_INT_VRTDEV,IO_UNGA,0.51813
2023,SG_INT_VRTDEV,IO_UNGA,0.51813
2000,SG_INT_VRTDEV,IO_WTO,0.7143
2005,SG_INT_VRTDEV,IO_WTO,0.6711
2010,SG_INT_VRTDEV,IO_WTO,0.6536
2015,SG_INT_VRTDEV,IO_WTO,0.625
2016,SG_INT_VRTDEV,IO_WTO,0.6173
2017,SG_INT_VRTDEV,IO_WTO,0.6098
2018,SG_INT_VRTDEV,IO_WTO,0.6098
2019,SG_INT_VRTDEV,IO_WTO,0.6098
2020,SG_INT_VRTDEV,IO_WTO,0.60976
2021,SG_INT_VRTDEV,IO_WTO,0.60976
2022,SG_INT_VRTDEV,IO_WTO,0.60976
2023,SG_INT_VRTDEV,IO_WTO,0.60976
