Year,Series,Units,Value
2010,CL_SERIES._L_KG_171301_1A,CL_UNIT_MEASURE.PT,99.5
2011,CL_SERIES._L_KG_171301_1A,CL_UNIT_MEASURE.PT,106.0
2012,CL_SERIES._L_KG_171301_1A,CL_UNIT_MEASURE.PT,99.9
2013,CL_SERIES._L_KG_171301_1A,CL_UNIT_MEASURE.PT,110.9
2014,CL_SERIES._L_KG_171301_1A,CL_UNIT_MEASURE.PT,104.0
2015,CL_SERIES._L_KG_171301_1A,CL_UNIT_MEASURE.PT,103.9
2016,CL_SERIES._L_KG_171301_1A,CL_UNIT_MEASURE.PT,104.3
2017,CL_SERIES._L_KG_171301_1A,CL_UNIT_MEASURE.PT,104.7
2018,CL_SERIES._L_KG_171301_1A,CL_UNIT_MEASURE.PT,103.8
2010,CL_SERIES._L_KG_171301_1B,CL_UNIT_MEASURE.PT,108.0
2011,CL_SERIES._L_KG_171301_1B,CL_UNIT_MEASURE.PT,116.6
2012,CL_SERIES._L_KG_171301_1B,CL_UNIT_MEASURE.PT,102.8
2013,CL_SERIES._L_KG_171301_1B,CL_UNIT_MEASURE.PT,106.6
2014,CL_SERIES._L_KG_171301_1B,CL_UNIT_MEASURE.PT,107.5
2015,CL_SERIES._L_KG_171301_1B,CL_UNIT_MEASURE.PT,106.5
2016,CL_SERIES._L_KG_171301_1B,CL_UNIT_MEASURE.PT,100.4
2017,CL_SERIES._L_KG_171301_1B,CL_UNIT_MEASURE.PT,103.2
2018,CL_SERIES._L_KG_171301_1B,CL_UNIT_MEASURE.PT,101.5
2019,CL_SERIES._L_KG_171301_1B,CL_UNIT_MEASURE.PT,101.1
2010,CL_SERIES._L_KG_171301_1C,CL_UNIT_MEASURE.PT,122.79
2011,CL_SERIES._L_KG_171301_1C,CL_UNIT_MEASURE.PT,122.02
2012,CL_SERIES._L_KG_171301_1C,CL_UNIT_MEASURE.PT,105.3
2013,CL_SERIES._L_KG_171301_1C,CL_UNIT_MEASURE.PT,97.92
2014,CL_SERIES._L_KG_171301_1C,CL_UNIT_MEASURE.PT,101.45
2015,CL_SERIES._L_KG_171301_1C,CL_UNIT_MEASURE.PT,108.75
2016,CL_SERIES._L_KG_171301_1C,CL_UNIT_MEASURE.PT,106.41
2017,CL_SERIES._L_KG_171301_1C,CL_UNIT_MEASURE.PT,101.66
2018,CL_SERIES._L_KG_171301_1C,CL_UNIT_MEASURE.PT,101.49
2019,CL_SERIES._L_KG_171301_1C,CL_UNIT_MEASURE.PT,104.1
2010,CL_SERIES._L_KG_171301_1D,CL_UNIT_MEASURE.CUR_LCU,-10767.9787
2011,CL_SERIES._L_KG_171301_1D,CL_UNIT_MEASURE.CUR_LCU,-13663.7111
2012,CL_SERIES._L_KG_171301_1D,CL_UNIT_MEASURE.CUR_LCU,-20232.3134
2013,CL_SERIES._L_KG_171301_1D,CL_UNIT_MEASURE.CUR_LCU,-2330.4823
2014,CL_SERIES._L_KG_171301_1D,CL_UNIT_MEASURE.CUR_LCU,-1875.5431
2015,CL_SERIES._L_KG_171301_1D,CL_UNIT_MEASURE.CUR_LCU,-6149.3213
2016,CL_SERIES._L_KG_171301_1D,CL_UNIT_MEASURE.CUR_LCU,-20888.9124
2017,CL_SERIES._L_KG_171301_1D,CL_UNIT_MEASURE.CUR_LCU,-16476.1602
2018,CL_SERIES._L_KG_171301_1D,CL_UNIT_MEASURE.CUR_LCU,-6188.9008
2019,CL_SERIES._L_KG_171301_1D,CL_UNIT_MEASURE.CUR_LCU,-431.7092
2010,CL_SERIES._L_KG_171301_1E,CL_UNIT_MEASURE.CUR_LCU,7667.4055
2011,CL_SERIES._L_KG_171301_1E,CL_UNIT_MEASURE.CUR_LCU,9394.668149
2012,CL_SERIES._L_KG_171301_1E,CL_UNIT_MEASURE.CUR_LCU,11440.61056
2013,CL_SERIES._L_KG_171301_1E,CL_UNIT_MEASURE.CUR_LCU,13939.58569
2014,CL_SERIES._L_KG_171301_1E,CL_UNIT_MEASURE.CUR_LCU,13713.456934
2015,CL_SERIES._L_KG_171301_1E,CL_UNIT_MEASURE.CUR_LCU,14364.3936
2016,CL_SERIES._L_KG_171301_1E,CL_UNIT_MEASURE.CUR_LCU,20698.734025
2017,CL_SERIES._L_KG_171301_1E,CL_UNIT_MEASURE.CUR_LCU,20620.480819999997
2018,CL_SERIES._L_KG_171301_1E,CL_UNIT_MEASURE.CUR_LCU,23747.690011000002
2010,CL_SERIES._L_KG_171301_1F,CL_UNIT_MEASURE.PT,105.6
2011,CL_SERIES._L_KG_171301_1F,CL_UNIT_MEASURE.PT,130.62446
2012,CL_SERIES._L_KG_171301_1F,CL_UNIT_MEASURE.PT,115.38426100000001
2013,CL_SERIES._L_KG_171301_1F,CL_UNIT_MEASURE.PT,106.528605
2014,CL_SERIES._L_KG_171301_1F,CL_UNIT_MEASURE.PT,95.30386
2015,CL_SERIES._L_KG_171301_1F,CL_UNIT_MEASURE.PT,73.989322
2016,CL_SERIES._L_KG_171301_1F,CL_UNIT_MEASURE.PT,98.878752
2017,CL_SERIES._L_KG_171301_1F,CL_UNIT_MEASURE.PT,112.29725900000001
2018,CL_SERIES._L_KG_171301_1F,CL_UNIT_MEASURE.PT,113.89678899999998
2010,CL_SERIES._L_KG_171301_1G,CL_UNIT_MEASURE.USD,1755.9245
2011,CL_SERIES._L_KG_171301_1G,CL_UNIT_MEASURE.USD,2242.1664
2012,CL_SERIES._L_KG_171301_1G,CL_UNIT_MEASURE.USD,1927.6232
2013,CL_SERIES._L_KG_171301_1G,CL_UNIT_MEASURE.USD,2006.8497
2014,CL_SERIES._L_KG_171301_1G,CL_UNIT_MEASURE.USD,1883.733456
2015,CL_SERIES._L_KG_171301_1G,CL_UNIT_MEASURE.USD,1482.942034
2016,CL_SERIES._L_KG_171301_1G,CL_UNIT_MEASURE.USD,1573.21493
2017,CL_SERIES._L_KG_171301_1G,CL_UNIT_MEASURE.USD,1764.254644
2018,CL_SERIES._L_KG_171301_1G,CL_UNIT_MEASURE.USD,1836.838696
2010,CL_SERIES._L_KG_171301_1H,CL_UNIT_MEASURE.USD,3222.772182
2011,CL_SERIES._L_KG_171301_1H,CL_UNIT_MEASURE.USD,4261.226418
2012,CL_SERIES._L_KG_171301_1H,CL_UNIT_MEASURE.USD,5576.264131
2013,CL_SERIES._L_KG_171301_1H,CL_UNIT_MEASURE.USD,5986.983003
2014,CL_SERIES._L_KG_171301_1H,CL_UNIT_MEASURE.USD,5734.703808
2015,CL_SERIES._L_KG_171301_1H,CL_UNIT_MEASURE.USD,4153.86051
2016,CL_SERIES._L_KG_171301_1H,CL_UNIT_MEASURE.USD,4000.442107
2017,CL_SERIES._L_KG_171301_1H,CL_UNIT_MEASURE.USD,4494.728178
2018,CL_SERIES._L_KG_171301_1H,CL_UNIT_MEASURE.USD,5291.945776
