Year,SDG Series,Reference area,Age,Value
2015,Proportion of women aged 15-49 years with anaemia [2.2.3],,,3.4
2016,Proportion of women aged 15-49 years with anaemia [2.2.3],,,2.8
2017,Proportion of women aged 15-49 years with anaemia [2.2.3],,,2.8
2018,Proportion of women aged 15-49 years with anaemia [2.2.3],,,2.5
2019,Proportion of women aged 15-49 years with anaemia [2.2.3],,,2.0
2020,Proportion of women aged 15-49 years with anaemia [2.2.3],,,1.156022
2021,Proportion of women aged 15-49 years with anaemia [2.2.3],,,1.3
2015,Proportion of women aged 15-49 years with anaemia [2.2.3],,under 14 years old,3.9
2016,Proportion of women aged 15-49 years with anaemia [2.2.3],,under 14 years old,3.2
2017,Proportion of women aged 15-49 years with anaemia [2.2.3],,under 14 years old,3.4
2018,Proportion of women aged 15-49 years with anaemia [2.2.3],,under 14 years old,3.0
2019,Proportion of women aged 15-49 years with anaemia [2.2.3],,under 14 years old,2.5
2020,Proportion of women aged 15-49 years with anaemia [2.2.3],,under 14 years old,1.257611
2021,Proportion of women aged 15-49 years with anaemia [2.2.3],,under 14 years old,1.5
2015,Proportion of women aged 15-49 years with anaemia [2.2.3],,15 years old and over,3.2
2016,Proportion of women aged 15-49 years with anaemia [2.2.3],,15 years old and over,2.6
2017,Proportion of women aged 15-49 years with anaemia [2.2.3],,15 years old and over,2.6
2018,Proportion of women aged 15-49 years with anaemia [2.2.3],,15 years old and over,2.3
2019,Proportion of women aged 15-49 years with anaemia [2.2.3],,15 years old and over,1.8
2020,Proportion of women aged 15-49 years with anaemia [2.2.3],,15 years old and over,1.108352
2021,Proportion of women aged 15-49 years with anaemia [2.2.3],,15 years old and over,1.1
2015,"Proportion of women aged 15-49 years with anaemia, pregnant [2.2.3]",,,52.846005
2016,"Proportion of women aged 15-49 years with anaemia, pregnant [2.2.3]",,,47.502069
2017,"Proportion of women aged 15-49 years with anaemia, pregnant [2.2.3]",,,52.792095
2018,"Proportion of women aged 15-49 years with anaemia, pregnant [2.2.3]",,,58.958873
2019,"Proportion of women aged 15-49 years with anaemia, pregnant [2.2.3]",,,55.240237
2020,"Proportion of women aged 15-49 years with anaemia, pregnant [2.2.3]",,,40.422043
2021,"Proportion of women aged 15-49 years with anaemia, pregnant [2.2.3]",,,35.440295
2015,"Proportion of women aged 15-49 years with anaemia, pregnant [2.2.3]",Batken,,93.343001
2016,"Proportion of women aged 15-49 years with anaemia, pregnant [2.2.3]",Batken,,63.421955
2017,"Proportion of women aged 15-49 years with anaemia, pregnant [2.2.3]",Batken,,87.940429
2018,"Proportion of women aged 15-49 years with anaemia, pregnant [2.2.3]",Batken,,86.916427
2019,"Proportion of women aged 15-49 years with anaemia, pregnant [2.2.3]",Batken,,88.203209
2020,"Proportion of women aged 15-49 years with anaemia, pregnant [2.2.3]",Batken,,62.073018
2021,"Proportion of women aged 15-49 years with anaemia, pregnant [2.2.3]",Batken,,59.171813
2015,"Proportion of women aged 15-49 years with anaemia, pregnant [2.2.3]",Jalal-Abad,,69.843445
2016,"Proportion of women aged 15-49 years with anaemia, pregnant [2.2.3]",Jalal-Abad,,56.804052
2017,"Proportion of women aged 15-49 years with anaemia, pregnant [2.2.3]",Jalal-Abad,,70.581429
2018,"Proportion of women aged 15-49 years with anaemia, pregnant [2.2.3]",Jalal-Abad,,75.09768
2019,"Proportion of women aged 15-49 years with anaemia, pregnant [2.2.3]",Jalal-Abad,,80.273802
2020,"Proportion of women aged 15-49 years with anaemia, pregnant [2.2.3]",Jalal-Abad,,59.73299
2021,"Proportion of women aged 15-49 years with anaemia, pregnant [2.2.3]",Jalal-Abad,,44.777331
2015,"Proportion of women aged 15-49 years with anaemia, pregnant [2.2.3]",Issyk-Kul,,33.22151
2016,"Proportion of women aged 15-49 years with anaemia, pregnant [2.2.3]",Issyk-Kul,,35.099338
2017,"Proportion of women aged 15-49 years with anaemia, pregnant [2.2.3]",Issyk-Kul,,39.201903
2018,"Proportion of women aged 15-49 years with anaemia, pregnant [2.2.3]",Issyk-Kul,,31.307684
2019,"Proportion of women aged 15-49 years with anaemia, pregnant [2.2.3]",Issyk-Kul,,26.755677
2020,"Proportion of women aged 15-49 years with anaemia, pregnant [2.2.3]",Issyk-Kul,,29.473684
2021,"Proportion of women aged 15-49 years with anaemia, pregnant [2.2.3]",Issyk-Kul,,23.062382
2015,"Proportion of women aged 15-49 years with anaemia, pregnant [2.2.3]",Naryn,,37.077865
2016,"Proportion of women aged 15-49 years with anaemia, pregnant [2.2.3]",Naryn,,34.445603
2017,"Proportion of women aged 15-49 years with anaemia, pregnant [2.2.3]",Naryn,,32.450331
2018,"Proportion of women aged 15-49 years with anaemia, pregnant [2.2.3]",Naryn,,27.505407
2019,"Proportion of women aged 15-49 years with anaemia, pregnant [2.2.3]",Naryn,,20.346733
2020,"Proportion of women aged 15-49 years with anaemia, pregnant [2.2.3]",Naryn,,18.726592
2021,"Proportion of women aged 15-49 years with anaemia, pregnant [2.2.3]",Naryn,,19.815314
2015,"Proportion of women aged 15-49 years with anaemia, pregnant [2.2.3]",Osh,,40.599511
2016,"Proportion of women aged 15-49 years with anaemia, pregnant [2.2.3]",Osh,,43.986528
2017,"Proportion of women aged 15-49 years with anaemia, pregnant [2.2.3]",Osh,,49.775699
2018,"Proportion of women aged 15-49 years with anaemia, pregnant [2.2.3]",Osh,,49.038739
2019,"Proportion of women aged 15-49 years with anaemia, pregnant [2.2.3]",Osh,,46.766805
2020,"Proportion of women aged 15-49 years with anaemia, pregnant [2.2.3]",Osh,,25.552099
2021,"Proportion of women aged 15-49 years with anaemia, pregnant [2.2.3]",Osh,,23.537218
2015,"Proportion of women aged 15-49 years with anaemia, pregnant [2.2.3]",Talas,,48.794449
2016,"Proportion of women aged 15-49 years with anaemia, pregnant [2.2.3]",Talas,,61.884874
2017,"Proportion of women aged 15-49 years with anaemia, pregnant [2.2.3]",Talas,,51.555883
2018,"Proportion of women aged 15-49 years with anaemia, pregnant [2.2.3]",Talas,,39.738875
2019,"Proportion of women aged 15-49 years with anaemia, pregnant [2.2.3]",Talas,,32.170099
2020,"Proportion of women aged 15-49 years with anaemia, pregnant [2.2.3]",Talas,,41.943974
2021,"Proportion of women aged 15-49 years with anaemia, pregnant [2.2.3]",Talas,,33.438662
2015,"Proportion of women aged 15-49 years with anaemia, pregnant [2.2.3]",Chui,,31.488782
2016,"Proportion of women aged 15-49 years with anaemia, pregnant [2.2.3]",Chui,,34.041943
2017,"Proportion of women aged 15-49 years with anaemia, pregnant [2.2.3]",Chui,,31.154508
2018,"Proportion of women aged 15-49 years with anaemia, pregnant [2.2.3]",Chui,,35.764419
2019,"Proportion of women aged 15-49 years with anaemia, pregnant [2.2.3]",Chui,,30.102889
2020,"Proportion of women aged 15-49 years with anaemia, pregnant [2.2.3]",Chui,,24.77942
2021,"Proportion of women aged 15-49 years with anaemia, pregnant [2.2.3]",Chui,,27.234744
2015,"Proportion of women aged 15-49 years with anaemia, pregnant [2.2.3]",Bishkek (city),,67.903553
2016,"Proportion of women aged 15-49 years with anaemia, pregnant [2.2.3]",Bishkek (city),,53.621316
2017,"Proportion of women aged 15-49 years with anaemia, pregnant [2.2.3]",Bishkek (city),,54.34825
2018,"Proportion of women aged 15-49 years with anaemia, pregnant [2.2.3]",Bishkek (city),,99.421992
2019,"Proportion of women aged 15-49 years with anaemia, pregnant [2.2.3]",Bishkek (city),,61.361069
2020,"Proportion of women aged 15-49 years with anaemia, pregnant [2.2.3]",Bishkek (city),,47.939623
2021,"Proportion of women aged 15-49 years with anaemia, pregnant [2.2.3]",Bishkek (city),,42.607395
2015,"Proportion of women aged 15-49 years with anaemia, pregnant [2.2.3]",Osh (city),,38.720578
2016,"Proportion of women aged 15-49 years with anaemia, pregnant [2.2.3]",Osh (city),,48.088624
2017,"Proportion of women aged 15-49 years with anaemia, pregnant [2.2.3]",Osh (city),,41.182821
2018,"Proportion of women aged 15-49 years with anaemia, pregnant [2.2.3]",Osh (city),,31.186184
2019,"Proportion of women aged 15-49 years with anaemia, pregnant [2.2.3]",Osh (city),,32.093396
2020,"Proportion of women aged 15-49 years with anaemia, pregnant [2.2.3]",Osh (city),,38.133333
2021,"Proportion of women aged 15-49 years with anaemia, pregnant [2.2.3]",Osh (city),,34.332724
