Year,REF_AREA,SEX,COMPOSITE_BREAKDOWN,Value
2007,,,NCD_CARDIO,3381.0
2008,,,NCD_CARDIO,3340.0
2009,,,NCD_CARDIO,3135.0
2010,,,NCD_CARDIO,3239.0
2011,,,NCD_CARDIO,3263.0
2012,,,NCD_CARDIO,3312.0
2013,,,NCD_CARDIO,3082.0
2014,,,NCD_CARDIO,3070.0
2015,,,NCD_CARDIO,2970.0
2016,,,NCD_CARDIO,2797.0
2017,,,NCD_CARDIO,2760.0
2018,,,NCD_CARDIO,2657.0
2019,,,NCD_CARDIO,2662.0
2020,,,NCD_CARDIO,3177.0
2007,,M,NCD_CARDIO,3420.0
2008,,M,NCD_CARDIO,3335.0
2009,,M,NCD_CARDIO,3178.0
2010,,M,NCD_CARDIO,3283.0
2011,,M,NCD_CARDIO,3322.0
2012,,M,NCD_CARDIO,3358.0
2013,,M,NCD_CARDIO,3190.0
2014,,M,NCD_CARDIO,3178.0
2015,,M,NCD_CARDIO,3035.0
2016,,M,NCD_CARDIO,2846.0
2017,,M,NCD_CARDIO,2843.0
2018,,M,NCD_CARDIO,2738.0
2019,,M,NCD_CARDIO,2757.0
2020,,M,NCD_CARDIO,3365.0
2007,,F,NCD_CARDIO,3344.0
2008,,F,NCD_CARDIO,3345.0
2009,,F,NCD_CARDIO,3092.0
2010,,F,NCD_CARDIO,3196.0
2011,,F,NCD_CARDIO,3205.0
2012,,F,NCD_CARDIO,3267.0
2013,,F,NCD_CARDIO,2976.0
2014,,F,NCD_CARDIO,2963.0
2015,,F,NCD_CARDIO,2907.0
2016,,F,NCD_CARDIO,2750.0
2017,,F,NCD_CARDIO,2677.0
2018,,F,NCD_CARDIO,2578.0
2019,,F,NCD_CARDIO,2569.0
2020,,F,NCD_CARDIO,2992.0
2007,KG05,,NCD_CARDIO,2785.0
2008,KG05,,NCD_CARDIO,2819.0
2009,KG05,,NCD_CARDIO,2862.0
2010,KG05,,NCD_CARDIO,2851.0
2011,KG05,,NCD_CARDIO,3057.0
2012,KG05,,NCD_CARDIO,3382.0
2013,KG05,,NCD_CARDIO,2895.0
2014,KG05,,NCD_CARDIO,2830.0
2015,KG05,,NCD_CARDIO,2848.0
2016,KG05,,NCD_CARDIO,2923.0
2017,KG05,,NCD_CARDIO,2675.0
2018,KG05,,NCD_CARDIO,2572.0
2019,KG05,,NCD_CARDIO,2517.0
2020,KG05,,NCD_CARDIO,3180.0
2007,KG05,M,NCD_CARDIO,2906.0
2008,KG05,M,NCD_CARDIO,2958.0
2009,KG05,M,NCD_CARDIO,2960.0
2010,KG05,M,NCD_CARDIO,2928.0
2011,KG05,M,NCD_CARDIO,3198.0
2012,KG05,M,NCD_CARDIO,3594.0
2013,KG05,M,NCD_CARDIO,3213.0
2014,KG05,M,NCD_CARDIO,2988.0
2015,KG05,M,NCD_CARDIO,3083.0
2016,KG05,M,NCD_CARDIO,3098.0
2017,KG05,M,NCD_CARDIO,3029.0
2018,KG05,M,NCD_CARDIO,2820.0
2019,KG05,M,NCD_CARDIO,2664.0
2020,KG05,M,NCD_CARDIO,3519.0
2007,KG05,F,NCD_CARDIO,2659.0
2008,KG05,F,NCD_CARDIO,2675.0
2009,KG05,F,NCD_CARDIO,2762.0
2010,KG05,F,NCD_CARDIO,2771.0
2011,KG05,F,NCD_CARDIO,2912.0
2012,KG05,F,NCD_CARDIO,3165.0
2013,KG05,F,NCD_CARDIO,2566.0
2014,KG05,F,NCD_CARDIO,2667.0
2015,KG05,F,NCD_CARDIO,2606.0
2016,KG05,F,NCD_CARDIO,2742.0
2017,KG05,F,NCD_CARDIO,2307.0
2018,KG05,F,NCD_CARDIO,2315.0
2019,KG05,F,NCD_CARDIO,2364.0
2020,KG05,F,NCD_CARDIO,2828.0
2007,KG03,,NCD_CARDIO,2728.0
2008,KG03,,NCD_CARDIO,2852.0
2009,KG03,,NCD_CARDIO,2653.0
2010,KG03,,NCD_CARDIO,2662.0
2011,KG03,,NCD_CARDIO,2898.0
2012,KG03,,NCD_CARDIO,2862.0
2013,KG03,,NCD_CARDIO,2646.0
2014,KG03,,NCD_CARDIO,2646.0
2015,KG03,,NCD_CARDIO,2683.0
2016,KG03,,NCD_CARDIO,2490.0
2017,KG03,,NCD_CARDIO,2440.0
2018,KG03,,NCD_CARDIO,2378.0
2019,KG03,,NCD_CARDIO,2431.0
2020,KG03,,NCD_CARDIO,2924.0
2007,KG03,M,NCD_CARDIO,2854.0
2008,KG03,M,NCD_CARDIO,2816.0
2009,KG03,M,NCD_CARDIO,2717.0
2010,KG03,M,NCD_CARDIO,2702.0
2011,KG03,M,NCD_CARDIO,2958.0
2012,KG03,M,NCD_CARDIO,2856.0
2013,KG03,M,NCD_CARDIO,2753.0
2014,KG03,M,NCD_CARDIO,2780.0
2015,KG03,M,NCD_CARDIO,2797.0
2016,KG03,M,NCD_CARDIO,2562.0
2017,KG03,M,NCD_CARDIO,2522.0
2018,KG03,M,NCD_CARDIO,2480.0
2019,KG03,M,NCD_CARDIO,2430.0
2020,KG03,M,NCD_CARDIO,3114.0
2007,KG03,F,NCD_CARDIO,2603.0
2008,KG03,F,NCD_CARDIO,2889.0
2009,KG03,F,NCD_CARDIO,2589.0
2010,KG03,F,NCD_CARDIO,2622.0
2011,KG03,F,NCD_CARDIO,2839.0
2012,KG03,F,NCD_CARDIO,2869.0
2013,KG03,F,NCD_CARDIO,2539.0
2014,KG03,F,NCD_CARDIO,2510.0
2015,KG03,F,NCD_CARDIO,2567.0
2016,KG03,F,NCD_CARDIO,2417.0
2017,KG03,F,NCD_CARDIO,2358.0
2018,KG03,F,NCD_CARDIO,2276.0
2019,KG03,F,NCD_CARDIO,2432.0
2020,KG03,F,NCD_CARDIO,2731.0
2007,KG02,,NCD_CARDIO,4170.0
2008,KG02,,NCD_CARDIO,3919.0
2009,KG02,,NCD_CARDIO,3694.0
2010,KG02,,NCD_CARDIO,3911.0
2011,KG02,,NCD_CARDIO,3605.0
2012,KG02,,NCD_CARDIO,3949.0
2013,KG02,,NCD_CARDIO,3858.0
2014,KG02,,NCD_CARDIO,3630.0
2015,KG02,,NCD_CARDIO,3610.0
2016,KG02,,NCD_CARDIO,3287.0
2017,KG02,,NCD_CARDIO,3259.0
2018,KG02,,NCD_CARDIO,3020.0
2019,KG02,,NCD_CARDIO,3029.0
2020,KG02,,NCD_CARDIO,3770.0
2007,KG02,M,NCD_CARDIO,4069.0
2008,KG02,M,NCD_CARDIO,3820.0
2009,KG02,M,NCD_CARDIO,3669.0
2010,KG02,M,NCD_CARDIO,3882.0
2011,KG02,M,NCD_CARDIO,3535.0
2012,KG02,M,NCD_CARDIO,3911.0
2013,KG02,M,NCD_CARDIO,3951.0
2014,KG02,M,NCD_CARDIO,3795.0
2015,KG02,M,NCD_CARDIO,3707.0
2016,KG02,M,NCD_CARDIO,3343.0
2017,KG02,M,NCD_CARDIO,3346.0
2018,KG02,M,NCD_CARDIO,3097.0
2019,KG02,M,NCD_CARDIO,3031.0
2020,KG02,M,NCD_CARDIO,4000.0
2007,KG02,F,NCD_CARDIO,4269.0
2008,KG02,F,NCD_CARDIO,4016.0
2009,KG02,F,NCD_CARDIO,3719.0
2010,KG02,F,NCD_CARDIO,3938.0
2011,KG02,F,NCD_CARDIO,3674.0
2012,KG02,F,NCD_CARDIO,3988.0
2013,KG02,F,NCD_CARDIO,3766.0
2014,KG02,F,NCD_CARDIO,3467.0
2015,KG02,F,NCD_CARDIO,3515.0
2016,KG02,F,NCD_CARDIO,3231.0
2017,KG02,F,NCD_CARDIO,3173.0
2018,KG02,F,NCD_CARDIO,2944.0
2019,KG02,F,NCD_CARDIO,3027.0
2020,KG02,F,NCD_CARDIO,3541.0
2007,KG04,,NCD_CARDIO,3333.0
2008,KG04,,NCD_CARDIO,3065.0
2009,KG04,,NCD_CARDIO,2807.0
2010,KG04,,NCD_CARDIO,3011.0
2011,KG04,,NCD_CARDIO,3263.0
2012,KG04,,NCD_CARDIO,3182.0
2013,KG04,,NCD_CARDIO,3274.0
2014,KG04,,NCD_CARDIO,3176.0
2015,KG04,,NCD_CARDIO,3100.0
2016,KG04,,NCD_CARDIO,3128.0
2017,KG04,,NCD_CARDIO,3027.0
2018,KG04,,NCD_CARDIO,3080.0
2019,KG04,,NCD_CARDIO,3170.0
2020,KG04,,NCD_CARDIO,3407.0
2007,KG04,M,NCD_CARDIO,3515.0
2008,KG04,M,NCD_CARDIO,3226.0
2009,KG04,M,NCD_CARDIO,2788.0
2010,KG04,M,NCD_CARDIO,3008.0
2011,KG04,M,NCD_CARDIO,3466.0
2012,KG04,M,NCD_CARDIO,3388.0
2013,KG04,M,NCD_CARDIO,3477.0
2014,KG04,M,NCD_CARDIO,3661.0
2015,KG04,M,NCD_CARDIO,3276.0
2016,KG04,M,NCD_CARDIO,3343.0
2017,KG04,M,NCD_CARDIO,3120.0
2018,KG04,M,NCD_CARDIO,3347.0
2019,KG04,M,NCD_CARDIO,3442.0
2020,KG04,M,NCD_CARDIO,3889.0
2007,KG04,F,NCD_CARDIO,3147.0
2008,KG04,F,NCD_CARDIO,2900.0
2009,KG04,F,NCD_CARDIO,2826.0
2010,KG04,F,NCD_CARDIO,3015.0
2011,KG04,F,NCD_CARDIO,3054.0
2012,KG04,F,NCD_CARDIO,2970.0
2013,KG04,F,NCD_CARDIO,3065.0
2014,KG04,F,NCD_CARDIO,2677.0
2015,KG04,F,NCD_CARDIO,2919.0
2016,KG04,F,NCD_CARDIO,2907.0
2017,KG04,F,NCD_CARDIO,2930.0
2018,KG04,F,NCD_CARDIO,2803.0
2019,KG04,F,NCD_CARDIO,2888.0
2020,KG04,F,NCD_CARDIO,2906.0
2007,KG06,,NCD_CARDIO,2464.0
2008,KG06,,NCD_CARDIO,2525.0
2009,KG06,,NCD_CARDIO,2664.0
2010,KG06,,NCD_CARDIO,2851.0
2011,KG06,,NCD_CARDIO,2752.0
2012,KG06,,NCD_CARDIO,2816.0
2013,KG06,,NCD_CARDIO,2644.0
2014,KG06,,NCD_CARDIO,2730.0
2015,KG06,,NCD_CARDIO,2657.0
2016,KG06,,NCD_CARDIO,2390.0
2017,KG06,,NCD_CARDIO,2408.0
2018,KG06,,NCD_CARDIO,2293.0
2019,KG06,,NCD_CARDIO,2309.0
2020,KG06,,NCD_CARDIO,3048.0
2007,KG06,M,NCD_CARDIO,2530.0
2008,KG06,M,NCD_CARDIO,2610.0
2009,KG06,M,NCD_CARDIO,2722.0
2010,KG06,M,NCD_CARDIO,3012.0
2011,KG06,M,NCD_CARDIO,2946.0
2012,KG06,M,NCD_CARDIO,2991.0
2013,KG06,M,NCD_CARDIO,2804.0
2014,KG06,M,NCD_CARDIO,2912.0
2015,KG06,M,NCD_CARDIO,2693.0
2016,KG06,M,NCD_CARDIO,2431.0
2017,KG06,M,NCD_CARDIO,2517.0
2018,KG06,M,NCD_CARDIO,2437.0
2019,KG06,M,NCD_CARDIO,2486.0
2020,KG06,M,NCD_CARDIO,3308.0
2007,KG06,F,NCD_CARDIO,2396.0
2008,KG06,F,NCD_CARDIO,2439.0
2009,KG06,F,NCD_CARDIO,2605.0
2010,KG06,F,NCD_CARDIO,2688.0
2011,KG06,F,NCD_CARDIO,2554.0
2012,KG06,F,NCD_CARDIO,2638.0
2013,KG06,F,NCD_CARDIO,2481.0
2014,KG06,F,NCD_CARDIO,2546.0
2015,KG06,F,NCD_CARDIO,2620.0
2016,KG06,F,NCD_CARDIO,2349.0
2017,KG06,F,NCD_CARDIO,2297.0
2018,KG06,F,NCD_CARDIO,2146.0
2019,KG06,F,NCD_CARDIO,2127.0
2020,KG06,F,NCD_CARDIO,2783.0
2007,KG07,,NCD_CARDIO,3490.0
2008,KG07,,NCD_CARDIO,3403.0
2009,KG07,,NCD_CARDIO,3488.0
2010,KG07,,NCD_CARDIO,3338.0
2011,KG07,,NCD_CARDIO,3450.0
2012,KG07,,NCD_CARDIO,3425.0
2013,KG07,,NCD_CARDIO,3098.0
2014,KG07,,NCD_CARDIO,3327.0
2015,KG07,,NCD_CARDIO,3225.0
2016,KG07,,NCD_CARDIO,2887.0
2017,KG07,,NCD_CARDIO,3019.0
2018,KG07,,NCD_CARDIO,2615.0
2019,KG07,,NCD_CARDIO,2999.0
2020,KG07,,NCD_CARDIO,3392.0
2007,KG07,M,NCD_CARDIO,3550.0
2008,KG07,M,NCD_CARDIO,3487.0
2009,KG07,M,NCD_CARDIO,3735.0
2010,KG07,M,NCD_CARDIO,3827.0
2011,KG07,M,NCD_CARDIO,3581.0
2012,KG07,M,NCD_CARDIO,3710.0
2013,KG07,M,NCD_CARDIO,3309.0
2014,KG07,M,NCD_CARDIO,3697.0
2015,KG07,M,NCD_CARDIO,3498.0
2016,KG07,M,NCD_CARDIO,3034.0
2017,KG07,M,NCD_CARDIO,3290.0
2018,KG07,M,NCD_CARDIO,2826.0
2019,KG07,M,NCD_CARDIO,3338.0
2020,KG07,M,NCD_CARDIO,3696.0
2007,KG07,F,NCD_CARDIO,3429.0
2008,KG07,F,NCD_CARDIO,3319.0
2009,KG07,F,NCD_CARDIO,3237.0
2010,KG07,F,NCD_CARDIO,2846.0
2011,KG07,F,NCD_CARDIO,3319.0
2012,KG07,F,NCD_CARDIO,3136.0
2013,KG07,F,NCD_CARDIO,2886.0
2014,KG07,F,NCD_CARDIO,2950.0
2015,KG07,F,NCD_CARDIO,2947.0
2016,KG07,F,NCD_CARDIO,2737.0
2017,KG07,F,NCD_CARDIO,2744.0
2018,KG07,F,NCD_CARDIO,2399.0
2019,KG07,F,NCD_CARDIO,2652.0
2020,KG07,F,NCD_CARDIO,3080.0
2007,KG08,,NCD_CARDIO,5483.0
2008,KG08,,NCD_CARDIO,5395.0
2009,KG08,,NCD_CARDIO,4648.0
2010,KG08,,NCD_CARDIO,4840.0
2011,KG08,,NCD_CARDIO,4670.0
2012,KG08,,NCD_CARDIO,4669.0
2013,KG08,,NCD_CARDIO,4416.0
2014,KG08,,NCD_CARDIO,4302.0
2015,KG08,,NCD_CARDIO,4008.0
2016,KG08,,NCD_CARDIO,3813.0
2017,KG08,,NCD_CARDIO,3777.0
2018,KG08,,NCD_CARDIO,3771.0
2019,KG08,,NCD_CARDIO,3608.0
2020,KG08,,NCD_CARDIO,4055.0
2007,KG08,M,NCD_CARDIO,5399.0
2008,KG08,M,NCD_CARDIO,5175.0
2009,KG08,M,NCD_CARDIO,4627.0
2010,KG08,M,NCD_CARDIO,4769.0
2011,KG08,M,NCD_CARDIO,4557.0
2012,KG08,M,NCD_CARDIO,4527.0
2013,KG08,M,NCD_CARDIO,4413.0
2014,KG08,M,NCD_CARDIO,4161.0
2015,KG08,M,NCD_CARDIO,3942.0
2016,KG08,M,NCD_CARDIO,3836.0
2017,KG08,M,NCD_CARDIO,3764.0
2018,KG08,M,NCD_CARDIO,3670.0
2019,KG08,M,NCD_CARDIO,3680.0
2020,KG08,M,NCD_CARDIO,3988.0
2007,KG08,F,NCD_CARDIO,5564.0
2008,KG08,F,NCD_CARDIO,5608.0
2009,KG08,F,NCD_CARDIO,4668.0
2010,KG08,F,NCD_CARDIO,4908.0
2011,KG08,F,NCD_CARDIO,4779.0
2012,KG08,F,NCD_CARDIO,4808.0
2013,KG08,F,NCD_CARDIO,4419.0
2014,KG08,F,NCD_CARDIO,4438.0
2015,KG08,F,NCD_CARDIO,4073.0
2016,KG08,F,NCD_CARDIO,3792.0
2017,KG08,F,NCD_CARDIO,3789.0
2018,KG08,F,NCD_CARDIO,3868.0
2019,KG08,F,NCD_CARDIO,3537.0
2020,KG08,F,NCD_CARDIO,4125.0
2007,KG11,,NCD_CARDIO,3535.0
2008,KG11,,NCD_CARDIO,3219.0
2009,KG11,,NCD_CARDIO,2884.0
2010,KG11,,NCD_CARDIO,2983.0
2011,KG11,,NCD_CARDIO,3054.0
2012,KG11,,NCD_CARDIO,2970.0
2013,KG11,,NCD_CARDIO,2696.0
2014,KG11,,NCD_CARDIO,2726.0
2015,KG11,,NCD_CARDIO,2532.0
2016,KG11,,NCD_CARDIO,2425.0
2017,KG11,,NCD_CARDIO,2424.0
2018,KG11,,NCD_CARDIO,2328.0
2019,KG11,,NCD_CARDIO,2374.0
2020,KG11,,NCD_CARDIO,2540.0
2007,KG11,M,NCD_CARDIO,3491.0
2008,KG11,M,NCD_CARDIO,3201.0
2009,KG11,M,NCD_CARDIO,2826.0
2010,KG11,M,NCD_CARDIO,2839.0
2011,KG11,M,NCD_CARDIO,2972.0
2012,KG11,M,NCD_CARDIO,2875.0
2013,KG11,M,NCD_CARDIO,2645.0
2014,KG11,M,NCD_CARDIO,2692.0
2015,KG11,M,NCD_CARDIO,2432.0
2016,KG11,M,NCD_CARDIO,2307.0
2017,KG11,M,NCD_CARDIO,2371.0
2018,KG11,M,NCD_CARDIO,2295.0
2019,KG11,M,NCD_CARDIO,2378.0
2020,KG11,M,NCD_CARDIO,2531.0
2007,KG11,F,NCD_CARDIO,3574.0
2008,KG11,F,NCD_CARDIO,3234.0
2009,KG11,F,NCD_CARDIO,2935.0
2010,KG11,F,NCD_CARDIO,3108.0
2011,KG11,F,NCD_CARDIO,3124.0
2012,KG11,F,NCD_CARDIO,3053.0
2013,KG11,F,NCD_CARDIO,2740.0
2014,KG11,F,NCD_CARDIO,2757.0
2015,KG11,F,NCD_CARDIO,2619.0
2016,KG11,F,NCD_CARDIO,2529.0
2017,KG11,F,NCD_CARDIO,2472.0
2018,KG11,F,NCD_CARDIO,2357.0
2019,KG11,F,NCD_CARDIO,2370.0
2020,KG11,F,NCD_CARDIO,2549.0
2007,KG21,,NCD_CARDIO,2478.0
2008,KG21,,NCD_CARDIO,2920.0
2009,KG21,,NCD_CARDIO,2743.0
2010,KG21,,NCD_CARDIO,2680.0
2011,KG21,,NCD_CARDIO,2819.0
2012,KG21,,NCD_CARDIO,2987.0
2013,KG21,,NCD_CARDIO,2668.0
2014,KG21,,NCD_CARDIO,2701.0
2015,KG21,,NCD_CARDIO,2535.0
2016,KG21,,NCD_CARDIO,2489.0
2017,KG21,,NCD_CARDIO,2404.0
2018,KG21,,NCD_CARDIO,2234.0
2019,KG21,,NCD_CARDIO,2088.0
2020,KG21,,NCD_CARDIO,2873.0
2007,KG21,M,NCD_CARDIO,2799.0
2008,KG21,M,NCD_CARDIO,3140.0
2009,KG21,M,NCD_CARDIO,3118.0
2010,KG21,M,NCD_CARDIO,2929.0
2011,KG21,M,NCD_CARDIO,3165.0
2012,KG21,M,NCD_CARDIO,3191.0
2013,KG21,M,NCD_CARDIO,2850.0
2014,KG21,M,NCD_CARDIO,2801.0
2015,KG21,M,NCD_CARDIO,2774.0
2016,KG21,M,NCD_CARDIO,2571.0
2017,KG21,M,NCD_CARDIO,2437.0
2018,KG21,M,NCD_CARDIO,2268.0
2019,KG21,M,NCD_CARDIO,2212.0
2020,KG21,M,NCD_CARDIO,2914.0
2007,KG21,F,NCD_CARDIO,2181.0
2008,KG21,F,NCD_CARDIO,2718.0
2009,KG21,F,NCD_CARDIO,2398.0
2010,KG21,F,NCD_CARDIO,2450.0
2011,KG21,F,NCD_CARDIO,2500.0
2012,KG21,F,NCD_CARDIO,2800.0
2013,KG21,F,NCD_CARDIO,2498.0
2014,KG21,F,NCD_CARDIO,2608.0
2015,KG21,F,NCD_CARDIO,2313.0
2016,KG21,F,NCD_CARDIO,2413.0
2017,KG21,F,NCD_CARDIO,2373.0
2018,KG21,F,NCD_CARDIO,2202.0
2019,KG21,F,NCD_CARDIO,1972.0
2020,KG21,F,NCD_CARDIO,2835.0
2007,,,NCD_CNCR,571.0
2008,,,NCD_CNCR,582.0
2009,,,NCD_CNCR,607.0
2010,,,NCD_CNCR,594.0
2011,,,NCD_CNCR,613.0
2012,,,NCD_CNCR,594.0
2013,,,NCD_CNCR,610.0
2014,,,NCD_CNCR,643.0
2015,,,NCD_CNCR,645.0
2016,,,NCD_CNCR,644.0
2017,,,NCD_CNCR,62.2
2018,,,NCD_CNCR,65.6
2019,,,NCD_CNCR,641.0
2020,,,NCD_CNCR,638.0
2007,,M,NCD_CNCR,608.0
2008,,M,NCD_CNCR,608.0
2009,,M,NCD_CNCR,661.0
2010,,M,NCD_CNCR,637.0
2011,,M,NCD_CNCR,656.0
2012,,M,NCD_CNCR,632.0
2013,,M,NCD_CNCR,640.0
2014,,M,NCD_CNCR,690.0
2015,,M,NCD_CNCR,668.0
2016,,M,NCD_CNCR,693.0
2017,,M,NCD_CNCR,659.0
2018,,M,NCD_CNCR,673.0
2019,,M,NCD_CNCR,663.0
2007,,F,NCD_CNCR,535.0
2008,,F,NCD_CNCR,557.0
2009,,F,NCD_CNCR,554.0
2010,,F,NCD_CNCR,553.0
2011,,F,NCD_CNCR,570.0
2012,,F,NCD_CNCR,556.0
2013,,F,NCD_CNCR,580.0
2014,,F,NCD_CNCR,597.0
2015,,F,NCD_CNCR,622.0
2016,,F,NCD_CNCR,597.0
2017,,F,NCD_CNCR,586.0
2018,,F,NCD_CNCR,639.0
2019,,F,NCD_CNCR,619.0
2007,KG05,,NCD_CNCR,323.0
2008,KG05,,NCD_CNCR,264.0
2009,KG05,,NCD_CNCR,302.0
2010,KG05,,NCD_CNCR,338.0
2011,KG05,,NCD_CNCR,339.0
2012,KG05,,NCD_CNCR,330.0
2013,KG05,,NCD_CNCR,321.0
2014,KG05,,NCD_CNCR,356.0
2015,KG05,,NCD_CNCR,423.0
2016,KG05,,NCD_CNCR,386.0
2017,KG05,,NCD_CNCR,326.0
2018,KG05,,NCD_CNCR,433.0
2019,KG05,,NCD_CNCR,375.0
2020,KG05,,NCD_CNCR,341.0
2007,KG05,M,NCD_CNCR,308.0
2008,KG05,M,NCD_CNCR,310.0
2009,KG05,M,NCD_CNCR,342.0
2010,KG05,M,NCD_CNCR,351.0
2011,KG05,M,NCD_CNCR,314.0
2012,KG05,M,NCD_CNCR,304.0
2013,KG05,M,NCD_CNCR,284.0
2014,KG05,M,NCD_CNCR,389.0
2015,KG05,M,NCD_CNCR,424.0
2016,KG05,M,NCD_CNCR,371.0
2017,KG05,M,NCD_CNCR,290.0
2018,KG05,M,NCD_CNCR,382.0
2019,KG05,M,NCD_CNCR,384.0
2007,KG05,F,NCD_CNCR,338.0
2008,KG05,F,NCD_CNCR,216.0
2009,KG05,F,NCD_CNCR,260.0
2010,KG05,F,NCD_CNCR,325.0
2011,KG05,F,NCD_CNCR,365.0
2012,KG05,F,NCD_CNCR,358.0
2013,KG05,F,NCD_CNCR,359.0
2014,KG05,F,NCD_CNCR,321.0
2015,KG05,F,NCD_CNCR,422.0
2016,KG05,F,NCD_CNCR,400.0
2017,KG05,F,NCD_CNCR,364.0
2018,KG05,F,NCD_CNCR,486.0
2019,KG05,F,NCD_CNCR,365.0
2007,KG03,,NCD_CNCR,363.0
2008,KG03,,NCD_CNCR,420.0
2009,KG03,,NCD_CNCR,478.0
2010,KG03,,NCD_CNCR,463.0
2011,KG03,,NCD_CNCR,515.0
2012,KG03,,NCD_CNCR,473.0
2013,KG03,,NCD_CNCR,492.0
2014,KG03,,NCD_CNCR,510.0
2015,KG03,,NCD_CNCR,529.0
2016,KG03,,NCD_CNCR,542.0
2017,KG03,,NCD_CNCR,509.0
2018,KG03,,NCD_CNCR,495.0
2019,KG03,,NCD_CNCR,509.0
2020,KG03,,NCD_CNCR,505.0
2007,KG03,M,NCD_CNCR,370.0
2008,KG03,M,NCD_CNCR,452.0
2009,KG03,M,NCD_CNCR,490.0
2010,KG03,M,NCD_CNCR,462.0
2011,KG03,M,NCD_CNCR,588.0
2012,KG03,M,NCD_CNCR,497.0
2013,KG03,M,NCD_CNCR,499.0
2014,KG03,M,NCD_CNCR,533.0
2015,KG03,M,NCD_CNCR,536.0
2016,KG03,M,NCD_CNCR,597.0
2017,KG03,M,NCD_CNCR,578.0
2018,KG03,M,NCD_CNCR,456.0
2019,KG03,M,NCD_CNCR,515.0
2007,KG03,F,NCD_CNCR,356.0
2008,KG03,F,NCD_CNCR,388.0
2009,KG03,F,NCD_CNCR,465.0
2010,KG03,F,NCD_CNCR,465.0
2011,KG03,F,NCD_CNCR,441.0
2012,KG03,F,NCD_CNCR,449.0
2013,KG03,F,NCD_CNCR,485.0
2014,KG03,F,NCD_CNCR,488.0
2015,KG03,F,NCD_CNCR,522.0
2016,KG03,F,NCD_CNCR,488.0
2017,KG03,F,NCD_CNCR,438.0
2018,KG03,F,NCD_CNCR,534.0
2019,KG03,F,NCD_CNCR,502.0
2007,KG02,,NCD_CNCR,746.0
2008,KG02,,NCD_CNCR,724.0
2009,KG02,,NCD_CNCR,787.0
2010,KG02,,NCD_CNCR,734.0
2011,KG02,,NCD_CNCR,740.0
2012,KG02,,NCD_CNCR,848.0
2013,KG02,,NCD_CNCR,818.0
2014,KG02,,NCD_CNCR,852.0
2015,KG02,,NCD_CNCR,891.0
2016,KG02,,NCD_CNCR,839.0
2017,KG02,,NCD_CNCR,809.0
2018,KG02,,NCD_CNCR,905.0
2019,KG02,,NCD_CNCR,874.0
2020,KG02,,NCD_CNCR,856.0
2007,KG02,M,NCD_CNCR,790.0
2008,KG02,M,NCD_CNCR,687.0
2009,KG02,M,NCD_CNCR,907.0
2010,KG02,M,NCD_CNCR,766.0
2011,KG02,M,NCD_CNCR,827.0
2012,KG02,M,NCD_CNCR,904.0
2013,KG02,M,NCD_CNCR,950.0
2014,KG02,M,NCD_CNCR,930.0
2015,KG02,M,NCD_CNCR,909.0
2016,KG02,M,NCD_CNCR,918.0
2017,KG02,M,NCD_CNCR,884.0
2018,KG02,M,NCD_CNCR,933.0
2019,KG02,M,NCD_CNCR,929.0
2007,KG02,F,NCD_CNCR,704.0
2008,KG02,F,NCD_CNCR,760.0
2009,KG02,F,NCD_CNCR,671.0
2010,KG02,F,NCD_CNCR,702.0
2011,KG02,F,NCD_CNCR,653.0
2012,KG02,F,NCD_CNCR,792.0
2013,KG02,F,NCD_CNCR,688.0
2014,KG02,F,NCD_CNCR,775.0
2015,KG02,F,NCD_CNCR,872.0
2016,KG02,F,NCD_CNCR,761.0
2017,KG02,F,NCD_CNCR,734.0
2018,KG02,F,NCD_CNCR,876.0
2019,KG02,F,NCD_CNCR,821.0
2007,KG04,,NCD_CNCR,708.0
2008,KG04,,NCD_CNCR,720.0
2009,KG04,,NCD_CNCR,720.0
2010,KG04,,NCD_CNCR,667.0
2011,KG04,,NCD_CNCR,819.0
2012,KG04,,NCD_CNCR,638.0
2013,KG04,,NCD_CNCR,782.0
2014,KG04,,NCD_CNCR,824.0
2015,KG04,,NCD_CNCR,895.0
2016,KG04,,NCD_CNCR,881.0
2017,KG04,,NCD_CNCR,818.0
2018,KG04,,NCD_CNCR,879.0
2019,KG04,,NCD_CNCR,836.0
2020,KG04,,NCD_CNCR,804.0
2007,KG04,M,NCD_CNCR,779.0
2008,KG04,M,NCD_CNCR,754.0
2009,KG04,M,NCD_CNCR,796.0
2010,KG04,M,NCD_CNCR,742.0
2011,KG04,M,NCD_CNCR,838.0
2012,KG04,M,NCD_CNCR,621.0
2013,KG04,M,NCD_CNCR,767.0
2014,KG04,M,NCD_CNCR,903.0
2015,KG04,M,NCD_CNCR,885.0
2016,KG04,M,NCD_CNCR,959.0
2017,KG04,M,NCD_CNCR,808.0
2018,KG04,M,NCD_CNCR,1019.0
2019,KG04,M,NCD_CNCR,900.0
2007,KG04,F,NCD_CNCR,636.0
2008,KG04,F,NCD_CNCR,684.0
2009,KG04,F,NCD_CNCR,642.0
2010,KG04,F,NCD_CNCR,591.0
2011,KG04,F,NCD_CNCR,800.0
2012,KG04,F,NCD_CNCR,655.0
2013,KG04,F,NCD_CNCR,798.0
2014,KG04,F,NCD_CNCR,743.0
2015,KG04,F,NCD_CNCR,904.0
2016,KG04,F,NCD_CNCR,799.0
2017,KG04,F,NCD_CNCR,828.0
2018,KG04,F,NCD_CNCR,735.0
2019,KG04,F,NCD_CNCR,770.0
2007,KG06,,NCD_CNCR,381.0
2008,KG06,,NCD_CNCR,364.0
2009,KG06,,NCD_CNCR,407.0
2010,KG06,,NCD_CNCR,401.0
2011,KG06,,NCD_CNCR,436.0
2012,KG06,,NCD_CNCR,430.0
2013,KG06,,NCD_CNCR,430.0
2014,KG06,,NCD_CNCR,507.0
2015,KG06,,NCD_CNCR,506.0
2016,KG06,,NCD_CNCR,499.0
2017,KG06,,NCD_CNCR,491.0
2018,KG06,,NCD_CNCR,510.0
2019,KG06,,NCD_CNCR,528.0
2020,KG06,,NCD_CNCR,519.0
2007,KG06,M,NCD_CNCR,434.0
2008,KG06,M,NCD_CNCR,409.0
2009,KG06,M,NCD_CNCR,499.0
2010,KG06,M,NCD_CNCR,477.0
2011,KG06,M,NCD_CNCR,507.0
2012,KG06,M,NCD_CNCR,479.0
2013,KG06,M,NCD_CNCR,467.0
2014,KG06,M,NCD_CNCR,562.0
2015,KG06,M,NCD_CNCR,572.0
2016,KG06,M,NCD_CNCR,557.0
2017,KG06,M,NCD_CNCR,548.0
2018,KG06,M,NCD_CNCR,553.0
2019,KG06,M,NCD_CNCR,578.0
2007,KG06,F,NCD_CNCR,327.0
2008,KG06,F,NCD_CNCR,319.0
2009,KG06,F,NCD_CNCR,313.0
2010,KG06,F,NCD_CNCR,324.0
2011,KG06,F,NCD_CNCR,364.0
2012,KG06,F,NCD_CNCR,380.0
2013,KG06,F,NCD_CNCR,392.0
2014,KG06,F,NCD_CNCR,450.0
2015,KG06,F,NCD_CNCR,438.0
2016,KG06,F,NCD_CNCR,439.0
2017,KG06,F,NCD_CNCR,433.0
2018,KG06,F,NCD_CNCR,466.0
2019,KG06,F,NCD_CNCR,476.0
2007,KG07,,NCD_CNCR,472.0
2008,KG07,,NCD_CNCR,547.0
2009,KG07,,NCD_CNCR,597.0
2010,KG07,,NCD_CNCR,660.0
2011,KG07,,NCD_CNCR,599.0
2012,KG07,,NCD_CNCR,585.0
2013,KG07,,NCD_CNCR,683.0
2014,KG07,,NCD_CNCR,689.0
2015,KG07,,NCD_CNCR,606.0
2016,KG07,,NCD_CNCR,707.0
2017,KG07,,NCD_CNCR,626.0
2018,KG07,,NCD_CNCR,597.0
2019,KG07,,NCD_CNCR,610.0
2020,KG07,,NCD_CNCR,754.0
2007,KG07,M,NCD_CNCR,521.0
2008,KG07,M,NCD_CNCR,488.0
2009,KG07,M,NCD_CNCR,693.0
2010,KG07,M,NCD_CNCR,753.0
2011,KG07,M,NCD_CNCR,605.0
2012,KG07,M,NCD_CNCR,670.0
2013,KG07,M,NCD_CNCR,650.0
2014,KG07,M,NCD_CNCR,809.0
2015,KG07,M,NCD_CNCR,652.0
2016,KG07,M,NCD_CNCR,727.0
2017,KG07,M,NCD_CNCR,709.0
2018,KG07,M,NCD_CNCR,614.0
2019,KG07,M,NCD_CNCR,581.0
2007,KG07,F,NCD_CNCR,422.0
2008,KG07,F,NCD_CNCR,605.0
2009,KG07,F,NCD_CNCR,502.0
2010,KG07,F,NCD_CNCR,566.0
2011,KG07,F,NCD_CNCR,593.0
2012,KG07,F,NCD_CNCR,500.0
2013,KG07,F,NCD_CNCR,717.0
2014,KG07,F,NCD_CNCR,567.0
2015,KG07,F,NCD_CNCR,559.0
2016,KG07,F,NCD_CNCR,686.0
2017,KG07,F,NCD_CNCR,542.0
2018,KG07,F,NCD_CNCR,580.0
2019,KG07,F,NCD_CNCR,640.0
2007,KG08,,NCD_CNCR,881.0
2008,KG08,,NCD_CNCR,912.0
2009,KG08,,NCD_CNCR,953.0
2010,KG08,,NCD_CNCR,896.0
2011,KG08,,NCD_CNCR,920.0
2012,KG08,,NCD_CNCR,915.0
2013,KG08,,NCD_CNCR,883.0
2014,KG08,,NCD_CNCR,927.0
2015,KG08,,NCD_CNCR,826.0
2016,KG08,,NCD_CNCR,943.0
2017,KG08,,NCD_CNCR,913.0
2018,KG08,,NCD_CNCR,975.0
2019,KG08,,NCD_CNCR,966.0
2020,KG08,,NCD_CNCR,933.0
2007,KG08,M,NCD_CNCR,983.0
2008,KG08,M,NCD_CNCR,936.0
2009,KG08,M,NCD_CNCR,974.0
2010,KG08,M,NCD_CNCR,985.0
2011,KG08,M,NCD_CNCR,939.0
2012,KG08,M,NCD_CNCR,981.0
2013,KG08,M,NCD_CNCR,989.0
2014,KG08,M,NCD_CNCR,1027.0
2015,KG08,M,NCD_CNCR,873.0
2016,KG08,M,NCD_CNCR,1044.0
2017,KG08,M,NCD_CNCR,996.0
2018,KG08,M,NCD_CNCR,1055.0
2019,KG08,M,NCD_CNCR,1015.0
2007,KG08,F,NCD_CNCR,782.0
2008,KG08,F,NCD_CNCR,888.0
2009,KG08,F,NCD_CNCR,933.0
2010,KG08,F,NCD_CNCR,809.0
2011,KG08,F,NCD_CNCR,901.0
2012,KG08,F,NCD_CNCR,851.0
2013,KG08,F,NCD_CNCR,780.0
2014,KG08,F,NCD_CNCR,830.0
2015,KG08,F,NCD_CNCR,780.0
2016,KG08,F,NCD_CNCR,844.0
2017,KG08,F,NCD_CNCR,832.0
2018,KG08,F,NCD_CNCR,897.0
2019,KG08,F,NCD_CNCR,919.0
2007,KG11,,NCD_CNCR,823.0
2008,KG11,,NCD_CNCR,826.0
2009,KG11,,NCD_CNCR,758.0
2010,KG11,,NCD_CNCR,781.0
2011,KG11,,NCD_CNCR,698.0
2012,KG11,,NCD_CNCR,674.0
2013,KG11,,NCD_CNCR,693.0
2014,KG11,,NCD_CNCR,731.0
2015,KG11,,NCD_CNCR,766.0
2016,KG11,,NCD_CNCR,665.0
2017,KG11,,NCD_CNCR,691.0
2018,KG11,,NCD_CNCR,693.0
2019,KG11,,NCD_CNCR,642.0
2020,KG11,,NCD_CNCR,688.0
2007,KG11,M,NCD_CNCR,847.0
2008,KG11,M,NCD_CNCR,865.0
2009,KG11,M,NCD_CNCR,802.0
2010,KG11,M,NCD_CNCR,793.0
2011,KG11,M,NCD_CNCR,710.0
2012,KG11,M,NCD_CNCR,730.0
2013,KG11,M,NCD_CNCR,700.0
2014,KG11,M,NCD_CNCR,741.0
2015,KG11,M,NCD_CNCR,766.0
2016,KG11,M,NCD_CNCR,651.0
2017,KG11,M,NCD_CNCR,686.0
2018,KG11,M,NCD_CNCR,669.0
2019,KG11,M,NCD_CNCR,637.0
2007,KG11,F,NCD_CNCR,802.0
2008,KG11,F,NCD_CNCR,791.0
2009,KG11,F,NCD_CNCR,720.0
2010,KG11,F,NCD_CNCR,770.0
2011,KG11,F,NCD_CNCR,687.0
2012,KG11,F,NCD_CNCR,625.0
2013,KG11,F,NCD_CNCR,686.0
2014,KG11,F,NCD_CNCR,722.0
2015,KG11,F,NCD_CNCR,766.0
2016,KG11,F,NCD_CNCR,676.0
2017,KG11,F,NCD_CNCR,696.0
2018,KG11,F,NCD_CNCR,713.0
2019,KG11,F,NCD_CNCR,646.0
2007,KG21,,NCD_CNCR,468.0
2008,KG21,,NCD_CNCR,505.0
2009,KG21,,NCD_CNCR,503.0
2010,KG21,,NCD_CNCR,462.0
2011,KG21,,NCD_CNCR,582.0
2012,KG21,,NCD_CNCR,504.0
2013,KG21,,NCD_CNCR,647.0
2014,KG21,,NCD_CNCR,523.0
2015,KG21,,NCD_CNCR,513.0
2016,KG21,,NCD_CNCR,549.0
2017,KG21,,NCD_CNCR,533.0
2018,KG21,,NCD_CNCR,653.0
2019,KG21,,NCD_CNCR,588.0
2020,KG21,,NCD_CNCR,520.0
2007,KG21,M,NCD_CNCR,504.0
2008,KG21,M,NCD_CNCR,615.0
2009,KG21,M,NCD_CNCR,612.0
2010,KG21,M,NCD_CNCR,542.0
2011,KG21,M,NCD_CNCR,710.0
2012,KG21,M,NCD_CNCR,565.0
2013,KG21,M,NCD_CNCR,673.0
2014,KG21,M,NCD_CNCR,489.0
2015,KG21,M,NCD_CNCR,509.0
2016,KG21,M,NCD_CNCR,646.0
2017,KG21,M,NCD_CNCR,442.0
2018,KG21,M,NCD_CNCR,730.0
2019,KG21,M,NCD_CNCR,560.0
2007,KG21,F,NCD_CNCR,435.0
2008,KG21,F,NCD_CNCR,403.0
2009,KG21,F,NCD_CNCR,402.0
2010,KG21,F,NCD_CNCR,388.0
2011,KG21,F,NCD_CNCR,465.0
2012,KG21,F,NCD_CNCR,447.0
2013,KG21,F,NCD_CNCR,623.0
2014,KG21,F,NCD_CNCR,555.0
2015,KG21,F,NCD_CNCR,516.0
2016,KG21,F,NCD_CNCR,458.0
2017,KG21,F,NCD_CNCR,617.0
2018,KG21,F,NCD_CNCR,580.0
2019,KG21,F,NCD_CNCR,615.0
2007,,,NCD_DIABTS,69.0
2008,,,NCD_DIABTS,68.0
2009,,,NCD_DIABTS,62.0
2010,,,NCD_DIABTS,57.0
2011,,,NCD_DIABTS,58.0
2012,,,NCD_DIABTS,53.0
2013,,,NCD_DIABTS,69.0
2014,,,NCD_DIABTS,72.0
2015,,,NCD_DIABTS,60.0
2016,,,NCD_DIABTS,67.0
2017,,,NCD_DIABTS,68.0
2018,,,NCD_DIABTS,73.0
2019,,,NCD_DIABTS,70.0
2020,,,NCD_DIABTS,98.0
2007,,M,NCD_DIABTS,65.0
2008,,M,NCD_DIABTS,59.0
2009,,M,NCD_DIABTS,54.0
2010,,M,NCD_DIABTS,49.0
2011,,M,NCD_DIABTS,51.0
2012,,M,NCD_DIABTS,51.0
2013,,M,NCD_DIABTS,57.0
2014,,M,NCD_DIABTS,67.0
2015,,M,NCD_DIABTS,52.0
2016,,M,NCD_DIABTS,54.0
2017,,M,NCD_DIABTS,62.0
2018,,M,NCD_DIABTS,64.0
2019,,M,NCD_DIABTS,65.0
2020,,M,NCD_DIABTS,90.0
2007,,F,NCD_DIABTS,73.0
2008,,F,NCD_DIABTS,78.0
2009,,F,NCD_DIABTS,70.0
2010,,F,NCD_DIABTS,64.0
2011,,F,NCD_DIABTS,64.0
2012,,F,NCD_DIABTS,56.0
2013,,F,NCD_DIABTS,81.0
2014,,F,NCD_DIABTS,76.0
2015,,F,NCD_DIABTS,68.0
2016,,F,NCD_DIABTS,80.0
2017,,F,NCD_DIABTS,74.0
2018,,F,NCD_DIABTS,83.0
2019,,F,NCD_DIABTS,76.0
2020,,F,NCD_DIABTS,107.0
2007,KG05,,NCD_DIABTS,81.0
2008,KG05,,NCD_DIABTS,57.0
2009,KG05,,NCD_DIABTS,46.0
2010,KG05,,NCD_DIABTS,41.0
2011,KG05,,NCD_DIABTS,31.0
2012,KG05,,NCD_DIABTS,55.0
2013,KG05,,NCD_DIABTS,45.0
2014,KG05,,NCD_DIABTS,59.0
2015,KG05,,NCD_DIABTS,62.0
2016,KG05,,NCD_DIABTS,70.0
2017,KG05,,NCD_DIABTS,61.0
2018,KG05,,NCD_DIABTS,54.0
2019,KG05,,NCD_DIABTS,73.0
2020,KG05,,NCD_DIABTS,83.0
2007,KG05,M,NCD_DIABTS,79.0
2008,KG05,M,NCD_DIABTS,28.0
2009,KG05,M,NCD_DIABTS,37.0
2010,KG05,M,NCD_DIABTS,13.0
2011,KG05,M,NCD_DIABTS,35.0
2012,KG05,M,NCD_DIABTS,61.0
2013,KG05,M,NCD_DIABTS,51.0
2014,KG05,M,NCD_DIABTS,70.0
2015,KG05,M,NCD_DIABTS,65.0
2016,KG05,M,NCD_DIABTS,75.0
2017,KG05,M,NCD_DIABTS,58.0
2018,KG05,M,NCD_DIABTS,60.0
2019,KG05,M,NCD_DIABTS,81.0
2020,KG05,M,NCD_DIABTS,90.0
2007,KG05,F,NCD_DIABTS,82.0
2008,KG05,F,NCD_DIABTS,86.0
2009,KG05,F,NCD_DIABTS,57.0
2010,KG05,F,NCD_DIABTS,70.0
2011,KG05,F,NCD_DIABTS,27.0
2012,KG05,F,NCD_DIABTS,49.0
2013,KG05,F,NCD_DIABTS,39.0
2014,KG05,F,NCD_DIABTS,47.0
2015,KG05,F,NCD_DIABTS,59.0
2016,KG05,F,NCD_DIABTS,65.0
2017,KG05,F,NCD_DIABTS,64.0
2018,KG05,F,NCD_DIABTS,47.0
2019,KG05,F,NCD_DIABTS,65.0
2020,KG05,F,NCD_DIABTS,75.0
2007,KG03,,NCD_DIABTS,66.0
2008,KG03,,NCD_DIABTS,91.0
2009,KG03,,NCD_DIABTS,84.0
2010,KG03,,NCD_DIABTS,77.0
2011,KG03,,NCD_DIABTS,79.0
2012,KG03,,NCD_DIABTS,76.0
2013,KG03,,NCD_DIABTS,96.0
2014,KG03,,NCD_DIABTS,106.0
2015,KG03,,NCD_DIABTS,90.0
2016,KG03,,NCD_DIABTS,86.0
2017,KG03,,NCD_DIABTS,88.0
2018,KG03,,NCD_DIABTS,104.0
2019,KG03,,NCD_DIABTS,104.0
2020,KG03,,NCD_DIABTS,160.0
2007,KG03,M,NCD_DIABTS,69.0
2008,KG03,M,NCD_DIABTS,88.0
2009,KG03,M,NCD_DIABTS,77.0
2010,KG03,M,NCD_DIABTS,68.0
2011,KG03,M,NCD_DIABTS,80.0
2012,KG03,M,NCD_DIABTS,75.0
2013,KG03,M,NCD_DIABTS,66.0
2014,KG03,M,NCD_DIABTS,99.0
2015,KG03,M,NCD_DIABTS,84.0
2016,KG03,M,NCD_DIABTS,60.0
2017,KG03,M,NCD_DIABTS,74.0
2018,KG03,M,NCD_DIABTS,74.0
2019,KG03,M,NCD_DIABTS,86.0
2020,KG03,M,NCD_DIABTS,156.0
2007,KG03,F,NCD_DIABTS,63.0
2008,KG03,F,NCD_DIABTS,94.0
2009,KG03,F,NCD_DIABTS,91.0
2010,KG03,F,NCD_DIABTS,86.0
2011,KG03,F,NCD_DIABTS,79.0
2012,KG03,F,NCD_DIABTS,77.0
2013,KG03,F,NCD_DIABTS,125.0
2014,KG03,F,NCD_DIABTS,114.0
2015,KG03,F,NCD_DIABTS,96.0
2016,KG03,F,NCD_DIABTS,111.0
2017,KG03,F,NCD_DIABTS,102.0
2018,KG03,F,NCD_DIABTS,134.0
2019,KG03,F,NCD_DIABTS,123.0
2020,KG03,F,NCD_DIABTS,164.0
2007,KG02,,NCD_DIABTS,104.0
2008,KG02,,NCD_DIABTS,62.0
2009,KG02,,NCD_DIABTS,82.0
2010,KG02,,NCD_DIABTS,81.0
2011,KG02,,NCD_DIABTS,69.0
2012,KG02,,NCD_DIABTS,64.0
2013,KG02,,NCD_DIABTS,90.0
2014,KG02,,NCD_DIABTS,89.0
2015,KG02,,NCD_DIABTS,62.0
2016,KG02,,NCD_DIABTS,70.0
2017,KG02,,NCD_DIABTS,104.0
2018,KG02,,NCD_DIABTS,132.0
2019,KG02,,NCD_DIABTS,91.0
2020,KG02,,NCD_DIABTS,146.0
2007,KG02,M,NCD_DIABTS,89.0
2008,KG02,M,NCD_DIABTS,42.0
2009,KG02,M,NCD_DIABTS,87.0
2010,KG02,M,NCD_DIABTS,73.0
2011,KG02,M,NCD_DIABTS,54.0
2012,KG02,M,NCD_DIABTS,67.0
2013,KG02,M,NCD_DIABTS,80.0
2014,KG02,M,NCD_DIABTS,79.0
2015,KG02,M,NCD_DIABTS,47.0
2016,KG02,M,NCD_DIABTS,59.0
2017,KG02,M,NCD_DIABTS,130.0
2018,KG02,M,NCD_DIABTS,111.0
2019,KG02,M,NCD_DIABTS,77.0
2020,KG02,M,NCD_DIABTS,133.0
2007,KG02,F,NCD_DIABTS,118.0
2008,KG02,F,NCD_DIABTS,81.0
2009,KG02,F,NCD_DIABTS,77.0
2010,KG02,F,NCD_DIABTS,89.0
2011,KG02,F,NCD_DIABTS,84.0
2012,KG02,F,NCD_DIABTS,62.0
2013,KG02,F,NCD_DIABTS,100.0
2014,KG02,F,NCD_DIABTS,99.0
2015,KG02,F,NCD_DIABTS,77.0
2016,KG02,F,NCD_DIABTS,80.0
2017,KG02,F,NCD_DIABTS,79.0
2018,KG02,F,NCD_DIABTS,152.0
2019,KG02,F,NCD_DIABTS,105.0
2020,KG02,F,NCD_DIABTS,160.0
2007,KG04,,NCD_DIABTS,54.0
2008,KG04,,NCD_DIABTS,39.0
2009,KG04,,NCD_DIABTS,66.0
2010,KG04,,NCD_DIABTS,42.0
2011,KG04,,NCD_DIABTS,61.0
2012,KG04,,NCD_DIABTS,38.0
2013,KG04,,NCD_DIABTS,37.0
2014,KG04,,NCD_DIABTS,70.0
2015,KG04,,NCD_DIABTS,47.0
2016,KG04,,NCD_DIABTS,50.0
2017,KG04,,NCD_DIABTS,39.0
2018,KG04,,NCD_DIABTS,74.0
2019,KG04,,NCD_DIABTS,76.0
2020,KG04,,NCD_DIABTS,96.0
2007,KG04,M,NCD_DIABTS,54.0
2008,KG04,M,NCD_DIABTS,31.0
2009,KG04,M,NCD_DIABTS,46.0
2010,KG04,M,NCD_DIABTS,15.0
2011,KG04,M,NCD_DIABTS,60.0
2012,KG04,M,NCD_DIABTS,15.0
2013,KG04,M,NCD_DIABTS,37.0
2014,KG04,M,NCD_DIABTS,72.0
2015,KG04,M,NCD_DIABTS,43.0
2016,KG04,M,NCD_DIABTS,71.0
2017,KG04,M,NCD_DIABTS,21.0
2018,KG04,M,NCD_DIABTS,55.0
2019,KG04,M,NCD_DIABTS,55.0
2020,KG04,M,NCD_DIABTS,81.0
2007,KG04,F,NCD_DIABTS,55.0
2008,KG04,F,NCD_DIABTS,47.0
2009,KG04,F,NCD_DIABTS,86.0
2010,KG04,F,NCD_DIABTS,70.0
2011,KG04,F,NCD_DIABTS,62.0
2012,KG04,F,NCD_DIABTS,61.0
2013,KG04,F,NCD_DIABTS,38.0
2014,KG04,F,NCD_DIABTS,67.0
2015,KG04,F,NCD_DIABTS,51.0
2016,KG04,F,NCD_DIABTS,29.0
2017,KG04,F,NCD_DIABTS,58.0
2018,KG04,F,NCD_DIABTS,93.0
2019,KG04,F,NCD_DIABTS,99.0
2020,KG04,F,NCD_DIABTS,112.0
2007,KG06,,NCD_DIABTS,65.0
2008,KG06,,NCD_DIABTS,54.0
2009,KG06,,NCD_DIABTS,56.0
2010,KG06,,NCD_DIABTS,52.0
2011,KG06,,NCD_DIABTS,47.0
2012,KG06,,NCD_DIABTS,47.0
2013,KG06,,NCD_DIABTS,48.0
2014,KG06,,NCD_DIABTS,51.0
2015,KG06,,NCD_DIABTS,57.0
2016,KG06,,NCD_DIABTS,55.0
2017,KG06,,NCD_DIABTS,61.0
2018,KG06,,NCD_DIABTS,66.0
2019,KG06,,NCD_DIABTS,68.0
2020,KG06,,NCD_DIABTS,76.0
2007,KG06,M,NCD_DIABTS,59.0
2008,KG06,M,NCD_DIABTS,53.0
2009,KG06,M,NCD_DIABTS,43.0
2010,KG06,M,NCD_DIABTS,49.0
2011,KG06,M,NCD_DIABTS,47.0
2012,KG06,M,NCD_DIABTS,34.0
2013,KG06,M,NCD_DIABTS,47.0
2014,KG06,M,NCD_DIABTS,49.0
2015,KG06,M,NCD_DIABTS,49.0
2016,KG06,M,NCD_DIABTS,42.0
2017,KG06,M,NCD_DIABTS,58.0
2018,KG06,M,NCD_DIABTS,70.0
2019,KG06,M,NCD_DIABTS,73.0
2020,KG06,M,NCD_DIABTS,60.0
2007,KG06,F,NCD_DIABTS,71.0
2008,KG06,F,NCD_DIABTS,55.0
2009,KG06,F,NCD_DIABTS,69.0
2010,KG06,F,NCD_DIABTS,54.0
2011,KG06,F,NCD_DIABTS,46.0
2012,KG06,F,NCD_DIABTS,61.0
2013,KG06,F,NCD_DIABTS,49.0
2014,KG06,F,NCD_DIABTS,53.0
2015,KG06,F,NCD_DIABTS,65.0
2016,KG06,F,NCD_DIABTS,68.0
2017,KG06,F,NCD_DIABTS,64.0
2018,KG06,F,NCD_DIABTS,62.0
2019,KG06,F,NCD_DIABTS,63.0
2020,KG06,F,NCD_DIABTS,92.0
2007,KG07,,NCD_DIABTS,76.0
2008,KG07,,NCD_DIABTS,76.0
2009,KG07,,NCD_DIABTS,101.0
2010,KG07,,NCD_DIABTS,52.0
2011,KG07,,NCD_DIABTS,30.0
2012,KG07,,NCD_DIABTS,42.0
2013,KG07,,NCD_DIABTS,62.0
2014,KG07,,NCD_DIABTS,49.0
2015,KG07,,NCD_DIABTS,8.0
2016,KG07,,NCD_DIABTS,28.0
2017,KG07,,NCD_DIABTS,35.0
2018,KG07,,NCD_DIABTS,31.0
2019,KG07,,NCD_DIABTS,30.0
2020,KG07,,NCD_DIABTS,56.0
2007,KG07,M,NCD_DIABTS,72.0
2008,KG07,M,NCD_DIABTS,80.0
2009,KG07,M,NCD_DIABTS,105.0
2010,KG07,M,NCD_DIABTS,52.0
2011,KG07,M,NCD_DIABTS,17.0
2012,KG07,M,NCD_DIABTS,50.0
2013,KG07,M,NCD_DIABTS,58.0
2014,KG07,M,NCD_DIABTS,49.0
2015,KG07,M,NCD_DIABTS,8.0
2016,KG07,M,NCD_DIABTS,16.0
2017,KG07,M,NCD_DIABTS,39.0
2018,KG07,M,NCD_DIABTS,15.0
2019,KG07,M,NCD_DIABTS,30.0
2020,KG07,M,NCD_DIABTS,37.0
2007,KG07,F,NCD_DIABTS,81.0
2008,KG07,F,NCD_DIABTS,71.0
2009,KG07,F,NCD_DIABTS,97.0
2010,KG07,F,NCD_DIABTS,52.0
2011,KG07,F,NCD_DIABTS,43.0
2012,KG07,F,NCD_DIABTS,34.0
2013,KG07,F,NCD_DIABTS,67.0
2014,KG07,F,NCD_DIABTS,49.0
2015,KG07,F,NCD_DIABTS,8.0
2016,KG07,F,NCD_DIABTS,40.0
2017,KG07,F,NCD_DIABTS,31.0
2018,KG07,F,NCD_DIABTS,46.0
2019,KG07,F,NCD_DIABTS,30.0
2020,KG07,F,NCD_DIABTS,75.0
2007,KG08,,NCD_DIABTS,77.0
2008,KG08,,NCD_DIABTS,79.0
2009,KG08,,NCD_DIABTS,47.0
2010,KG08,,NCD_DIABTS,57.0
2011,KG08,,NCD_DIABTS,72.0
2012,KG08,,NCD_DIABTS,48.0
2013,KG08,,NCD_DIABTS,79.0
2014,KG08,,NCD_DIABTS,95.0
2015,KG08,,NCD_DIABTS,74.0
2016,KG08,,NCD_DIABTS,86.0
2017,KG08,,NCD_DIABTS,66.0
2018,KG08,,NCD_DIABTS,72.0
2019,KG08,,NCD_DIABTS,66.0
2020,KG08,,NCD_DIABTS,91.0
2007,KG08,M,NCD_DIABTS,62.0
2008,KG08,M,NCD_DIABTS,71.0
2009,KG08,M,NCD_DIABTS,38.0
2010,KG08,M,NCD_DIABTS,63.0
2011,KG08,M,NCD_DIABTS,60.0
2012,KG08,M,NCD_DIABTS,54.0
2013,KG08,M,NCD_DIABTS,55.0
2014,KG08,M,NCD_DIABTS,87.0
2015,KG08,M,NCD_DIABTS,51.0
2016,KG08,M,NCD_DIABTS,68.0
2017,KG08,M,NCD_DIABTS,53.0
2018,KG08,M,NCD_DIABTS,57.0
2019,KG08,M,NCD_DIABTS,56.0
2020,KG08,M,NCD_DIABTS,63.0
2007,KG08,F,NCD_DIABTS,92.0
2008,KG08,F,NCD_DIABTS,86.0
2009,KG08,F,NCD_DIABTS,56.0
2010,KG08,F,NCD_DIABTS,51.0
2011,KG08,F,NCD_DIABTS,84.0
2012,KG08,F,NCD_DIABTS,43.0
2013,KG08,F,NCD_DIABTS,102.0
2014,KG08,F,NCD_DIABTS,103.0
2015,KG08,F,NCD_DIABTS,96.0
2016,KG08,F,NCD_DIABTS,103.0
2017,KG08,F,NCD_DIABTS,78.0
2018,KG08,F,NCD_DIABTS,87.0
2019,KG08,F,NCD_DIABTS,77.0
2020,KG08,F,NCD_DIABTS,118.0
2007,KG11,,NCD_DIABTS,40.0
2008,KG11,,NCD_DIABTS,52.0
2009,KG11,,NCD_DIABTS,46.0
2010,KG11,,NCD_DIABTS,40.0
2011,KG11,,NCD_DIABTS,40.0
2012,KG11,,NCD_DIABTS,40.0
2013,KG11,,NCD_DIABTS,49.0
2014,KG11,,NCD_DIABTS,38.0
2015,KG11,,NCD_DIABTS,32.0
2016,KG11,,NCD_DIABTS,50.0
2017,KG11,,NCD_DIABTS,43.0
2018,KG11,,NCD_DIABTS,34.0
2019,KG11,,NCD_DIABTS,28.0
2020,KG11,,NCD_DIABTS,47.0
2007,KG11,M,NCD_DIABTS,45.0
2008,KG11,M,NCD_DIABTS,36.0
2009,KG11,M,NCD_DIABTS,44.0
2010,KG11,M,NCD_DIABTS,33.0
2011,KG11,M,NCD_DIABTS,25.0
2012,KG11,M,NCD_DIABTS,36.0
2013,KG11,M,NCD_DIABTS,57.0
2014,KG11,M,NCD_DIABTS,32.0
2015,KG11,M,NCD_DIABTS,29.0
2016,KG11,M,NCD_DIABTS,42.0
2017,KG11,M,NCD_DIABTS,39.0
2018,KG11,M,NCD_DIABTS,27.0
2019,KG11,M,NCD_DIABTS,20.0
2020,KG11,M,NCD_DIABTS,58.0
2007,KG11,F,NCD_DIABTS,37.0
2008,KG11,F,NCD_DIABTS,65.0
2009,KG11,F,NCD_DIABTS,49.0
2010,KG11,F,NCD_DIABTS,46.0
2011,KG11,F,NCD_DIABTS,54.0
2012,KG11,F,NCD_DIABTS,42.0
2013,KG11,F,NCD_DIABTS,41.0
2014,KG11,F,NCD_DIABTS,42.0
2015,KG11,F,NCD_DIABTS,34.0
2016,KG11,F,NCD_DIABTS,56.0
2017,KG11,F,NCD_DIABTS,47.0
2018,KG11,F,NCD_DIABTS,39.0
2019,KG11,F,NCD_DIABTS,34.0
2020,KG11,F,NCD_DIABTS,37.0
2007,KG21,,NCD_DIABTS,94.0
2008,KG21,,NCD_DIABTS,117.0
2009,KG21,,NCD_DIABTS,58.0
2010,KG21,,NCD_DIABTS,62.0
2011,KG21,,NCD_DIABTS,86.0
2012,KG21,,NCD_DIABTS,54.0
2013,KG21,,NCD_DIABTS,133.0
2014,KG21,,NCD_DIABTS,78.0
2015,KG21,,NCD_DIABTS,62.0
2016,KG21,,NCD_DIABTS,90.0
2017,KG21,,NCD_DIABTS,119.0
2018,KG21,,NCD_DIABTS,95.0
2019,KG21,,NCD_DIABTS,95.0
2020,KG21,,NCD_DIABTS,139.0
2007,KG21,M,NCD_DIABTS,81.0
2008,KG21,M,NCD_DIABTS,89.0
2009,KG21,M,NCD_DIABTS,32.0
2010,KG21,M,NCD_DIABTS,40.0
2011,KG21,M,NCD_DIABTS,57.0
2012,KG21,M,NCD_DIABTS,48.0
2013,KG21,M,NCD_DIABTS,55.0
2014,KG21,M,NCD_DIABTS,54.0
2015,KG21,M,NCD_DIABTS,38.0
2016,KG21,M,NCD_DIABTS,52.0
2017,KG21,M,NCD_DIABTS,87.0
2018,KG21,M,NCD_DIABTS,112.0
2019,KG21,M,NCD_DIABTS,101.0
2020,KG21,M,NCD_DIABTS,130.0
2007,KG21,F,NCD_DIABTS,105.0
2008,KG21,F,NCD_DIABTS,142.0
2009,KG21,F,NCD_DIABTS,82.0
2010,KG21,F,NCD_DIABTS,82.0
2011,KG21,F,NCD_DIABTS,113.0
2012,KG21,F,NCD_DIABTS,60.0
2013,KG21,F,NCD_DIABTS,205.0
2014,KG21,F,NCD_DIABTS,101.0
2015,KG21,F,NCD_DIABTS,85.0
2016,KG21,F,NCD_DIABTS,125.0
2017,KG21,F,NCD_DIABTS,149.0
2018,KG21,F,NCD_DIABTS,79.0
2019,KG21,F,NCD_DIABTS,89.0
2020,KG21,F,NCD_DIABTS,147.0
2007,,,NCD_CRESPD,397.0
2008,,,NCD_CRESPD,385.0
2009,,,NCD_CRESPD,327.0
2010,,,NCD_CRESPD,304.0
2011,,,NCD_CRESPD,271.0
2012,,,NCD_CRESPD,261.0
2013,,,NCD_CRESPD,212.0
2014,,,NCD_CRESPD,216.0
2015,,,NCD_CRESPD,189.0
2016,,,NCD_CRESPD,190.0
2017,,,NCD_CRESPD,17.6
2018,,,NCD_CRESPD,16.3
2019,,,NCD_CRESPD,164.0
2020,,,NCD_CRESPD,172.0
2007,,M,NCD_CRESPD,472.0
2008,,M,NCD_CRESPD,453.0
2009,,M,NCD_CRESPD,382.0
2010,,M,NCD_CRESPD,355.0
2011,,M,NCD_CRESPD,313.0
2012,,M,NCD_CRESPD,309.0
2013,,M,NCD_CRESPD,250.0
2014,,M,NCD_CRESPD,256.0
2015,,M,NCD_CRESPD,217.0
2016,,M,NCD_CRESPD,216.0
2017,,M,NCD_CRESPD,214.0
2018,,M,NCD_CRESPD,194.0
2019,,M,NCD_CRESPD,195.0
2020,,M,NCD_CRESPD,196.0
2007,,F,NCD_CRESPD,323.0
2008,,F,NCD_CRESPD,319.0
2009,,F,NCD_CRESPD,273.0
2010,,F,NCD_CRESPD,255.0
2011,,F,NCD_CRESPD,230.0
2012,,F,NCD_CRESPD,214.0
2013,,F,NCD_CRESPD,174.0
2014,,F,NCD_CRESPD,178.0
2015,,F,NCD_CRESPD,162.0
2016,,F,NCD_CRESPD,164.0
2017,,F,NCD_CRESPD,138.0
2018,,F,NCD_CRESPD,133.0
2019,,F,NCD_CRESPD,133.0
2020,,F,NCD_CRESPD,148.0
2007,KG05,,NCD_CRESPD,432.0
2008,KG05,,NCD_CRESPD,450.0
2009,KG05,,NCD_CRESPD,367.0
2010,KG05,,NCD_CRESPD,311.0
2011,KG05,,NCD_CRESPD,283.0
2012,KG05,,NCD_CRESPD,150.0
2013,KG05,,NCD_CRESPD,162.0
2014,KG05,,NCD_CRESPD,156.0
2015,KG05,,NCD_CRESPD,173.0
2016,KG05,,NCD_CRESPD,165.0
2017,KG05,,NCD_CRESPD,169.0
2018,KG05,,NCD_CRESPD,142.0
2019,KG05,,NCD_CRESPD,98.0
2020,KG05,,NCD_CRESPD,105.0
2007,KG05,M,NCD_CRESPD,467.0
2008,KG05,M,NCD_CRESPD,514.0
2009,KG05,M,NCD_CRESPD,429.0
2010,KG05,M,NCD_CRESPD,301.0
2011,KG05,M,NCD_CRESPD,319.0
2012,KG05,M,NCD_CRESPD,161.0
2013,KG05,M,NCD_CRESPD,161.0
2014,KG05,M,NCD_CRESPD,170.0
2015,KG05,M,NCD_CRESPD,182.0
2016,KG05,M,NCD_CRESPD,178.0
2017,KG05,M,NCD_CRESPD,193.0
2018,KG05,M,NCD_CRESPD,159.0
2019,KG05,M,NCD_CRESPD,103.0
2020,KG05,M,NCD_CRESPD,94.0
2007,KG05,F,NCD_CRESPD,396.0
2008,KG05,F,NCD_CRESPD,383.0
2009,KG05,F,NCD_CRESPD,303.0
2010,KG05,F,NCD_CRESPD,321.0
2011,KG05,F,NCD_CRESPD,246.0
2012,KG05,F,NCD_CRESPD,139.0
2013,KG05,F,NCD_CRESPD,162.0
2014,KG05,F,NCD_CRESPD,141.0
2015,KG05,F,NCD_CRESPD,163.0
2016,KG05,F,NCD_CRESPD,151.0
2017,KG05,F,NCD_CRESPD,144.0
2018,KG05,F,NCD_CRESPD,126.0
2019,KG05,F,NCD_CRESPD,92.0
2020,KG05,F,NCD_CRESPD,116.0
2007,KG03,,NCD_CRESPD,296.0
2008,KG03,,NCD_CRESPD,314.0
2009,KG03,,NCD_CRESPD,274.0
2010,KG03,,NCD_CRESPD,270.0
2011,KG03,,NCD_CRESPD,204.0
2012,KG03,,NCD_CRESPD,210.0
2013,KG03,,NCD_CRESPD,172.0
2014,KG03,,NCD_CRESPD,229.0
2015,KG03,,NCD_CRESPD,204.0
2016,KG03,,NCD_CRESPD,159.0
2017,KG03,,NCD_CRESPD,160.0
2018,KG03,,NCD_CRESPD,162.0
2019,KG03,,NCD_CRESPD,157.0
2020,KG03,,NCD_CRESPD,177.0
2007,KG03,M,NCD_CRESPD,326.0
2008,KG03,M,NCD_CRESPD,374.0
2009,KG03,M,NCD_CRESPD,291.0
2010,KG03,M,NCD_CRESPD,303.0
2011,KG03,M,NCD_CRESPD,235.0
2012,KG03,M,NCD_CRESPD,242.0
2013,KG03,M,NCD_CRESPD,209.0
2014,KG03,M,NCD_CRESPD,250.0
2015,KG03,M,NCD_CRESPD,227.0
2016,KG03,M,NCD_CRESPD,174.0
2017,KG03,M,NCD_CRESPD,174.0
2018,KG03,M,NCD_CRESPD,180.0
2019,KG03,M,NCD_CRESPD,180.0
2020,KG03,M,NCD_CRESPD,194.0
2007,KG03,F,NCD_CRESPD,265.0
2008,KG03,F,NCD_CRESPD,254.0
2009,KG03,F,NCD_CRESPD,256.0
2010,KG03,F,NCD_CRESPD,237.0
2011,KG03,F,NCD_CRESPD,172.0
2012,KG03,F,NCD_CRESPD,179.0
2013,KG03,F,NCD_CRESPD,135.0
2014,KG03,F,NCD_CRESPD,208.0
2015,KG03,F,NCD_CRESPD,181.0
2016,KG03,F,NCD_CRESPD,144.0
2017,KG03,F,NCD_CRESPD,147.0
2018,KG03,F,NCD_CRESPD,144.0
2019,KG03,F,NCD_CRESPD,135.0
2020,KG03,F,NCD_CRESPD,159.0
2007,KG02,,NCD_CRESPD,917.0
2008,KG02,,NCD_CRESPD,914.0
2009,KG02,,NCD_CRESPD,733.0
2010,KG02,,NCD_CRESPD,702.0
2011,KG02,,NCD_CRESPD,630.0
2012,KG02,,NCD_CRESPD,677.0
2013,KG02,,NCD_CRESPD,515.0
2014,KG02,,NCD_CRESPD,462.0
2015,KG02,,NCD_CRESPD,409.0
2016,KG02,,NCD_CRESPD,458.0
2017,KG02,,NCD_CRESPD,438.0
2018,KG02,,NCD_CRESPD,345.0
2019,KG02,,NCD_CRESPD,383.0
2020,KG02,,NCD_CRESPD,351.0
2007,KG02,M,NCD_CRESPD,1216.0
2008,KG02,M,NCD_CRESPD,1073.0
2009,KG02,M,NCD_CRESPD,810.0
2010,KG02,M,NCD_CRESPD,880.0
2011,KG02,M,NCD_CRESPD,696.0
2012,KG02,M,NCD_CRESPD,810.0
2013,KG02,M,NCD_CRESPD,667.0
2014,KG02,M,NCD_CRESPD,585.0
2015,KG02,M,NCD_CRESPD,491.0
2016,KG02,M,NCD_CRESPD,569.0
2017,KG02,M,NCD_CRESPD,549.0
2018,KG02,M,NCD_CRESPD,446.0
2019,KG02,M,NCD_CRESPD,468.0
2020,KG02,M,NCD_CRESPD,423.0
2007,KG02,F,NCD_CRESPD,627.0
2008,KG02,F,NCD_CRESPD,760.0
2009,KG02,F,NCD_CRESPD,657.0
2010,KG02,F,NCD_CRESPD,527.0
2011,KG02,F,NCD_CRESPD,564.0
2012,KG02,F,NCD_CRESPD,546.0
2013,KG02,F,NCD_CRESPD,366.0
2014,KG02,F,NCD_CRESPD,340.0
2015,KG02,F,NCD_CRESPD,328.0
2016,KG02,F,NCD_CRESPD,349.0
2017,KG02,F,NCD_CRESPD,328.0
2018,KG02,F,NCD_CRESPD,246.0
2019,KG02,F,NCD_CRESPD,299.0
2020,KG02,F,NCD_CRESPD,279.0
2007,KG04,,NCD_CRESPD,1058.0
2008,KG04,,NCD_CRESPD,1019.0
2009,KG04,,NCD_CRESPD,887.0
2010,KG04,,NCD_CRESPD,836.0
2011,KG04,,NCD_CRESPD,785.0
2012,KG04,,NCD_CRESPD,889.0
2013,KG04,,NCD_CRESPD,823.0
2014,KG04,,NCD_CRESPD,755.0
2015,KG04,,NCD_CRESPD,634.0
2016,KG04,,NCD_CRESPD,619.0
2017,KG04,,NCD_CRESPD,474.0
2018,KG04,,NCD_CRESPD,403.0
2019,KG04,,NCD_CRESPD,496.0
2020,KG04,,NCD_CRESPD,488.0
2007,KG04,M,NCD_CRESPD,1087.0
2008,KG04,M,NCD_CRESPD,962.0
2009,KG04,M,NCD_CRESPD,888.0
2010,KG04,M,NCD_CRESPD,788.0
2011,KG04,M,NCD_CRESPD,823.0
2012,KG04,M,NCD_CRESPD,910.0
2013,KG04,M,NCD_CRESPD,811.0
2014,KG04,M,NCD_CRESPD,794.0
2015,KG04,M,NCD_CRESPD,664.0
2016,KG04,M,NCD_CRESPD,557.0
2017,KG04,M,NCD_CRESPD,494.0
2018,KG04,M,NCD_CRESPD,434.0
2019,KG04,M,NCD_CRESPD,539.0
2020,KG04,M,NCD_CRESPD,513.0
2007,KG04,F,NCD_CRESPD,1028.0
2008,KG04,F,NCD_CRESPD,1077.0
2009,KG04,F,NCD_CRESPD,885.0
2010,KG04,F,NCD_CRESPD,886.0
2011,KG04,F,NCD_CRESPD,746.0
2012,KG04,F,NCD_CRESPD,868.0
2013,KG04,F,NCD_CRESPD,836.0
2014,KG04,F,NCD_CRESPD,714.0
2015,KG04,F,NCD_CRESPD,603.0
2016,KG04,F,NCD_CRESPD,683.0
2017,KG04,F,NCD_CRESPD,454.0
2018,KG04,F,NCD_CRESPD,371.0
2019,KG04,F,NCD_CRESPD,452.0
2020,KG04,F,NCD_CRESPD,462.0
2007,KG06,,NCD_CRESPD,395.0
2008,KG06,,NCD_CRESPD,401.0
2009,KG06,,NCD_CRESPD,364.0
2010,KG06,,NCD_CRESPD,351.0
2011,KG06,,NCD_CRESPD,293.0
2012,KG06,,NCD_CRESPD,257.0
2013,KG06,,NCD_CRESPD,208.0
2014,KG06,,NCD_CRESPD,222.0
2015,KG06,,NCD_CRESPD,179.0
2016,KG06,,NCD_CRESPD,203.0
2017,KG06,,NCD_CRESPD,172.0
2018,KG06,,NCD_CRESPD,186.0
2019,KG06,,NCD_CRESPD,183.0
2020,KG06,,NCD_CRESPD,212.0
2007,KG06,M,NCD_CRESPD,434.0
2008,KG06,M,NCD_CRESPD,456.0
2009,KG06,M,NCD_CRESPD,426.0
2010,KG06,M,NCD_CRESPD,395.0
2011,KG06,M,NCD_CRESPD,323.0
2012,KG06,M,NCD_CRESPD,294.0
2013,KG06,M,NCD_CRESPD,228.0
2014,KG06,M,NCD_CRESPD,240.0
2015,KG06,M,NCD_CRESPD,187.0
2016,KG06,M,NCD_CRESPD,215.0
2017,KG06,M,NCD_CRESPD,216.0
2018,KG06,M,NCD_CRESPD,206.0
2019,KG06,M,NCD_CRESPD,193.0
2020,KG06,M,NCD_CRESPD,216.0
2007,KG06,F,NCD_CRESPD,357.0
2008,KG06,F,NCD_CRESPD,345.0
2009,KG06,F,NCD_CRESPD,302.0
2010,KG06,F,NCD_CRESPD,306.0
2011,KG06,F,NCD_CRESPD,263.0
2012,KG06,F,NCD_CRESPD,219.0
2013,KG06,F,NCD_CRESPD,189.0
2014,KG06,F,NCD_CRESPD,203.0
2015,KG06,F,NCD_CRESPD,172.0
2016,KG06,F,NCD_CRESPD,190.0
2017,KG06,F,NCD_CRESPD,127.0
2018,KG06,F,NCD_CRESPD,166.0
2019,KG06,F,NCD_CRESPD,173.0
2020,KG06,F,NCD_CRESPD,208.0
2007,KG07,,NCD_CRESPD,260.0
2008,KG07,,NCD_CRESPD,204.0
2009,KG07,,NCD_CRESPD,171.0
2010,KG07,,NCD_CRESPD,152.0
2011,KG07,,NCD_CRESPD,176.0
2012,KG07,,NCD_CRESPD,291.0
2013,KG07,,NCD_CRESPD,145.0
2014,KG07,,NCD_CRESPD,175.0
2015,KG07,,NCD_CRESPD,144.0
2016,KG07,,NCD_CRESPD,138.0
2017,KG07,,NCD_CRESPD,121.0
2018,KG07,,NCD_CRESPD,130.0
2019,KG07,,NCD_CRESPD,117.0
2020,KG07,,NCD_CRESPD,141.0
2007,KG07,M,NCD_CRESPD,296.0
2008,KG07,M,NCD_CRESPD,266.0
2009,KG07,M,NCD_CRESPD,219.0
2010,KG07,M,NCD_CRESPD,139.0
2011,KG07,M,NCD_CRESPD,179.0
2012,KG07,M,NCD_CRESPD,360.0
2013,KG07,M,NCD_CRESPD,165.0
2014,KG07,M,NCD_CRESPD,243.0
2015,KG07,M,NCD_CRESPD,135.0
2016,KG07,M,NCD_CRESPD,164.0
2017,KG07,M,NCD_CRESPD,85.0
2018,KG07,M,NCD_CRESPD,98.0
2019,KG07,M,NCD_CRESPD,134.0
2020,KG07,M,NCD_CRESPD,169.0
2007,KG07,F,NCD_CRESPD,224.0
2008,KG07,F,NCD_CRESPD,142.0
2009,KG07,F,NCD_CRESPD,123.0
2010,KG07,F,NCD_CRESPD,165.0
2011,KG07,F,NCD_CRESPD,172.0
2012,KG07,F,NCD_CRESPD,220.0
2013,KG07,F,NCD_CRESPD,125.0
2014,KG07,F,NCD_CRESPD,107.0
2015,KG07,F,NCD_CRESPD,154.0
2016,KG07,F,NCD_CRESPD,112.0
2017,KG07,F,NCD_CRESPD,157.0
2018,KG07,F,NCD_CRESPD,163.0
2019,KG07,F,NCD_CRESPD,99.0
2020,KG07,F,NCD_CRESPD,113.0
2007,KG08,,NCD_CRESPD,380.0
2008,KG08,,NCD_CRESPD,328.0
2009,KG08,,NCD_CRESPD,247.0
2010,KG08,,NCD_CRESPD,217.0
2011,KG08,,NCD_CRESPD,243.0
2012,KG08,,NCD_CRESPD,191.0
2013,KG08,,NCD_CRESPD,169.0
2014,KG08,,NCD_CRESPD,135.0
2015,KG08,,NCD_CRESPD,127.0
2016,KG08,,NCD_CRESPD,142.0
2017,KG08,,NCD_CRESPD,147.0
2018,KG08,,NCD_CRESPD,136.0
2019,KG08,,NCD_CRESPD,119.0
2020,KG08,,NCD_CRESPD,106.0
2007,KG08,M,NCD_CRESPD,489.0
2008,KG08,M,NCD_CRESPD,413.0
2009,KG08,M,NCD_CRESPD,326.0
2010,KG08,M,NCD_CRESPD,311.0
2011,KG08,M,NCD_CRESPD,308.0
2012,KG08,M,NCD_CRESPD,267.0
2013,KG08,M,NCD_CRESPD,233.0
2014,KG08,M,NCD_CRESPD,186.0
2015,KG08,M,NCD_CRESPD,178.0
2016,KG08,M,NCD_CRESPD,190.0
2017,KG08,M,NCD_CRESPD,202.0
2018,KG08,M,NCD_CRESPD,192.0
2019,KG08,M,NCD_CRESPD,175.0
2020,KG08,M,NCD_CRESPD,147.0
2007,KG08,F,NCD_CRESPD,275.0
2008,KG08,F,NCD_CRESPD,246.0
2009,KG08,F,NCD_CRESPD,171.0
2010,KG08,F,NCD_CRESPD,126.0
2011,KG08,F,NCD_CRESPD,180.0
2012,KG08,F,NCD_CRESPD,119.0
2013,KG08,F,NCD_CRESPD,107.0
2014,KG08,F,NCD_CRESPD,85.0
2015,KG08,F,NCD_CRESPD,78.0
2016,KG08,F,NCD_CRESPD,95.0
2017,KG08,F,NCD_CRESPD,93.0
2018,KG08,F,NCD_CRESPD,82.0
2019,KG08,F,NCD_CRESPD,64.0
2020,KG08,F,NCD_CRESPD,67.0
2007,KG11,,NCD_CRESPD,120.0
2008,KG11,,NCD_CRESPD,92.0
2009,KG11,,NCD_CRESPD,87.0
2010,KG11,,NCD_CRESPD,76.0
2011,KG11,,NCD_CRESPD,68.0
2012,KG11,,NCD_CRESPD,70.0
2013,KG11,,NCD_CRESPD,49.0
2014,KG11,,NCD_CRESPD,65.0
2015,KG11,,NCD_CRESPD,52.0
2016,KG11,,NCD_CRESPD,48.0
2017,KG11,,NCD_CRESPD,43.0
2018,KG11,,NCD_CRESPD,50.0
2019,KG11,,NCD_CRESPD,51.0
2020,KG11,,NCD_CRESPD,64.0
2007,KG11,M,NCD_CRESPD,168.0
2008,KG11,M,NCD_CRESPD,136.0
2009,KG11,M,NCD_CRESPD,134.0
2010,KG11,M,NCD_CRESPD,116.0
2011,KG11,M,NCD_CRESPD,99.0
2012,KG11,M,NCD_CRESPD,97.0
2013,KG11,M,NCD_CRESPD,64.0
2014,KG11,M,NCD_CRESPD,104.0
2015,KG11,M,NCD_CRESPD,75.0
2016,KG11,M,NCD_CRESPD,64.0
2017,KG11,M,NCD_CRESPD,73.0
2018,KG11,M,NCD_CRESPD,74.0
2019,KG11,M,NCD_CRESPD,76.0
2020,KG11,M,NCD_CRESPD,90.0
2007,KG11,F,NCD_CRESPD,78.0
2008,KG11,F,NCD_CRESPD,54.0
2009,KG11,F,NCD_CRESPD,47.0
2010,KG11,F,NCD_CRESPD,42.0
2011,KG11,F,NCD_CRESPD,41.0
2012,KG11,F,NCD_CRESPD,46.0
2013,KG11,F,NCD_CRESPD,35.0
2014,KG11,F,NCD_CRESPD,30.0
2015,KG11,F,NCD_CRESPD,32.0
2016,KG11,F,NCD_CRESPD,35.0
2017,KG11,F,NCD_CRESPD,17.0
2018,KG11,F,NCD_CRESPD,30.0
2019,KG11,F,NCD_CRESPD,29.0
2020,KG11,F,NCD_CRESPD,41.0
2007,KG21,,NCD_CRESPD,238.0
2008,KG21,,NCD_CRESPD,233.0
2009,KG21,,NCD_CRESPD,220.0
2010,KG21,,NCD_CRESPD,171.0
2011,KG21,,NCD_CRESPD,129.0
2012,KG21,,NCD_CRESPD,151.0
2013,KG21,,NCD_CRESPD,84.0
2014,KG21,,NCD_CRESPD,101.0
2015,KG21,,NCD_CRESPD,99.0
2016,KG21,,NCD_CRESPD,111.0
2017,KG21,,NCD_CRESPD,130.0
2018,KG21,,NCD_CRESPD,71.0
2019,KG21,,NCD_CRESPD,111.0
2020,KG21,,NCD_CRESPD,113.0
2007,KG21,M,NCD_CRESPD,334.0
2008,KG21,M,NCD_CRESPD,324.0
2009,KG21,M,NCD_CRESPD,298.0
2010,KG21,M,NCD_CRESPD,194.0
2011,KG21,M,NCD_CRESPD,179.0
2012,KG21,M,NCD_CRESPD,170.0
2013,KG21,M,NCD_CRESPD,111.0
2014,KG21,M,NCD_CRESPD,101.0
2015,KG21,M,NCD_CRESPD,114.0
2016,KG21,M,NCD_CRESPD,156.0
2017,KG21,M,NCD_CRESPD,167.0
2018,KG21,M,NCD_CRESPD,91.0
2019,KG21,M,NCD_CRESPD,148.0
2020,KG21,M,NCD_CRESPD,149.0
2007,KG21,F,NCD_CRESPD,150.0
2008,KG21,F,NCD_CRESPD,149.0
2009,KG21,F,NCD_CRESPD,149.0
2010,KG21,F,NCD_CRESPD,149.0
2011,KG21,F,NCD_CRESPD,83.0
2012,KG21,F,NCD_CRESPD,134.0
2013,KG21,F,NCD_CRESPD,59.0
2014,KG21,F,NCD_CRESPD,101.0
2015,KG21,F,NCD_CRESPD,85.0
2016,KG21,F,NCD_CRESPD,69.0
2017,KG21,F,NCD_CRESPD,95.0
2018,KG21,F,NCD_CRESPD,53.0
2019,KG21,F,NCD_CRESPD,76.0
2020,KG21,F,NCD_CRESPD,80.0
