Year,REF_AREA,SEX,COMPOSITE_BREAKDOWN,Value
2007,,,NCD_CARDIO,338.148644
2008,,,NCD_CARDIO,334.016356
2009,,,NCD_CARDIO,313.473027
2010,,,NCD_CARDIO,323.9
2011,,,NCD_CARDIO,326.3
2012,,,NCD_CARDIO,331.2
2013,,,NCD_CARDIO,308.2
2014,,,NCD_CARDIO,307.0
2015,,,NCD_CARDIO,297.0
2016,,,NCD_CARDIO,279.7
2017,,,NCD_CARDIO,276.0
2018,,,NCD_CARDIO,265.7
2019,,,NCD_CARDIO,266.2
2020,,,NCD_CARDIO,317.7
2007,,M,NCD_CARDIO,341.99762
2008,,M,NCD_CARDIO,333.529217
2009,,M,NCD_CARDIO,317.835613
2010,,M,NCD_CARDIO,328.276067
2011,,M,NCD_CARDIO,332.170272
2012,,M,NCD_CARDIO,335.775909
2013,,M,NCD_CARDIO,318.951798
2014,,M,NCD_CARDIO,317.836976
2015,,M,NCD_CARDIO,303.536912
2016,,M,NCD_CARDIO,284.556895
2017,,M,NCD_CARDIO,284.323937
2018,,M,NCD_CARDIO,273.814459
2019,,M,NCD_CARDIO,275.689849
2020,,M,NCD_CARDIO,336.5
2007,,F,NCD_CARDIO,334.396636
2008,,F,NCD_CARDIO,334.491404
2009,,F,NCD_CARDIO,309.213309
2010,,F,NCD_CARDIO,319.570812
2011,,F,NCD_CARDIO,320.487106
2012,,F,NCD_CARDIO,326.660087
2013,,F,NCD_CARDIO,297.628103
2014,,F,NCD_CARDIO,296.293785
2015,,F,NCD_CARDIO,290.6625
2016,,F,NCD_CARDIO,274.958443
2017,,F,NCD_CARDIO,267.728625
2018,,F,NCD_CARDIO,257.796323
2019,,F,NCD_CARDIO,256.878478
2020,,F,NCD_CARDIO,299.2
2007,KG05,,NCD_CARDIO,278.463649
2008,KG05,,NCD_CARDIO,281.861092
2009,KG05,,NCD_CARDIO,286.249449
2010,KG05,,NCD_CARDIO,285.093736
2011,KG05,,NCD_CARDIO,305.686671
2012,KG05,,NCD_CARDIO,338.2
2013,KG05,,NCD_CARDIO,289.468016
2014,KG05,,NCD_CARDIO,283.038721
2015,KG05,,NCD_CARDIO,284.833539
2016,KG05,,NCD_CARDIO,292.310781
2017,KG05,,NCD_CARDIO,267.453294
2018,KG05,,NCD_CARDIO,257.219869
2019,KG05,,NCD_CARDIO,251.694277
2020,KG05,,NCD_CARDIO,318.0
2007,KG05,M,NCD_CARDIO,290.598291
2008,KG05,M,NCD_CARDIO,295.837024
2009,KG05,M,NCD_CARDIO,296.006944
2010,KG05,M,NCD_CARDIO,292.847503
2011,KG05,M,NCD_CARDIO,319.751993
2012,KG05,M,NCD_CARDIO,359.375
2013,KG05,M,NCD_CARDIO,321.322594
2014,KG05,M,NCD_CARDIO,298.84106
2015,KG05,M,NCD_CARDIO,308.282828
2016,KG05,M,NCD_CARDIO,309.786898
2017,KG05,M,NCD_CARDIO,302.936631
2018,KG05,M,NCD_CARDIO,282.041588
2019,KG05,M,NCD_CARDIO,266.444937
2020,KG05,M,NCD_CARDIO,351.9
2007,KG05,F,NCD_CARDIO,265.922827
2008,KG05,F,NCD_CARDIO,267.457782
2009,KG05,F,NCD_CARDIO,276.186213
2010,KG05,F,NCD_CARDIO,277.080428
2011,KG05,F,NCD_CARDIO,291.191237
2012,KG05,F,NCD_CARDIO,316.472695
2013,KG05,F,NCD_CARDIO,256.567426
2014,KG05,F,NCD_CARDIO,266.695205
2015,KG05,F,NCD_CARDIO,260.560435
2016,KG05,F,NCD_CARDIO,274.213322
2017,KG05,F,NCD_CARDIO,230.676812
2018,KG05,F,NCD_CARDIO,231.463319
2019,KG05,F,NCD_CARDIO,236.37759
2020,KG05,F,NCD_CARDIO,282.8
2007,KG03,,NCD_CARDIO,272.842023
2008,KG03,,NCD_CARDIO,285.249665
2009,KG03,,NCD_CARDIO,265.321445
2010,KG03,,NCD_CARDIO,266.239441
2011,KG03,,NCD_CARDIO,289.841209
2012,KG03,,NCD_CARDIO,286.2
2013,KG03,,NCD_CARDIO,264.613971
2014,KG03,,NCD_CARDIO,264.584084
2015,KG03,,NCD_CARDIO,268.3
2016,KG03,,NCD_CARDIO,248.963372
2017,KG03,,NCD_CARDIO,244.045096
2018,KG03,,NCD_CARDIO,237.837838
2019,KG03,,NCD_CARDIO,243.111039
2020,KG03,,NCD_CARDIO,292.4
2007,KG03,M,NCD_CARDIO,285.354025
2008,KG03,M,NCD_CARDIO,281.620176
2009,KG03,M,NCD_CARDIO,271.688214
2010,KG03,M,NCD_CARDIO,270.223084
2011,KG03,M,NCD_CARDIO,295.758502
2012,KG03,M,NCD_CARDIO,285.553682
2013,KG03,M,NCD_CARDIO,275.261324
2014,KG03,M,NCD_CARDIO,278.047029
2015,KG03,M,NCD_CARDIO,279.719052
2016,KG03,M,NCD_CARDIO,256.189821
2017,KG03,M,NCD_CARDIO,252.234025
2018,KG03,M,NCD_CARDIO,247.974872
2019,KG03,M,NCD_CARDIO,243.033052
2020,KG03,M,NCD_CARDIO,311.4
2007,KG03,F,NCD_CARDIO,260.303266
2008,KG03,F,NCD_CARDIO,288.888889
2009,KG03,F,NCD_CARDIO,258.931929
2010,KG03,F,NCD_CARDIO,262.247278
2011,KG03,F,NCD_CARDIO,283.908046
2012,KG03,F,NCD_CARDIO,286.949981
2013,KG03,F,NCD_CARDIO,253.915607
2014,KG03,F,NCD_CARDIO,251.038468
2015,KG03,F,NCD_CARDIO,256.682599
2016,KG03,F,NCD_CARDIO,241.666667
2017,KG03,F,NCD_CARDIO,235.765428
2018,KG03,F,NCD_CARDIO,227.576975
2019,KG03,F,NCD_CARDIO,243.190023
2020,KG03,F,NCD_CARDIO,273.1
2007,KG02,,NCD_CARDIO,417.024159
2008,KG02,,NCD_CARDIO,391.888864
2009,KG02,,NCD_CARDIO,369.425338
2010,KG02,,NCD_CARDIO,391.05893
2011,KG02,,NCD_CARDIO,360.51983
2012,KG02,,NCD_CARDIO,394.941203
2013,KG02,,NCD_CARDIO,385.8
2014,KG02,,NCD_CARDIO,362.966175
2015,KG02,,NCD_CARDIO,361.027837
2016,KG02,,NCD_CARDIO,328.686101
2017,KG02,,NCD_CARDIO,325.901229
2018,KG02,,NCD_CARDIO,302.014803
2019,KG02,,NCD_CARDIO,302.901197
2020,KG02,,NCD_CARDIO,377.0
2007,KG02,M,NCD_CARDIO,406.934307
2008,KG02,M,NCD_CARDIO,382.007233
2009,KG02,M,NCD_CARDIO,366.89038
2010,KG02,M,NCD_CARDIO,388.229927
2011,KG02,M,NCD_CARDIO,353.526221
2012,KG02,M,NCD_CARDIO,391.051454
2013,KG02,M,NCD_CARDIO,395.050817
2014,KG02,M,NCD_CARDIO,379.475983
2015,KG02,M,NCD_CARDIO,370.689655
2016,KG02,M,NCD_CARDIO,334.324554
2017,KG02,M,NCD_CARDIO,334.589615
2018,KG02,M,NCD_CARDIO,309.661437
2019,KG02,M,NCD_CARDIO,303.05499
2020,KG02,M,NCD_CARDIO,400.0
2007,KG02,F,NCD_CARDIO,426.911042
2008,KG02,F,NCD_CARDIO,401.599289
2009,KG02,F,NCD_CARDIO,371.919014
2010,KG02,F,NCD_CARDIO,393.831024
2011,KG02,F,NCD_CARDIO,367.39227
2012,KG02,F,NCD_CARDIO,398.767606
2013,KG02,F,NCD_CARDIO,376.578145
2014,KG02,F,NCD_CARDIO,346.683893
2015,KG02,F,NCD_CARDIO,351.489362
2016,KG02,F,NCD_CARDIO,323.109244
2017,KG02,F,NCD_CARDIO,317.295728
2018,KG02,F,NCD_CARDIO,294.430794
2019,KG02,F,NCD_CARDIO,302.748585
2020,KG02,F,NCD_CARDIO,354.1
2007,KG04,,NCD_CARDIO,333.333333
2008,KG04,,NCD_CARDIO,306.525038
2009,KG04,,NCD_CARDIO,280.675422
2010,KG04,,NCD_CARDIO,301.11239
2011,KG04,,NCD_CARDIO,326.251897
2012,KG04,,NCD_CARDIO,318.198874
2013,KG04,,NCD_CARDIO,327.400816
2014,KG04,,NCD_CARDIO,317.582418
2015,KG04,,NCD_CARDIO,310.032597
2016,KG04,,NCD_CARDIO,312.813171
2017,KG04,,NCD_CARDIO,302.654867
2018,KG04,,NCD_CARDIO,307.988788
2019,KG04,,NCD_CARDIO,317.030871
2020,KG04,,NCD_CARDIO,340.7
2007,KG04,M,NCD_CARDIO,351.515152
2008,KG04,M,NCD_CARDIO,322.60479
2009,KG04,M,NCD_CARDIO,278.846154
2010,KG04,M,NCD_CARDIO,300.757576
2011,KG04,M,NCD_CARDIO,346.556886
2012,KG04,M,NCD_CARDIO,338.757396
2013,KG04,M,NCD_CARDIO,347.69905
2014,KG04,M,NCD_CARDIO,366.064982
2015,KG04,M,NCD_CARDIO,327.623126
2016,KG04,M,NCD_CARDIO,334.273625
2017,KG04,M,NCD_CARDIO,311.977716
2018,KG04,M,NCD_CARDIO,334.710744
2019,KG04,M,NCD_CARDIO,344.239945
2020,KG04,M,NCD_CARDIO,388.9
2007,KG04,F,NCD_CARDIO,314.685315
2008,KG04,F,NCD_CARDIO,290.0
2009,KG04,F,NCD_CARDIO,282.559025
2010,KG04,F,NCD_CARDIO,301.476301
2011,KG04,F,NCD_CARDIO,305.384615
2012,KG04,F,NCD_CARDIO,297.029703
2013,KG04,F,NCD_CARDIO,306.475904
2014,KG04,F,NCD_CARDIO,267.657993
2015,KG04,F,NCD_CARDIO,291.911765
2016,KG04,F,NCD_CARDIO,290.697674
2017,KG04,F,NCD_CARDIO,293.016559
2018,KG04,F,NCD_CARDIO,280.313837
2019,KG04,F,NCD_CARDIO,288.841808
2020,KG04,F,NCD_CARDIO,290.6
2007,KG06,,NCD_CARDIO,246.353611
2008,KG06,,NCD_CARDIO,252.523479
2009,KG06,,NCD_CARDIO,266.436881
2010,KG06,,NCD_CARDIO,285.129847
2011,KG06,,NCD_CARDIO,275.168963
2012,KG06,,NCD_CARDIO,281.602757
2013,KG06,,NCD_CARDIO,264.368785
2014,KG06,,NCD_CARDIO,273.041759
2015,KG06,,NCD_CARDIO,265.675241
2016,KG06,,NCD_CARDIO,239.007538
2017,KG06,,NCD_CARDIO,240.774908
2018,KG06,,NCD_CARDIO,229.292169
2019,KG06,,NCD_CARDIO,230.9
2020,KG06,,NCD_CARDIO,304.8
2007,KG06,M,NCD_CARDIO,253.001412
2008,KG06,M,NCD_CARDIO,260.983264
2009,KG06,M,NCD_CARDIO,272.245038
2010,KG06,M,NCD_CARDIO,301.200565
2011,KG06,M,NCD_CARDIO,294.630404
2012,KG06,M,NCD_CARDIO,299.110198
2013,KG06,M,NCD_CARDIO,280.361325
2014,KG06,M,NCD_CARDIO,291.224056
2015,KG06,M,NCD_CARDIO,269.292092
2016,KG06,M,NCD_CARDIO,243.075008
2017,KG06,M,NCD_CARDIO,251.674787
2018,KG06,M,NCD_CARDIO,243.702489
2019,KG06,M,NCD_CARDIO,248.613139
2020,KG06,M,NCD_CARDIO,330.8
2007,KG06,F,NCD_CARDIO,239.605735
2008,KG06,F,NCD_CARDIO,243.945554
2009,KG06,F,NCD_CARDIO,260.545044
2010,KG06,F,NCD_CARDIO,268.817204
2011,KG06,F,NCD_CARDIO,255.435743
2012,KG06,F,NCD_CARDIO,263.843083
2013,KG06,F,NCD_CARDIO,248.131793
2014,KG06,F,NCD_CARDIO,254.566589
2015,KG06,F,NCD_CARDIO,261.997406
2016,KG06,F,NCD_CARDIO,234.865293
2017,KG06,F,NCD_CARDIO,229.658385
2018,KG06,F,NCD_CARDIO,214.579212
2019,KG06,F,NCD_CARDIO,212.686567
2020,KG06,F,NCD_CARDIO,278.3
2007,KG07,,NCD_CARDIO,348.958333
2008,KG07,,NCD_CARDIO,340.325342
2009,KG07,,NCD_CARDIO,348.778433
2010,KG07,,NCD_CARDIO,333.767361
2011,KG07,,NCD_CARDIO,345.034247
2012,KG07,,NCD_CARDIO,342.459983
2013,KG07,,NCD_CARDIO,309.8
2014,KG07,,NCD_CARDIO,332.653893
2015,KG07,,NCD_CARDIO,322.503008
2016,KG07,,NCD_CARDIO,288.704581
2017,KG07,,NCD_CARDIO,301.945525
2018,KG07,,NCD_CARDIO,261.485452
2019,KG07,,NCD_CARDIO,299.924642
2020,KG07,,NCD_CARDIO,339.2
2007,KG07,M,NCD_CARDIO,354.978355
2008,KG07,M,NCD_CARDIO,348.678602
2009,KG07,M,NCD_CARDIO,373.534338
2010,KG07,M,NCD_CARDIO,382.683983
2011,KG07,M,NCD_CARDIO,358.056266
2012,KG07,M,NCD_CARDIO,371.021776
2013,KG07,M,NCD_CARDIO,330.864198
2014,KG07,M,NCD_CARDIO,369.7411
2015,KG07,M,NCD_CARDIO,349.761526
2016,KG07,M,NCD_CARDIO,303.362002
2017,KG07,M,NCD_CARDIO,328.967643
2018,KG07,M,NCD_CARDIO,282.575758
2019,KG07,M,NCD_CARDIO,333.830104
2020,KG07,M,NCD_CARDIO,369.6
2007,KG07,F,NCD_CARDIO,342.906876
2008,KG07,F,NCD_CARDIO,331.900258
2009,KG07,F,NCD_CARDIO,323.728814
2010,KG07,F,NCD_CARDIO,284.5953
2011,KG07,F,NCD_CARDIO,331.900258
2012,KG07,F,NCD_CARDIO,313.559322
2013,KG07,F,NCD_CARDIO,288.573812
2014,KG07,F,NCD_CARDIO,294.987675
2015,KG07,F,NCD_CARDIO,294.736842
2016,KG07,F,NCD_CARDIO,273.743017
2017,KG07,F,NCD_CARDIO,274.371069
2018,KG07,F,NCD_CARDIO,239.93808
2019,KG07,F,NCD_CARDIO,265.243902
2020,KG07,F,NCD_CARDIO,308.0
2007,KG08,,NCD_CARDIO,548.299655
2008,KG08,,NCD_CARDIO,539.513863
2009,KG08,,NCD_CARDIO,464.780253
2010,KG08,,NCD_CARDIO,483.982257
2011,KG08,,NCD_CARDIO,466.959814
2012,KG08,,NCD_CARDIO,466.947622
2013,KG08,,NCD_CARDIO,441.607565
2014,KG08,,NCD_CARDIO,430.162413
2015,KG08,,NCD_CARDIO,400.841962
2016,KG08,,NCD_CARDIO,381.345532
2017,KG08,,NCD_CARDIO,377.668309
2018,KG08,,NCD_CARDIO,377.066781
2019,KG08,,NCD_CARDIO,360.757496
2020,KG08,,NCD_CARDIO,405.5
2007,KG08,M,NCD_CARDIO,539.869609
2008,KG08,M,NCD_CARDIO,517.515528
2009,KG08,M,NCD_CARDIO,462.686567
2010,KG08,M,NCD_CARDIO,476.930792
2011,KG08,M,NCD_CARDIO,455.652174
2012,KG08,M,NCD_CARDIO,452.654759
2013,KG08,M,NCD_CARDIO,441.296519
2014,KG08,M,NCD_CARDIO,416.116871
2015,KG08,M,NCD_CARDIO,394.177449
2016,KG08,M,NCD_CARDIO,383.552333
2017,KG08,M,NCD_CARDIO,376.389506
2018,KG08,M,NCD_CARDIO,366.986481
2019,KG08,M,NCD_CARDIO,368.005126
2020,KG08,M,NCD_CARDIO,398.8
2007,KG08,F,NCD_CARDIO,556.443798
2008,KG08,F,NCD_CARDIO,560.788083
2009,KG08,F,NCD_CARDIO,466.808914
2010,KG08,F,NCD_CARDIO,490.794574
2011,KG08,F,NCD_CARDIO,477.895243
2012,KG08,F,NCD_CARDIO,480.796586
2013,KG08,F,NCD_CARDIO,441.909197
2014,KG08,F,NCD_CARDIO,443.784278
2015,KG08,F,NCD_CARDIO,407.307779
2016,KG08,F,NCD_CARDIO,379.204221
2017,KG08,F,NCD_CARDIO,378.908777
2018,KG08,F,NCD_CARDIO,386.844332
2019,KG08,F,NCD_CARDIO,353.72175
2020,KG08,F,NCD_CARDIO,412.5
2007,KG11,,NCD_CARDIO,353.534169
2008,KG11,,NCD_CARDIO,321.877523
2009,KG11,,NCD_CARDIO,288.411532
2010,KG11,,NCD_CARDIO,298.32376
2011,KG11,,NCD_CARDIO,305.385769
2012,KG11,,NCD_CARDIO,297.003957
2013,KG11,,NCD_CARDIO,269.583471
2014,KG11,,NCD_CARDIO,272.638964
2015,KG11,,NCD_CARDIO,253.191265
2016,KG11,,NCD_CARDIO,242.521147
2017,KG11,,NCD_CARDIO,242.433414
2018,KG11,,NCD_CARDIO,232.778161
2019,KG11,,NCD_CARDIO,237.36306
2020,KG11,,NCD_CARDIO,254.0
2007,KG11,M,NCD_CARDIO,349.07805
2008,KG11,M,NCD_CARDIO,320.089397
2009,KG11,M,NCD_CARDIO,282.587549
2010,KG11,M,NCD_CARDIO,283.910078
2011,KG11,M,NCD_CARDIO,297.243606
2012,KG11,M,NCD_CARDIO,287.451362
2013,KG11,M,NCD_CARDIO,264.482431
2014,KG11,M,NCD_CARDIO,269.168404
2015,KG11,M,NCD_CARDIO,243.218807
2016,KG11,M,NCD_CARDIO,230.684327
2017,KG11,M,NCD_CARDIO,237.057808
2018,KG11,M,NCD_CARDIO,229.473684
2019,KG11,M,NCD_CARDIO,237.753638
2020,KG11,M,NCD_CARDIO,253.1
2007,KG11,F,NCD_CARDIO,357.392826
2008,KG11,F,NCD_CARDIO,323.428079
2009,KG11,F,NCD_CARDIO,293.471371
2010,KG11,F,NCD_CARDIO,310.804899
2011,KG11,F,NCD_CARDIO,312.446167
2012,KG11,F,NCD_CARDIO,305.30319
2013,KG11,F,NCD_CARDIO,274.023559
2014,KG11,F,NCD_CARDIO,275.666936
2015,KG11,F,NCD_CARDIO,261.918892
2016,KG11,F,NCD_CARDIO,252.904725
2017,KG11,F,NCD_CARDIO,247.156937
2018,KG11,F,NCD_CARDIO,235.686492
2019,KG11,F,NCD_CARDIO,237.018274
2020,KG11,F,NCD_CARDIO,254.9
2007,KG21,,NCD_CARDIO,247.76699
2008,KG21,,NCD_CARDIO,292.02502
2009,KG21,,NCD_CARDIO,274.312282
2010,KG21,,NCD_CARDIO,267.961165
2011,KG21,,NCD_CARDIO,281.860829
2012,KG21,,NCD_CARDIO,298.721426
2013,KG21,,NCD_CARDIO,266.8
2014,KG21,,NCD_CARDIO,270.078446
2015,KG21,,NCD_CARDIO,253.479853
2016,KG21,,NCD_CARDIO,248.92396
2017,KG21,,NCD_CARDIO,240.364401
2018,KG21,,NCD_CARDIO,223.393404
2019,KG21,,NCD_CARDIO,208.823529
2020,KG21,,NCD_CARDIO,287.3
2007,KG21,M,NCD_CARDIO,279.935275
2008,KG21,M,NCD_CARDIO,314.029364
2009,KG21,M,NCD_CARDIO,311.793215
2010,KG21,M,NCD_CARDIO,292.880259
2011,KG21,M,NCD_CARDIO,316.476346
2012,KG21,M,NCD_CARDIO,319.063005
2013,KG21,M,NCD_CARDIO,285.035629
2014,KG21,M,NCD_CARDIO,280.062064
2015,KG21,M,NCD_CARDIO,277.355623
2016,KG21,M,NCD_CARDIO,257.057949
2017,KG21,M,NCD_CARDIO,243.654822
2018,KG21,M,NCD_CARDIO,226.825843
2019,KG21,M,NCD_CARDIO,221.173297
2020,KG21,M,NCD_CARDIO,291.4
2007,KG21,F,NCD_CARDIO,218.073189
2008,KG21,F,NCD_CARDIO,271.771772
2009,KG21,F,NCD_CARDIO,239.761727
2010,KG21,F,NCD_CARDIO,244.958925
2011,KG21,F,NCD_CARDIO,250.0
2012,KG21,F,NCD_CARDIO,279.970216
2013,KG21,F,NCD_CARDIO,249.81685
2014,KG21,F,NCD_CARDIO,260.806916
2015,KG21,F,NCD_CARDIO,231.25884
2016,KG21,F,NCD_CARDIO,241.331484
2017,KG21,F,NCD_CARDIO,237.288136
2018,KG21,F,NCD_CARDIO,220.171391
2019,KG21,F,NCD_CARDIO,197.209892
2020,KG21,F,NCD_CARDIO,283.5
2007,,,NCD_CNCR,57.1
2008,,,NCD_CNCR,58.2
2009,,,NCD_CNCR,60.7
2010,,,NCD_CNCR,59.4
2011,,,NCD_CNCR,61.3
2012,,,NCD_CNCR,59.4
2013,,,NCD_CNCR,61.0
2014,,,NCD_CNCR,64.3
2015,,,NCD_CNCR,64.5
2016,,,NCD_CNCR,64.4
2017,,,NCD_CNCR,62.2
2018,,,NCD_CNCR,65.6
2019,,,NCD_CNCR,64.1
2020,,,NCD_CNCR,63.8
2007,,M,NCD_CNCR,60.758812
2008,,M,NCD_CNCR,60.756213
2009,,M,NCD_CNCR,66.097038
2010,,M,NCD_CNCR,63.699241
2011,,M,NCD_CNCR,65.633379
2012,,M,NCD_CNCR,63.242248
2013,,M,NCD_CNCR,63.974255
2014,,M,NCD_CNCR,69.006132
2015,,M,NCD_CNCR,66.804571
2016,,M,NCD_CNCR,69.296411
2017,,M,NCD_CNCR,65.881128
2018,,M,NCD_CNCR,67.25771
2019,,M,NCD_CNCR,66.331627
2020,,M,NCD_CNCR,67.6
2007,,F,NCD_CNCR,53.49116
2008,,F,NCD_CNCR,55.693666
2009,,F,NCD_CNCR,55.417003
2010,,F,NCD_CNCR,55.31591
2011,,F,NCD_CNCR,57.020057
2012,,F,NCD_CNCR,55.618215
2013,,F,NCD_CNCR,58.018118
2014,,F,NCD_CNCR,59.747041
2015,,F,NCD_CNCR,62.194595
2016,,F,NCD_CNCR,59.711222
2017,,F,NCD_CNCR,58.599623
2018,,F,NCD_CNCR,63.939261
2019,,F,NCD_CNCR,61.883243
2020,,F,NCD_CNCR,60.0
2007,KG05,,NCD_CNCR,32.3
2008,KG05,,NCD_CNCR,26.4
2009,KG05,,NCD_CNCR,30.2
2010,KG05,,NCD_CNCR,33.8
2011,KG05,,NCD_CNCR,33.9
2012,KG05,,NCD_CNCR,33.0
2013,KG05,,NCD_CNCR,32.1
2014,KG05,,NCD_CNCR,35.6
2015,KG05,,NCD_CNCR,42.3
2016,KG05,,NCD_CNCR,38.6
2017,KG05,,NCD_CNCR,32.6
2018,KG05,,NCD_CNCR,43.319214
2019,KG05,,NCD_CNCR,37.462349
2020,KG05,,NCD_CNCR,34.1
2007,KG05,M,NCD_CNCR,30.826716
2008,KG05,M,NCD_CNCR,31.018519
2009,KG05,M,NCD_CNCR,34.246575
2010,KG05,M,NCD_CNCR,35.087719
2011,KG05,M,NCD_CNCR,31.443756
2012,KG05,M,NCD_CNCR,30.381944
2013,KG05,M,NCD_CNCR,28.401865
2014,KG05,M,NCD_CNCR,38.907285
2015,KG05,M,NCD_CNCR,42.424242
2016,KG05,M,NCD_CNCR,37.095501
2017,KG05,M,NCD_CNCR,28.979907
2018,KG05,M,NCD_CNCR,38.185255
2019,KG05,M,NCD_CNCR,38.433112
2020,KG05,M,NCD_CNCR,32.9
2007,KG05,F,NCD_CNCR,33.800097
2008,KG05,F,NCD_CNCR,21.562051
2009,KG05,F,NCD_CNCR,26.017029
2010,KG05,F,NCD_CNCR,32.543003
2011,KG05,F,NCD_CNCR,36.513008
2012,KG05,F,NCD_CNCR,35.810206
2013,KG05,F,NCD_CNCR,35.901926
2014,KG05,F,NCD_CNCR,32.106164
2015,KG05,F,NCD_CNCR,42.24174
2016,KG05,F,NCD_CNCR,40.04904
2017,KG05,F,NCD_CNCR,36.443732
2018,KG05,F,NCD_CNCR,48.646528
2019,KG05,F,NCD_CNCR,36.454336
2020,KG05,F,NCD_CNCR,35.3
2007,KG03,,NCD_CNCR,36.3
2008,KG03,,NCD_CNCR,42.0
2009,KG03,,NCD_CNCR,47.8
2010,KG03,,NCD_CNCR,46.3
2011,KG03,,NCD_CNCR,51.5
2012,KG03,,NCD_CNCR,47.3
2013,KG03,,NCD_CNCR,49.2
2014,KG03,,NCD_CNCR,51.0
2015,KG03,,NCD_CNCR,52.9
2016,KG03,,NCD_CNCR,54.2
2017,KG03,,NCD_CNCR,50.9
2018,KG03,,NCD_CNCR,49.480249
2019,KG03,,NCD_CNCR,50.87233
2020,KG03,,NCD_CNCR,50.5
2007,KG03,M,NCD_CNCR,37.037037
2008,KG03,M,NCD_CNCR,45.2
2009,KG03,M,NCD_CNCR,49.025399
2010,KG03,M,NCD_CNCR,46.168768
2011,KG03,M,NCD_CNCR,58.846007
2012,KG03,M,NCD_CNCR,49.653363
2013,KG03,M,NCD_CNCR,49.8808
2014,KG03,M,NCD_CNCR,53.311793
2015,KG03,M,NCD_CNCR,53.555751
2016,KG03,M,NCD_CNCR,59.662999
2017,KG03,M,NCD_CNCR,57.831732
2018,KG03,M,NCD_CNCR,45.627376
2019,KG03,M,NCD_CNCR,51.523007
2020,KG03,M,NCD_CNCR,49.3
2007,KG03,F,NCD_CNCR,35.634744
2008,KG03,F,NCD_CNCR,38.838839
2009,KG03,F,NCD_CNCR,46.539144
2010,KG03,F,NCD_CNCR,46.461897
2011,KG03,F,NCD_CNCR,44.061303
2012,KG03,F,NCD_CNCR,44.941707
2013,KG03,F,NCD_CNCR,48.461397
2014,KG03,F,NCD_CNCR,48.762868
2015,KG03,F,NCD_CNCR,52.221632
2016,KG03,F,NCD_CNCR,48.784722
2017,KG03,F,NCD_CNCR,43.811797
2018,KG03,F,NCD_CNCR,53.380187
2019,KG03,F,NCD_CNCR,50.213325
2020,KG03,F,NCD_CNCR,51.7
2007,KG02,,NCD_CNCR,74.6
2008,KG02,,NCD_CNCR,72.4
2009,KG02,,NCD_CNCR,78.7
2010,KG02,,NCD_CNCR,73.4
2011,KG02,,NCD_CNCR,74.0
2012,KG02,,NCD_CNCR,84.8
2013,KG02,,NCD_CNCR,81.8
2014,KG02,,NCD_CNCR,85.2
2015,KG02,,NCD_CNCR,89.1
2016,KG02,,NCD_CNCR,83.9
2017,KG02,,NCD_CNCR,80.9
2018,KG02,,NCD_CNCR,90.460526
2019,KG02,,NCD_CNCR,87.441672
2020,KG02,,NCD_CNCR,85.6
2007,KG02,M,NCD_CNCR,79.008883
2008,KG02,M,NCD_CNCR,68.741291
2009,KG02,M,NCD_CNCR,90.658076
2010,KG02,M,NCD_CNCR,76.642336
2011,KG02,M,NCD_CNCR,82.730561
2012,KG02,M,NCD_CNCR,90.380313
2013,KG02,M,NCD_CNCR,95.006628
2014,KG02,M,NCD_CNCR,93.0131
2015,KG02,M,NCD_CNCR,90.948276
2016,KG02,M,NCD_CNCR,91.758709
2017,KG02,M,NCD_CNCR,88.358459
2018,KG02,M,NCD_CNCR,93.311313
2019,KG02,M,NCD_CNCR,92.87169
2020,KG02,M,NCD_CNCR,99.0
2007,KG02,F,NCD_CNCR,70.390554
2008,KG02,F,NCD_CNCR,75.983718
2009,KG02,F,NCD_CNCR,67.056706
2010,KG02,F,NCD_CNCR,70.183281
2011,KG02,F,NCD_CNCR,65.304309
2012,KG02,F,NCD_CNCR,79.225352
2013,KG02,F,NCD_CNCR,68.785372
2014,KG02,F,NCD_CNCR,77.51938
2015,KG02,F,NCD_CNCR,87.234043
2016,KG02,F,NCD_CNCR,76.05042
2017,KG02,F,NCD_CNCR,73.413521
2018,KG02,F,NCD_CNCR,87.633088
2019,KG02,F,NCD_CNCR,82.053355
2020,KG02,F,NCD_CNCR,72.3
2007,KG04,,NCD_CNCR,70.8
2008,KG04,,NCD_CNCR,72.0
2009,KG04,,NCD_CNCR,72.0
2010,KG04,,NCD_CNCR,66.7
2011,KG04,,NCD_CNCR,81.9
2012,KG04,,NCD_CNCR,63.8
2013,KG04,,NCD_CNCR,78.2
2014,KG04,,NCD_CNCR,82.4
2015,KG04,,NCD_CNCR,89.5
2016,KG04,,NCD_CNCR,88.1
2017,KG04,,NCD_CNCR,81.8
2018,KG04,,NCD_CNCR,87.946741
2019,KG04,,NCD_CNCR,83.593479
2020,KG04,,NCD_CNCR,80.4
2007,KG04,M,NCD_CNCR,77.872012
2008,KG04,M,NCD_CNCR,75.442648
2009,KG04,M,NCD_CNCR,79.632466
2010,KG04,M,NCD_CNCR,74.242424
2011,KG04,M,NCD_CNCR,83.832335
2012,KG04,M,NCD_CNCR,62.130178
2013,KG04,M,NCD_CNCR,76.69832
2014,KG04,M,NCD_CNCR,90.252708
2015,KG04,M,NCD_CNCR,88.508208
2016,KG04,M,NCD_CNCR,95.909732
2017,KG04,M,NCD_CNCR,80.779944
2018,KG04,M,NCD_CNCR,101.928375
2019,KG04,M,NCD_CNCR,89.97955
2020,KG04,M,NCD_CNCR,93.9
2007,KG04,F,NCD_CNCR,63.579278
2008,KG04,F,NCD_CNCR,68.396226
2009,KG04,F,NCD_CNCR,64.212999
2010,KG04,F,NCD_CNCR,59.052059
2011,KG04,F,NCD_CNCR,80.0
2012,KG04,F,NCD_CNCR,65.498858
2013,KG04,F,NCD_CNCR,79.819277
2014,KG04,F,NCD_CNCR,74.349442
2015,KG04,F,NCD_CNCR,90.441176
2016,KG04,F,NCD_CNCR,79.94186
2017,KG04,F,NCD_CNCR,82.793377
2018,KG04,F,NCD_CNCR,73.466476
2019,KG04,F,NCD_CNCR,76.977401
2020,KG04,F,NCD_CNCR,66.5
2007,KG06,,NCD_CNCR,38.1
2008,KG06,,NCD_CNCR,36.4
2009,KG06,,NCD_CNCR,40.7
2010,KG06,,NCD_CNCR,40.1
2011,KG06,,NCD_CNCR,43.6
2012,KG06,,NCD_CNCR,43.0
2013,KG06,,NCD_CNCR,43.0
2014,KG06,,NCD_CNCR,50.7
2015,KG06,,NCD_CNCR,50.6
2016,KG06,,NCD_CNCR,49.9
2017,KG06,,NCD_CNCR,49.1
2018,KG06,,NCD_CNCR,50.978916
2019,KG06,,NCD_CNCR,52.767528
2020,KG06,,NCD_CNCR,51.9
2007,KG06,M,NCD_CNCR,43.366409
2008,KG06,M,NCD_CNCR,40.857091
2009,KG06,M,NCD_CNCR,49.892704
2010,KG06,M,NCD_CNCR,47.669492
2011,KG06,M,NCD_CNCR,50.732218
2012,KG06,M,NCD_CNCR,47.912389
2013,KG06,M,NCD_CNCR,46.671127
2014,KG06,M,NCD_CNCR,56.218336
2015,KG06,M,NCD_CNCR,57.23852
2016,KG06,M,NCD_CNCR,55.711173
2017,KG06,M,NCD_CNCR,54.811206
2018,KG06,M,NCD_CNCR,55.298852
2019,KG06,M,NCD_CNCR,57.810219
2020,KG06,M,NCD_CNCR,56.5
2007,KG06,F,NCD_CNCR,32.673637
2008,KG06,F,NCD_CNCR,31.907045
2009,KG06,F,NCD_CNCR,31.255679
2010,KG06,F,NCD_CNCR,32.437276
2011,KG06,F,NCD_CNCR,36.415061
2012,KG06,F,NCD_CNCR,38.014234
2013,KG06,F,NCD_CNCR,39.232337
2014,KG06,F,NCD_CNCR,45.001661
2015,KG06,F,NCD_CNCR,43.774319
2016,KG06,F,NCD_CNCR,43.898574
2017,KG06,F,NCD_CNCR,43.322981
2018,KG06,F,NCD_CNCR,46.568254
2019,KG06,F,NCD_CNCR,47.61194
2020,KG06,F,NCD_CNCR,47.2
2007,KG07,,NCD_CNCR,47.2
2008,KG07,,NCD_CNCR,54.7
2009,KG07,,NCD_CNCR,59.7
2010,KG07,,NCD_CNCR,66.0
2011,KG07,,NCD_CNCR,59.9
2012,KG07,,NCD_CNCR,58.5
2013,KG07,,NCD_CNCR,68.3
2014,KG07,,NCD_CNCR,68.9
2015,KG07,,NCD_CNCR,60.6
2016,KG07,,NCD_CNCR,70.7
2017,KG07,,NCD_CNCR,62.6
2018,KG07,,NCD_CNCR,59.724349
2019,KG07,,NCD_CNCR,61.03994
2020,KG07,,NCD_CNCR,75.4
2007,KG07,M,NCD_CNCR,52.111411
2008,KG07,M,NCD_CNCR,48.845471
2009,KG07,M,NCD_CNCR,69.298246
2010,KG07,M,NCD_CNCR,75.324675
2011,KG07,M,NCD_CNCR,60.528559
2012,KG07,M,NCD_CNCR,67.001675
2013,KG07,M,NCD_CNCR,65.020576
2014,KG07,M,NCD_CNCR,80.906149
2015,KG07,M,NCD_CNCR,65.18283
2016,KG07,M,NCD_CNCR,72.713057
2017,KG07,M,NCD_CNCR,70.878274
2018,KG07,M,NCD_CNCR,61.363636
2019,KG07,M,NCD_CNCR,58.122206
2020,KG07,M,NCD_CNCR,85.2
2007,KG07,F,NCD_CNCR,42.190305
2008,KG07,F,NCD_CNCR,60.498221
2009,KG07,F,NCD_CNCR,50.176056
2010,KG07,F,NCD_CNCR,56.570931
2011,KG07,F,NCD_CNCR,59.329321
2012,KG07,F,NCD_CNCR,50.0
2013,KG07,F,NCD_CNCR,71.726439
2014,KG07,F,NCD_CNCR,56.696795
2015,KG07,F,NCD_CNCR,55.870445
2016,KG07,F,NCD_CNCR,68.635275
2017,KG07,F,NCD_CNCR,54.245283
2018,KG07,F,NCD_CNCR,58.049536
2019,KG07,F,NCD_CNCR,64.02439
2020,KG07,F,NCD_CNCR,65.4
2007,KG08,,NCD_CNCR,88.1
2008,KG08,,NCD_CNCR,91.2
2009,KG08,,NCD_CNCR,95.3
2010,KG08,,NCD_CNCR,89.6
2011,KG08,,NCD_CNCR,92.0
2012,KG08,,NCD_CNCR,91.5
2013,KG08,,NCD_CNCR,88.3
2014,KG08,,NCD_CNCR,92.7
2015,KG08,,NCD_CNCR,82.6
2016,KG08,,NCD_CNCR,94.3
2017,KG08,,NCD_CNCR,91.3
2018,KG08,,NCD_CNCR,97.487653
2019,KG08,,NCD_CNCR,96.580747
2020,KG08,,NCD_CNCR,93.3
2007,KG08,M,NCD_CNCR,98.326898
2008,KG08,M,NCD_CNCR,93.646338
2009,KG08,M,NCD_CNCR,97.394384
2010,KG08,M,NCD_CNCR,98.545637
2011,KG08,M,NCD_CNCR,93.913043
2012,KG08,M,NCD_CNCR,98.115977
2013,KG08,M,NCD_CNCR,98.919568
2014,KG08,M,NCD_CNCR,102.73327
2015,KG08,M,NCD_CNCR,87.338262
2016,KG08,M,NCD_CNCR,104.440417
2017,KG08,M,NCD_CNCR,99.599822
2018,KG08,M,NCD_CNCR,105.538596
2019,KG08,M,NCD_CNCR,101.452371
2020,KG08,M,NCD_CNCR,103.9
2007,KG08,F,NCD_CNCR,78.163772
2008,KG08,F,NCD_CNCR,88.82874
2009,KG08,F,NCD_CNCR,93.261719
2010,KG08,F,NCD_CNCR,80.910853
2011,KG08,F,NCD_CNCR,90.100913
2012,KG08,F,NCD_CNCR,85.111427
2013,KG08,F,NCD_CNCR,77.997672
2014,KG08,F,NCD_CNCR,82.952468
2015,KG08,F,NCD_CNCR,78.009415
2016,KG08,F,NCD_CNCR,84.414157
2017,KG08,F,NCD_CNCR,83.243476
2018,KG08,F,NCD_CNCR,89.678511
2019,KG08,F,NCD_CNCR,91.851545
2020,KG08,F,NCD_CNCR,83.1
2007,KG11,,NCD_CNCR,82.3
2008,KG11,,NCD_CNCR,82.6
2009,KG11,,NCD_CNCR,75.8
2010,KG11,,NCD_CNCR,78.1
2011,KG11,,NCD_CNCR,69.8
2012,KG11,,NCD_CNCR,67.4
2013,KG11,,NCD_CNCR,69.3
2014,KG11,,NCD_CNCR,73.1
2015,KG11,,NCD_CNCR,76.6
2016,KG11,,NCD_CNCR,66.5
2017,KG11,,NCD_CNCR,69.1
2018,KG11,,NCD_CNCR,69.281561
2019,KG11,,NCD_CNCR,64.193734
2020,KG11,,NCD_CNCR,68.8
2007,KG11,M,NCD_CNCR,84.714549
2008,KG11,M,NCD_CNCR,86.525932
2009,KG11,M,NCD_CNCR,80.16444
2010,KG11,M,NCD_CNCR,79.312958
2011,KG11,M,NCD_CNCR,71.020611
2012,KG11,M,NCD_CNCR,72.957198
2013,KG11,M,NCD_CNCR,70.037987
2014,KG11,M,NCD_CNCR,74.12555
2015,KG11,M,NCD_CNCR,76.627486
2016,KG11,M,NCD_CNCR,65.121413
2017,KG11,M,NCD_CNCR,68.593615
2018,KG11,M,NCD_CNCR,66.947368
2019,KG11,M,NCD_CNCR,63.74257
2020,KG11,M,NCD_CNCR,67.3
2007,KG11,F,NCD_CNCR,80.210238
2008,KG11,F,NCD_CNCR,79.125338
2009,KG11,F,NCD_CNCR,71.952032
2010,KG11,F,NCD_CNCR,76.990376
2011,KG11,F,NCD_CNCR,68.690784
2012,KG11,F,NCD_CNCR,62.539615
2013,KG11,F,NCD_CNCR,68.609217
2014,KG11,F,NCD_CNCR,72.150364
2015,KG11,F,NCD_CNCR,76.557864
2016,KG11,F,NCD_CNCR,67.583269
2017,KG11,F,NCD_CNCR,69.560273
2018,KG11,F,NCD_CNCR,71.335927
2019,KG11,F,NCD_CNCR,64.592003
2020,KG11,F,NCD_CNCR,70.2
2007,KG21,,NCD_CNCR,46.8
2008,KG21,,NCD_CNCR,50.5
2009,KG21,,NCD_CNCR,50.3
2010,KG21,,NCD_CNCR,46.2
2011,KG21,,NCD_CNCR,58.2
2012,KG21,,NCD_CNCR,50.4
2013,KG21,,NCD_CNCR,64.7
2014,KG21,,NCD_CNCR,52.3
2015,KG21,,NCD_CNCR,51.3
2016,KG21,,NCD_CNCR,54.9
2017,KG21,,NCD_CNCR,53.3
2018,KG21,,NCD_CNCR,65.283917
2019,KG21,,NCD_CNCR,58.823529
2020,KG21,,NCD_CNCR,52.0
2007,KG21,M,NCD_CNCR,50.447518
2008,KG21,M,NCD_CNCR,61.538462
2009,KG21,M,NCD_CNCR,61.191626
2010,KG21,M,NCD_CNCR,54.20712
2011,KG21,M,NCD_CNCR,70.96248
2012,KG21,M,NCD_CNCR,56.542811
2013,KG21,M,NCD_CNCR,67.300079
2014,KG21,M,NCD_CNCR,48.875097
2015,KG21,M,NCD_CNCR,50.911854
2016,KG21,M,NCD_CNCR,64.635958
2017,KG21,M,NCD_CNCR,44.234953
2018,KG21,M,NCD_CNCR,73.033708
2019,KG21,M,NCD_CNCR,55.967633
2020,KG21,M,NCD_CNCR,52.6
2007,KG21,F,NCD_CNCR,43.478261
2008,KG21,F,NCD_CNCR,40.298507
2009,KG21,F,NCD_CNCR,40.178571
2010,KG21,F,NCD_CNCR,38.834951
2011,KG21,F,NCD_CNCR,46.546547
2012,KG21,F,NCD_CNCR,44.676098
2013,KG21,F,NCD_CNCR,62.271062
2014,KG21,F,NCD_CNCR,55.475504
2015,KG21,F,NCD_CNCR,51.626591
2016,KG21,F,NCD_CNCR,45.769764
2017,KG21,F,NCD_CNCR,61.694915
2018,KG21,F,NCD_CNCR,58.009229
2019,KG21,F,NCD_CNCR,61.509195
2020,KG21,F,NCD_CNCR,51.4
2007,,,NCD_DIABTS,6.890137
2008,,,NCD_DIABTS,6.843778
2009,,,NCD_DIABTS,6.222949
2010,,,NCD_DIABTS,5.7
2011,,,NCD_DIABTS,5.802673
2012,,,NCD_DIABTS,5.332144
2013,,,NCD_DIABTS,6.9
2014,,,NCD_DIABTS,7.2
2015,,,NCD_DIABTS,6.0
2016,,,NCD_DIABTS,6.7
2017,,,NCD_DIABTS,6.8
2018,,,NCD_DIABTS,7.3
2019,,,NCD_DIABTS,7.0
2020,,,NCD_DIABTS,9.8
2007,,M,NCD_DIABTS,6.464522
2008,,M,NCD_DIABTS,5.869797
2009,,M,NCD_DIABTS,5.420258
2010,,M,NCD_DIABTS,4.945709
2011,,M,NCD_DIABTS,5.141955
2012,,M,NCD_DIABTS,5.053604
2013,,M,NCD_DIABTS,5.658309
2014,,M,NCD_DIABTS,6.720477
2015,,M,NCD_DIABTS,5.188375
2016,,M,NCD_DIABTS,5.412226
2017,,M,NCD_DIABTS,6.184493
2018,,M,NCD_DIABTS,6.378161
2019,,M,NCD_DIABTS,6.461481
2020,,M,NCD_DIABTS,9.0
2007,,F,NCD_DIABTS,7.304465
2008,,F,NCD_DIABTS,7.791919
2009,,F,NCD_DIABTS,7.005061
2010,,F,NCD_DIABTS,6.416066
2011,,F,NCD_DIABTS,6.446991
2012,,F,NCD_DIABTS,5.604117
2013,,F,NCD_DIABTS,8.090727
2014,,F,NCD_DIABTS,7.595538
2015,,F,NCD_DIABTS,6.847721
2016,,F,NCD_DIABTS,7.985398
2017,,F,NCD_DIABTS,7.388926
2018,,F,NCD_DIABTS,8.251239
2019,,F,NCD_DIABTS,7.623966
2020,,F,NCD_DIABTS,10.7
2007,KG05,,NCD_DIABTS,8.072175
2008,KG05,,NCD_DIABTS,5.651048
2009,KG05,,NCD_DIABTS,4.64684
2010,KG05,,NCD_DIABTS,4.115226
2011,KG05,,NCD_DIABTS,3.146775
2012,KG05,,NCD_DIABTS,5.509035
2013,KG05,,NCD_DIABTS,4.522938
2014,KG05,,NCD_DIABTS,5.892256
2015,KG05,,NCD_DIABTS,6.165228
2016,KG05,,NCD_DIABTS,7.026701
2017,KG05,,NCD_DIABTS,6.096362
2018,KG05,,NCD_DIABTS,5.390836
2019,KG05,,NCD_DIABTS,7.341867
2020,KG05,,NCD_DIABTS,8.3
2007,KG05,M,NCD_DIABTS,7.940215
2008,KG05,M,NCD_DIABTS,2.777778
2009,KG05,M,NCD_DIABTS,3.652968
2010,KG05,M,NCD_DIABTS,1.349528
2011,KG05,M,NCD_DIABTS,3.542958
2012,KG05,M,NCD_DIABTS,6.076389
2013,KG05,M,NCD_DIABTS,5.086901
2014,KG05,M,NCD_DIABTS,7.036424
2015,KG05,M,NCD_DIABTS,6.464646
2016,KG05,M,NCD_DIABTS,7.498027
2017,KG05,M,NCD_DIABTS,5.795981
2018,KG05,M,NCD_DIABTS,6.049149
2019,KG05,M,NCD_DIABTS,8.130081
2020,KG05,M,NCD_DIABTS,9.0
2007,KG05,F,NCD_DIABTS,8.208595
2008,KG05,F,NCD_DIABTS,8.62482
2009,KG05,F,NCD_DIABTS,5.676443
2010,KG05,F,NCD_DIABTS,6.973501
2011,KG05,F,NCD_DIABTS,2.738476
2012,KG05,F,NCD_DIABTS,4.923903
2013,KG05,F,NCD_DIABTS,3.940455
2014,KG05,F,NCD_DIABTS,4.708904
2015,KG05,F,NCD_DIABTS,5.855291
2016,KG05,F,NCD_DIABTS,6.538619
2017,KG05,F,NCD_DIABTS,6.407689
2018,KG05,F,NCD_DIABTS,4.707729
2019,KG05,F,NCD_DIABTS,6.523408
2020,KG05,F,NCD_DIABTS,7.5
2007,KG03,,NCD_DIABTS,6.578947
2008,KG03,,NCD_DIABTS,9.104552
2009,KG03,,NCD_DIABTS,8.374384
2010,KG03,,NCD_DIABTS,7.670648
2011,KG03,,NCD_DIABTS,7.939545
2012,KG03,,NCD_DIABTS,7.602065
2013,KG03,,NCD_DIABTS,9.558824
2014,KG03,,NCD_DIABTS,10.622974
2015,KG03,,NCD_DIABTS,8.991537
2016,KG03,,NCD_DIABTS,8.552177
2017,KG03,,NCD_DIABTS,8.815801
2018,KG03,,NCD_DIABTS,10.39501
2019,KG03,,NCD_DIABTS,10.43535
2020,KG03,,NCD_DIABTS,16.0
2007,KG03,M,NCD_DIABTS,6.881198
2008,KG03,M,NCD_DIABTS,8.8
2009,KG03,M,NCD_DIABTS,7.678677
2010,KG03,M,NCD_DIABTS,6.789525
2011,KG03,M,NCD_DIABTS,8.024455
2012,KG03,M,NCD_DIABTS,7.494847
2013,KG03,M,NCD_DIABTS,6.601871
2014,KG03,M,NCD_DIABTS,9.872554
2015,KG03,M,NCD_DIABTS,8.428446
2016,KG03,M,NCD_DIABTS,6.017882
2017,KG03,M,NCD_DIABTS,7.418648
2018,KG03,M,NCD_DIABTS,7.439246
2019,KG03,M,NCD_DIABTS,8.587168
2020,KG03,M,NCD_DIABTS,15.6
2007,KG03,F,NCD_DIABTS,6.276574
2008,KG03,F,NCD_DIABTS,9.409409
2009,KG03,F,NCD_DIABTS,9.071189
2010,KG03,F,NCD_DIABTS,8.553655
2011,KG03,F,NCD_DIABTS,7.854406
2012,KG03,F,NCD_DIABTS,7.709665
2013,KG03,F,NCD_DIABTS,12.529943
2014,KG03,F,NCD_DIABTS,11.378003
2015,KG03,F,NCD_DIABTS,9.559214
2016,KG03,F,NCD_DIABTS,11.111111
2017,KG03,F,NCD_DIABTS,10.228435
2018,KG03,F,NCD_DIABTS,13.386881
2019,KG03,F,NCD_DIABTS,12.307187
2020,KG03,F,NCD_DIABTS,16.4
2007,KG02,,NCD_DIABTS,10.366275
2008,KG02,,NCD_DIABTS,6.186984
2009,KG02,,NCD_DIABTS,8.191126
2010,KG02,,NCD_DIABTS,8.128246
2011,KG02,,NCD_DIABTS,6.946
2012,KG02,,NCD_DIABTS,6.434435
2013,KG02,,NCD_DIABTS,8.991228
2014,KG02,,NCD_DIABTS,8.889853
2015,KG02,,NCD_DIABTS,6.20985
2016,KG02,,NCD_DIABTS,6.970849
2017,KG02,,NCD_DIABTS,10.418837
2018,KG02,,NCD_DIABTS,13.157895
2019,KG02,,NCD_DIABTS,9.129641
2020,KG02,,NCD_DIABTS,14.6
2007,KG02,M,NCD_DIABTS,8.882655
2008,KG02,M,NCD_DIABTS,4.180214
2009,KG02,M,NCD_DIABTS,8.743672
2010,KG02,M,NCD_DIABTS,7.29927
2011,KG02,M,NCD_DIABTS,5.424955
2012,KG02,M,NCD_DIABTS,6.711409
2013,KG02,M,NCD_DIABTS,7.954043
2014,KG02,M,NCD_DIABTS,7.860262
2015,KG02,M,NCD_DIABTS,4.741379
2016,KG02,M,NCD_DIABTS,5.947324
2017,KG02,M,NCD_DIABTS,12.981575
2018,KG02,M,NCD_DIABTS,11.147812
2019,KG02,M,NCD_DIABTS,7.739308
2020,KG02,M,NCD_DIABTS,13.3
2007,KG02,F,NCD_DIABTS,11.807448
2008,KG02,F,NCD_DIABTS,8.141113
2009,KG02,F,NCD_DIABTS,7.650765
2010,KG02,F,NCD_DIABTS,8.940545
2011,KG02,F,NCD_DIABTS,8.440693
2012,KG02,F,NCD_DIABTS,6.161972
2013,KG02,F,NCD_DIABTS,10.013061
2014,KG02,F,NCD_DIABTS,9.905254
2015,KG02,F,NCD_DIABTS,7.659574
2016,KG02,F,NCD_DIABTS,7.983193
2017,KG02,F,NCD_DIABTS,7.880547
2018,KG02,F,NCD_DIABTS,15.151515
2019,KG02,F,NCD_DIABTS,10.509297
2020,KG02,F,NCD_DIABTS,16.0
2007,KG04,,NCD_DIABTS,5.445352
2008,KG04,,NCD_DIABTS,3.889537
2009,KG04,,NCD_DIABTS,6.581494
2010,KG04,,NCD_DIABTS,4.219409
2011,KG04,,NCD_DIABTS,6.069803
2012,KG04,,NCD_DIABTS,3.752345
2013,KG04,,NCD_DIABTS,3.707824
2014,KG04,,NCD_DIABTS,6.959707
2015,KG04,,NCD_DIABTS,4.708439
2016,KG04,,NCD_DIABTS,5.010737
2017,KG04,,NCD_DIABTS,3.893805
2018,KG04,,NCD_DIABTS,7.358094
2019,KG04,,NCD_DIABTS,7.63094
2020,KG04,,NCD_DIABTS,9.6
2007,KG04,M,NCD_DIABTS,5.39707
2008,KG04,M,NCD_DIABTS,3.079292
2009,KG04,M,NCD_DIABTS,4.594181
2010,KG04,M,NCD_DIABTS,1.515152
2011,KG04,M,NCD_DIABTS,5.988024
2012,KG04,M,NCD_DIABTS,1.47929
2013,KG04,M,NCD_DIABTS,3.652301
2014,KG04,M,NCD_DIABTS,7.220217
2015,KG04,M,NCD_DIABTS,4.282655
2016,KG04,M,NCD_DIABTS,7.052186
2017,KG04,M,NCD_DIABTS,2.089136
2018,KG04,M,NCD_DIABTS,5.509642
2019,KG04,M,NCD_DIABTS,5.453306
2020,KG04,M,NCD_DIABTS,8.1
2007,KG04,F,NCD_DIABTS,5.494505
2008,KG04,F,NCD_DIABTS,4.716981
2009,KG04,F,NCD_DIABTS,8.613939
2010,KG04,F,NCD_DIABTS,6.993007
2011,KG04,F,NCD_DIABTS,6.153846
2012,KG04,F,NCD_DIABTS,6.092917
2013,KG04,F,NCD_DIABTS,3.76506
2014,KG04,F,NCD_DIABTS,6.69145
2015,KG04,F,NCD_DIABTS,5.147059
2016,KG04,F,NCD_DIABTS,2.906977
2017,KG04,F,NCD_DIABTS,5.759539
2018,KG04,F,NCD_DIABTS,9.272468
2019,KG04,F,NCD_DIABTS,9.887006
2020,KG04,F,NCD_DIABTS,11.2
2007,KG06,,NCD_DIABTS,6.482682
2008,KG06,,NCD_DIABTS,5.398481
2009,KG06,,NCD_DIABTS,5.588103
2010,KG06,,NCD_DIABTS,5.158307
2011,KG06,,NCD_DIABTS,4.651979
2012,KG06,,NCD_DIABTS,4.739336
2013,KG06,,NCD_DIABTS,4.803641
2014,KG06,,NCD_DIABTS,5.106663
2015,KG06,,NCD_DIABTS,5.707395
2016,KG06,,NCD_DIABTS,5.496231
2017,KG06,,NCD_DIABTS,6.073186
2018,KG06,,NCD_DIABTS,6.626506
2019,KG06,,NCD_DIABTS,6.789668
2020,KG06,,NCD_DIABTS,7.6
2007,KG06,M,NCD_DIABTS,5.880191
2008,KG06,M,NCD_DIABTS,5.266025
2009,KG06,M,NCD_DIABTS,4.291845
2010,KG06,M,NCD_DIABTS,4.943503
2011,KG06,M,NCD_DIABTS,4.707113
2012,KG06,M,NCD_DIABTS,3.422313
2013,KG06,M,NCD_DIABTS,4.683841
2014,KG06,M,NCD_DIABTS,4.902762
2015,KG06,M,NCD_DIABTS,4.942602
2016,KG06,M,NCD_DIABTS,4.201681
2017,KG06,M,NCD_DIABTS,5.785627
2018,KG06,M,NCD_DIABTS,7.005515
2019,KG06,M,NCD_DIABTS,7.29927
2020,KG06,M,NCD_DIABTS,6.0
2007,KG06,F,NCD_DIABTS,7.094847
2008,KG06,F,NCD_DIABTS,5.533014
2009,KG06,F,NCD_DIABTS,6.905324
2010,KG06,F,NCD_DIABTS,5.376344
2011,KG06,F,NCD_DIABTS,4.596076
2012,KG06,F,NCD_DIABTS,6.075334
2013,KG06,F,NCD_DIABTS,4.925272
2014,KG06,F,NCD_DIABTS,5.313849
2015,KG06,F,NCD_DIABTS,6.485084
2016,KG06,F,NCD_DIABTS,6.81458
2017,KG06,F,NCD_DIABTS,6.36646
2018,KG06,F,NCD_DIABTS,6.239537
2019,KG06,F,NCD_DIABTS,6.268657
2020,KG06,F,NCD_DIABTS,9.2
2007,KG07,,NCD_DIABTS,7.633588
2008,KG07,,NCD_DIABTS,7.555556
2009,KG07,,NCD_DIABTS,10.105448
2010,KG07,,NCD_DIABTS,5.208333
2011,KG07,,NCD_DIABTS,2.996575
2012,KG07,,NCD_DIABTS,4.2123
2013,KG07,,NCD_DIABTS,6.213753
2014,KG07,,NCD_DIABTS,4.891969
2015,KG07,,NCD_DIABTS,0.802246
2016,KG07,,NCD_DIABTS,2.764613
2017,KG07,,NCD_DIABTS,3.501946
2018,KG07,,NCD_DIABTS,3.062787
2019,KG07,,NCD_DIABTS,3.014318
2020,KG07,,NCD_DIABTS,5.6
2007,KG07,M,NCD_DIABTS,7.187781
2008,KG07,M,NCD_DIABTS,7.992895
2009,KG07,M,NCD_DIABTS,10.526316
2010,KG07,M,NCD_DIABTS,5.194805
2011,KG07,M,NCD_DIABTS,1.70503
2012,KG07,M,NCD_DIABTS,5.025126
2013,KG07,M,NCD_DIABTS,5.761317
2014,KG07,M,NCD_DIABTS,4.854369
2015,KG07,M,NCD_DIABTS,0.794913
2016,KG07,M,NCD_DIABTS,1.563722
2017,KG07,M,NCD_DIABTS,3.85208
2018,KG07,M,NCD_DIABTS,1.515152
2019,KG07,M,NCD_DIABTS,2.980626
2020,KG07,M,NCD_DIABTS,3.7
2007,KG07,F,NCD_DIABTS,8.078995
2008,KG07,F,NCD_DIABTS,7.117438
2009,KG07,F,NCD_DIABTS,9.683099
2010,KG07,F,NCD_DIABTS,5.221932
2011,KG07,F,NCD_DIABTS,4.299226
2012,KG07,F,NCD_DIABTS,3.389831
2013,KG07,F,NCD_DIABTS,6.672227
2014,KG07,F,NCD_DIABTS,4.930156
2015,KG07,F,NCD_DIABTS,0.809717
2016,KG07,F,NCD_DIABTS,3.990423
2017,KG07,F,NCD_DIABTS,3.144654
2018,KG07,F,NCD_DIABTS,4.643963
2019,KG07,F,NCD_DIABTS,3.04878
2020,KG07,F,NCD_DIABTS,7.5
2007,KG08,,NCD_DIABTS,7.706886
2008,KG08,,NCD_DIABTS,7.89177
2009,KG08,,NCD_DIABTS,4.721083
2010,KG08,,NCD_DIABTS,5.667817
2011,KG08,,NCD_DIABTS,7.206547
2012,KG08,,NCD_DIABTS,4.816376
2013,KG08,,NCD_DIABTS,7.919622
2014,KG08,,NCD_DIABTS,9.512761
2015,KG08,,NCD_DIABTS,7.395608
2016,KG08,,NCD_DIABTS,8.590874
2017,KG08,,NCD_DIABTS,6.568144
2018,KG08,,NCD_DIABTS,7.193472
2019,KG08,,NCD_DIABTS,6.62809
2020,KG08,,NCD_DIABTS,9.1
2007,KG08,M,NCD_DIABTS,6.177606
2008,KG08,M,NCD_DIABTS,7.14468
2009,KG08,M,NCD_DIABTS,3.794586
2010,KG08,M,NCD_DIABTS,6.268806
2011,KG08,M,NCD_DIABTS,5.962733
2012,KG08,M,NCD_DIABTS,5.382921
2013,KG08,M,NCD_DIABTS,5.522209
2014,KG08,M,NCD_DIABTS,8.71819
2015,KG08,M,NCD_DIABTS,5.083179
2016,KG08,M,NCD_DIABTS,6.796556
2017,KG08,M,NCD_DIABTS,5.335705
2018,KG08,M,NCD_DIABTS,5.669429
2019,KG08,M,NCD_DIABTS,5.553182
2020,KG08,M,NCD_DIABTS,6.3
2007,KG08,F,NCD_DIABTS,9.181141
2008,KG08,F,NCD_DIABTS,8.612205
2009,KG08,F,NCD_DIABTS,5.615234
2010,KG08,F,NCD_DIABTS,5.087209
2011,KG08,F,NCD_DIABTS,8.409419
2012,KG08,F,NCD_DIABTS,4.267425
2013,KG08,F,NCD_DIABTS,10.24447
2014,KG08,F,NCD_DIABTS,10.283364
2015,KG08,F,NCD_DIABTS,9.639094
2016,KG08,F,NCD_DIABTS,10.331941
2017,KG08,F,NCD_DIABTS,7.76364
2018,KG08,F,NCD_DIABTS,8.671743
2019,KG08,F,NCD_DIABTS,7.671574
2020,KG08,F,NCD_DIABTS,11.8
2007,KG11,,NCD_DIABTS,4.03571
2008,KG11,,NCD_DIABTS,5.197631
2009,KG11,,NCD_DIABTS,4.645622
2010,KG11,,NCD_DIABTS,3.985465
2011,KG11,,NCD_DIABTS,4.036443
2012,KG11,,NCD_DIABTS,3.957038
2013,KG11,,NCD_DIABTS,4.861341
2014,KG11,,NCD_DIABTS,3.777658
2015,KG11,,NCD_DIABTS,3.164891
2016,KG11,,NCD_DIABTS,4.951516
2017,KG11,,NCD_DIABTS,4.338176
2018,KG11,,NCD_DIABTS,3.350744
2019,KG11,,NCD_DIABTS,2.786854
2020,KG11,,NCD_DIABTS,4.7
2007,KG11,M,NCD_DIABTS,4.472507
2008,KG11,M,NCD_DIABTS,3.648684
2009,KG11,M,NCD_DIABTS,4.367934
2010,KG11,M,NCD_DIABTS,3.283657
2011,KG11,M,NCD_DIABTS,2.483238
2012,KG11,M,NCD_DIABTS,3.64786
2013,KG11,M,NCD_DIABTS,5.698006
2014,KG11,M,NCD_DIABTS,3.242993
2015,KG11,M,NCD_DIABTS,2.938517
2016,KG11,M,NCD_DIABTS,4.19426
2017,KG11,M,NCD_DIABTS,3.882657
2018,KG11,M,NCD_DIABTS,2.736842
2019,KG11,M,NCD_DIABTS,2.0496
2020,KG11,M,NCD_DIABTS,5.8
2007,KG11,F,NCD_DIABTS,3.656307
2008,KG11,F,NCD_DIABTS,6.537421
2009,KG11,F,NCD_DIABTS,4.885632
2010,KG11,F,NCD_DIABTS,4.593176
2011,KG11,F,NCD_DIABTS,5.38329
2012,KG11,F,NCD_DIABTS,4.22565
2013,KG11,F,NCD_DIABTS,4.133085
2014,KG11,F,NCD_DIABTS,4.244139
2015,KG11,F,NCD_DIABTS,3.363007
2016,KG11,F,NCD_DIABTS,5.615802
2017,KG11,F,NCD_DIABTS,4.738438
2018,KG11,F,NCD_DIABTS,3.891051
2019,KG11,F,NCD_DIABTS,3.43767
2020,KG11,F,NCD_DIABTS,3.7
2007,KG21,,NCD_DIABTS,9.364027
2008,KG21,,NCD_DIABTS,11.650485
2009,KG21,,NCD_DIABTS,5.800464
2010,KG21,,NCD_DIABTS,6.213592
2011,KG21,,NCD_DIABTS,8.600469
2012,KG21,,NCD_DIABTS,5.424254
2013,KG21,,NCD_DIABTS,13.318113
2014,KG21,,NCD_DIABTS,7.844602
2015,KG21,,NCD_DIABTS,6.227106
2016,KG21,,NCD_DIABTS,8.967001
2017,KG21,,NCD_DIABTS,11.913104
2018,KG21,,NCD_DIABTS,9.520571
2019,KG21,,NCD_DIABTS,9.477124
2020,KG21,,NCD_DIABTS,13.9
2007,KG21,M,NCD_DIABTS,8.136697
2008,KG21,M,NCD_DIABTS,8.906883
2009,KG21,M,NCD_DIABTS,3.220612
2010,KG21,M,NCD_DIABTS,4.045307
2011,KG21,M,NCD_DIABTS,5.709625
2012,KG21,M,NCD_DIABTS,4.846527
2013,KG21,M,NCD_DIABTS,5.542359
2014,KG21,M,NCD_DIABTS,5.430566
2015,KG21,M,NCD_DIABTS,3.799392
2016,KG21,M,NCD_DIABTS,5.200594
2017,KG21,M,NCD_DIABTS,8.701958
2018,KG21,M,NCD_DIABTS,11.235955
2019,KG21,M,NCD_DIABTS,10.114633
2020,KG21,M,NCD_DIABTS,13.0
2007,KG21,F,NCD_DIABTS,10.494753
2008,KG21,F,NCD_DIABTS,14.179104
2009,KG21,F,NCD_DIABTS,8.184524
2010,KG21,F,NCD_DIABTS,8.215086
2011,KG21,F,NCD_DIABTS,11.261261
2012,KG21,F,NCD_DIABTS,5.956813
2013,KG21,F,NCD_DIABTS,20.512821
2014,KG21,F,NCD_DIABTS,10.086455
2015,KG21,F,NCD_DIABTS,8.486563
2016,KG21,F,NCD_DIABTS,12.482663
2017,KG21,F,NCD_DIABTS,14.915254
2018,KG21,F,NCD_DIABTS,7.910349
2019,KG21,F,NCD_DIABTS,8.877616
2020,KG21,F,NCD_DIABTS,14.7
2007,,,NCD_CRESPD,39.651507
2008,,,NCD_CRESPD,38.50565
2009,,,NCD_CRESPD,32.675125
2010,,,NCD_CRESPD,30.4
2011,,,NCD_CRESPD,27.073096
2012,,,NCD_CRESPD,26.054391
2013,,,NCD_CRESPD,21.2
2014,,,NCD_CRESPD,21.6
2015,,,NCD_CRESPD,18.9
2016,,,NCD_CRESPD,19.0
2017,,,NCD_CRESPD,17.6
2018,,,NCD_CRESPD,16.3
2019,,,NCD_CRESPD,16.4
2020,,,NCD_CRESPD,17.2
2007,,M,NCD_CRESPD,47.17562
2008,,M,NCD_CRESPD,45.319408
2009,,M,NCD_CRESPD,38.205292
2010,,M,NCD_CRESPD,35.475234
2011,,M,NCD_CRESPD,31.255739
2012,,M,NCD_CRESPD,30.863083
2013,,M,NCD_CRESPD,25.038017
2014,,M,NCD_CRESPD,25.565525
2015,,M,NCD_CRESPD,21.703008
2016,,M,NCD_CRESPD,21.648903
2017,,M,NCD_CRESPD,21.352777
2018,,M,NCD_CRESPD,19.421501
2019,,M,NCD_CRESPD,19.478087
2020,,M,NCD_CRESPD,19.6
2007,,F,NCD_CRESPD,32.32694
2008,,F,NCD_CRESPD,31.872658
2009,,F,NCD_CRESPD,27.286731
2010,,F,NCD_CRESPD,25.519266
2011,,F,NCD_CRESPD,22.994269
2012,,F,NCD_CRESPD,21.359086
2013,,F,NCD_CRESPD,17.357029
2014,,F,NCD_CRESPD,17.768133
2015,,F,NCD_CRESPD,16.221786
2016,,F,NCD_CRESPD,16.361918
2017,,F,NCD_CRESPD,13.818252
2018,,F,NCD_CRESPD,13.271005
2019,,F,NCD_CRESPD,13.280457
2020,,F,NCD_CRESPD,14.8
2007,KG05,,NCD_CRESPD,43.209877
2008,KG05,,NCD_CRESPD,44.972922
2009,KG05,,NCD_CRESPD,36.710037
2010,KG05,,NCD_CRESPD,31.092821
2011,KG05,,NCD_CRESPD,28.320971
2012,KG05,,NCD_CRESPD,14.984575
2013,KG05,,NCD_CRESPD,16.153349
2014,KG05,,NCD_CRESPD,15.572391
2015,KG05,,NCD_CRESPD,17.262639
2016,KG05,,NCD_CRESPD,16.462558
2017,KG05,,NCD_CRESPD,16.912488
2018,KG05,,NCD_CRESPD,14.247208
2019,KG05,,NCD_CRESPD,9.789157
2020,KG05,,NCD_CRESPD,10.5
2007,KG05,M,NCD_CRESPD,46.707146
2008,KG05,M,NCD_CRESPD,51.388889
2009,KG05,M,NCD_CRESPD,42.922374
2010,KG05,M,NCD_CRESPD,30.139451
2011,KG05,M,NCD_CRESPD,31.886625
2012,KG05,M,NCD_CRESPD,16.059028
2013,KG05,M,NCD_CRESPD,16.108521
2014,KG05,M,NCD_CRESPD,16.970199
2015,KG05,M,NCD_CRESPD,18.181818
2016,KG05,M,NCD_CRESPD,17.758485
2017,KG05,M,NCD_CRESPD,19.319938
2018,KG05,M,NCD_CRESPD,15.879017
2019,KG05,M,NCD_CRESPD,10.347376
2020,KG05,M,NCD_CRESPD,9.4
2007,KG05,F,NCD_CRESPD,39.594399
2008,KG05,F,NCD_CRESPD,38.332535
2009,KG05,F,NCD_CRESPD,30.274361
2010,KG05,F,NCD_CRESPD,32.078103
2011,KG05,F,NCD_CRESPD,24.64628
2012,KG05,F,NCD_CRESPD,13.876455
2013,KG05,F,NCD_CRESPD,16.19965
2014,KG05,F,NCD_CRESPD,14.126712
2015,KG05,F,NCD_CRESPD,16.311167
2016,KG05,F,NCD_CRESPD,15.120556
2017,KG05,F,NCD_CRESPD,14.417301
2018,KG05,F,NCD_CRESPD,12.553943
2019,KG05,F,NCD_CRESPD,9.209517
2020,KG05,F,NCD_CRESPD,11.6
2007,KG03,,NCD_CRESPD,29.554656
2008,KG03,,NCD_CRESPD,31.415708
2009,KG03,,NCD_CRESPD,27.389163
2010,KG03,,NCD_CRESPD,26.992912
2011,KG03,,NCD_CRESPD,20.374976
2012,KG03,,NCD_CRESPD,21.022994
2013,KG03,,NCD_CRESPD,17.1875
2014,KG03,,NCD_CRESPD,22.866403
2015,KG03,,NCD_CRESPD,20.363188
2016,KG03,,NCD_CRESPD,15.894955
2017,KG03,,NCD_CRESPD,16.021022
2018,KG03,,NCD_CRESPD,16.216216
2019,KG03,,NCD_CRESPD,15.734551
2020,KG03,,NCD_CRESPD,17.7
2007,KG03,M,NCD_CRESPD,32.584497
2008,KG03,M,NCD_CRESPD,37.4
2009,KG03,M,NCD_CRESPD,29.139594
2010,KG03,M,NCD_CRESPD,30.261882
2011,KG03,M,NCD_CRESPD,23.500191
2012,KG03,M,NCD_CRESPD,24.170883
2013,KG03,M,NCD_CRESPD,20.905923
2014,KG03,M,NCD_CRESPD,24.950637
2015,KG03,M,NCD_CRESPD,22.651449
2016,KG03,M,NCD_CRESPD,17.365887
2017,KG03,M,NCD_CRESPD,17.36638
2018,KG03,M,NCD_CRESPD,18.019507
2019,KG03,M,NCD_CRESPD,17.984446
2020,KG03,M,NCD_CRESPD,19.4
2007,KG03,F,NCD_CRESPD,26.523588
2008,KG03,F,NCD_CRESPD,25.425425
2009,KG03,F,NCD_CRESPD,25.635969
2010,KG03,F,NCD_CRESPD,23.716952
2011,KG03,F,NCD_CRESPD,17.241379
2012,KG03,F,NCD_CRESPD,17.863859
2013,KG03,F,NCD_CRESPD,13.451262
2014,KG03,F,NCD_CRESPD,20.76937
2015,KG03,F,NCD_CRESPD,18.056293
2016,KG03,F,NCD_CRESPD,14.409722
2017,KG03,F,NCD_CRESPD,14.660757
2018,KG03,F,NCD_CRESPD,14.390897
2019,KG03,F,NCD_CRESPD,13.455858
2020,KG03,F,NCD_CRESPD,15.9
2007,KG02,,NCD_CRESPD,91.683944
2008,KG02,,NCD_CRESPD,91.429881
2009,KG02,,NCD_CRESPD,73.265074
2010,KG02,,NCD_CRESPD,70.219011
2011,KG02,,NCD_CRESPD,62.962133
2012,KG02,,NCD_CRESPD,67.672509
2013,KG02,,NCD_CRESPD,51.535088
2014,KG02,,NCD_CRESPD,46.183868
2015,KG02,,NCD_CRESPD,40.899358
2016,KG02,,NCD_CRESPD,45.838614
2017,KG02,,NCD_CRESPD,43.759116
2018,KG02,,NCD_CRESPD,34.539474
2019,KG02,,NCD_CRESPD,38.344492
2020,KG02,,NCD_CRESPD,35.1
2007,KG02,M,NCD_CRESPD,121.552127
2008,KG02,M,NCD_CRESPD,107.29215
2009,KG02,M,NCD_CRESPD,80.994017
2010,KG02,M,NCD_CRESPD,88.047445
2011,KG02,M,NCD_CRESPD,69.620253
2012,KG02,M,NCD_CRESPD,80.98434
2013,KG02,M,NCD_CRESPD,66.725586
2014,KG02,M,NCD_CRESPD,58.515284
2015,KG02,M,NCD_CRESPD,49.137931
2016,KG02,M,NCD_CRESPD,56.924384
2017,KG02,M,NCD_CRESPD,54.857621
2018,KG02,M,NCD_CRESPD,44.591247
2019,KG02,M,NCD_CRESPD,46.843177
2020,KG02,M,NCD_CRESPD,42.3
2007,KG02,F,NCD_CRESPD,62.6703
2008,KG02,F,NCD_CRESPD,75.983718
2009,KG02,F,NCD_CRESPD,65.706571
2010,KG02,F,NCD_CRESPD,52.749218
2011,KG02,F,NCD_CRESPD,56.419369
2012,KG02,F,NCD_CRESPD,54.577465
2013,KG02,F,NCD_CRESPD,36.569438
2014,KG02,F,NCD_CRESPD,34.022394
2015,KG02,F,NCD_CRESPD,32.765957
2016,KG02,F,NCD_CRESPD,34.87395
2017,KG02,F,NCD_CRESPD,32.766487
2018,KG02,F,NCD_CRESPD,24.570025
2019,KG02,F,NCD_CRESPD,29.911075
2020,KG02,F,NCD_CRESPD,27.9
2007,KG04,,NCD_CRESPD,105.79541
2008,KG04,,NCD_CRESPD,101.905873
2009,KG04,,NCD_CRESPD,88.656601
2010,KG04,,NCD_CRESPD,83.62102
2011,KG04,,NCD_CRESPD,78.528073
2012,KG04,,NCD_CRESPD,88.930582
2013,KG04,,NCD_CRESPD,82.313682
2014,KG04,,NCD_CRESPD,75.457875
2015,KG04,,NCD_CRESPD,63.382832
2016,KG04,,NCD_CRESPD,61.918397
2017,KG04,,NCD_CRESPD,47.433628
2018,KG04,,NCD_CRESPD,40.294324
2019,KG04,,NCD_CRESPD,49.60111
2020,KG04,,NCD_CRESPD,48.8
2007,KG04,M,NCD_CRESPD,108.712413
2008,KG04,M,NCD_CRESPD,96.227868
2009,KG04,M,NCD_CRESPD,88.820827
2010,KG04,M,NCD_CRESPD,78.787879
2011,KG04,M,NCD_CRESPD,82.335329
2012,KG04,M,NCD_CRESPD,90.976331
2013,KG04,M,NCD_CRESPD,81.081081
2014,KG04,M,NCD_CRESPD,79.422383
2015,KG04,M,NCD_CRESPD,66.381156
2016,KG04,M,NCD_CRESPD,55.712271
2017,KG04,M,NCD_CRESPD,49.442897
2018,KG04,M,NCD_CRESPD,43.38843
2019,KG04,M,NCD_CRESPD,53.851397
2020,KG04,M,NCD_CRESPD,51.3
2007,KG04,F,NCD_CRESPD,102.825746
2008,KG04,F,NCD_CRESPD,107.704403
2009,KG04,F,NCD_CRESPD,88.488645
2010,KG04,F,NCD_CRESPD,88.578089
2011,KG04,F,NCD_CRESPD,74.615385
2012,KG04,F,NCD_CRESPD,86.824067
2013,KG04,F,NCD_CRESPD,83.584337
2014,KG04,F,NCD_CRESPD,71.375465
2015,KG04,F,NCD_CRESPD,60.294118
2016,KG04,F,NCD_CRESPD,68.313953
2017,KG04,F,NCD_CRESPD,45.356371
2018,KG04,F,NCD_CRESPD,37.089872
2019,KG04,F,NCD_CRESPD,45.19774
2020,KG04,F,NCD_CRESPD,46.2
2007,KG06,,NCD_CRESPD,39.54436
2008,KG06,,NCD_CRESPD,40.07686
2009,KG06,,NCD_CRESPD,36.412799
2010,KG06,,NCD_CRESPD,35.129847
2011,KG06,,NCD_CRESPD,29.316247
2012,KG06,,NCD_CRESPD,25.678587
2013,KG06,,NCD_CRESPD,20.815776
2014,KG06,,NCD_CRESPD,22.15633
2015,KG06,,NCD_CRESPD,17.926045
2016,KG06,,NCD_CRESPD,20.257538
2017,KG06,,NCD_CRESPD,17.220172
2018,KG06,,NCD_CRESPD,18.599398
2019,KG06,,NCD_CRESPD,18.302583
2020,KG06,,NCD_CRESPD,21.2
2007,KG06,M,NCD_CRESPD,43.366409
2008,KG06,M,NCD_CRESPD,45.578355
2009,KG06,M,NCD_CRESPD,42.560801
2010,KG06,M,NCD_CRESPD,39.548023
2011,KG06,M,NCD_CRESPD,32.252441
2012,KG06,M,NCD_CRESPD,29.431896
2013,KG06,M,NCD_CRESPD,22.750084
2014,KG06,M,NCD_CRESPD,24.023533
2015,KG06,M,NCD_CRESPD,18.654337
2016,KG06,M,NCD_CRESPD,21.475257
2017,KG06,M,NCD_CRESPD,21.619976
2018,KG06,M,NCD_CRESPD,20.569384
2019,KG06,M,NCD_CRESPD,19.270073
2020,KG06,M,NCD_CRESPD,21.6
2007,KG06,F,NCD_CRESPD,35.660941
2008,KG06,F,NCD_CRESPD,34.489118
2009,KG06,F,NCD_CRESPD,30.165364
2010,KG06,F,NCD_CRESPD,30.645161
2011,KG06,F,NCD_CRESPD,26.339049
2012,KG06,F,NCD_CRESPD,21.871203
2013,KG06,F,NCD_CRESPD,18.851902
2014,KG06,F,NCD_CRESPD,20.25905
2015,KG06,F,NCD_CRESPD,17.185473
2016,KG06,F,NCD_CRESPD,19.017433
2017,KG06,F,NCD_CRESPD,12.732919
2018,KG06,F,NCD_CRESPD,16.588038
2019,KG06,F,NCD_CRESPD,17.313433
2020,KG06,F,NCD_CRESPD,20.8
2007,KG07,,NCD_CRESPD,26.044005
2008,KG07,,NCD_CRESPD,20.444444
2009,KG07,,NCD_CRESPD,17.135325
2010,KG07,,NCD_CRESPD,15.190972
2011,KG07,,NCD_CRESPD,17.55137
2012,KG07,,NCD_CRESPD,29.064869
2013,KG07,,NCD_CRESPD,14.498757
2014,KG07,,NCD_CRESPD,17.529556
2015,KG07,,NCD_CRESPD,14.440433
2016,KG07,,NCD_CRESPD,13.823065
2017,KG07,,NCD_CRESPD,12.062257
2018,KG07,,NCD_CRESPD,13.016845
2019,KG07,,NCD_CRESPD,11.680482
2020,KG07,,NCD_CRESPD,14.1
2007,KG07,M,NCD_CRESPD,29.649596
2008,KG07,M,NCD_CRESPD,26.642984
2009,KG07,M,NCD_CRESPD,21.929825
2010,KG07,M,NCD_CRESPD,13.852814
2011,KG07,M,NCD_CRESPD,17.902813
2012,KG07,M,NCD_CRESPD,36.0134
2013,KG07,M,NCD_CRESPD,16.460905
2014,KG07,M,NCD_CRESPD,24.271845
2015,KG07,M,NCD_CRESPD,13.513514
2016,KG07,M,NCD_CRESPD,16.419077
2017,KG07,M,NCD_CRESPD,8.474576
2018,KG07,M,NCD_CRESPD,9.848485
2019,KG07,M,NCD_CRESPD,13.412817
2020,KG07,M,NCD_CRESPD,16.9
2007,KG07,F,NCD_CRESPD,22.441652
2008,KG07,F,NCD_CRESPD,14.234875
2009,KG07,F,NCD_CRESPD,12.323944
2010,KG07,F,NCD_CRESPD,16.536118
2011,KG07,F,NCD_CRESPD,17.196905
2012,KG07,F,NCD_CRESPD,22.033898
2013,KG07,F,NCD_CRESPD,12.510425
2014,KG07,F,NCD_CRESPD,10.682005
2015,KG07,F,NCD_CRESPD,15.384615
2016,KG07,F,NCD_CRESPD,11.173184
2017,KG07,F,NCD_CRESPD,15.72327
2018,KG07,F,NCD_CRESPD,16.25387
2019,KG07,F,NCD_CRESPD,9.908537
2020,KG07,F,NCD_CRESPD,11.3
2007,KG08,,NCD_CRESPD,38.029059
2008,KG08,,NCD_CRESPD,32.819742
2009,KG08,,NCD_CRESPD,24.723568
2010,KG08,,NCD_CRESPD,21.685559
2011,KG08,,NCD_CRESPD,24.306828
2012,KG08,,NCD_CRESPD,19.145093
2013,KG08,,NCD_CRESPD,16.903073
2014,KG08,,NCD_CRESPD,13.457077
2015,KG08,,NCD_CRESPD,12.743202
2016,KG08,,NCD_CRESPD,14.169363
2017,KG08,,NCD_CRESPD,14.668856
2018,KG08,,NCD_CRESPD,13.635388
2019,KG08,,NCD_CRESPD,11.88848
2020,KG08,,NCD_CRESPD,10.6
2007,KG08,M,NCD_CRESPD,48.906049
2008,KG08,M,NCD_CRESPD,41.337076
2009,KG08,M,NCD_CRESPD,32.633443
2010,KG08,M,NCD_CRESPD,31.09328
2011,KG08,M,NCD_CRESPD,30.807453
2012,KG08,M,NCD_CRESPD,26.669929
2013,KG08,M,NCD_CRESPD,23.289316
2014,KG08,M,NCD_CRESPD,18.614515
2015,KG08,M,NCD_CRESPD,17.791128
2016,KG08,M,NCD_CRESPD,19.030358
2017,KG08,M,NCD_CRESPD,20.231214
2018,KG08,M,NCD_CRESPD,19.188836
2019,KG08,M,NCD_CRESPD,17.513883
2020,KG08,M,NCD_CRESPD,14.7
2007,KG08,F,NCD_CRESPD,27.543424
2008,KG08,F,NCD_CRESPD,24.606299
2009,KG08,F,NCD_CRESPD,17.089844
2010,KG08,F,NCD_CRESPD,12.596899
2011,KG08,F,NCD_CRESPD,18.020183
2012,KG08,F,NCD_CRESPD,11.853959
2013,KG08,F,NCD_CRESPD,10.710128
2014,KG08,F,NCD_CRESPD,8.45521
2015,KG08,F,NCD_CRESPD,7.845774
2016,KG08,F,NCD_CRESPD,9.452627
2017,KG08,F,NCD_CRESPD,9.273237
2018,KG08,F,NCD_CRESPD,8.248731
2019,KG08,F,NCD_CRESPD,6.427535
2020,KG08,F,NCD_CRESPD,6.7
2007,KG11,,NCD_CRESPD,11.984836
2008,KG11,,NCD_CRESPD,9.18651
2009,KG11,,NCD_CRESPD,8.695652
2010,KG11,,NCD_CRESPD,7.619271
2011,KG11,,NCD_CRESPD,6.80429
2012,KG11,,NCD_CRESPD,7.00961
2013,KG11,,NCD_CRESPD,4.861341
2014,KG11,,NCD_CRESPD,6.475985
2015,KG11,,NCD_CRESPD,5.169322
2016,KG11,,NCD_CRESPD,4.84836
2017,KG11,,NCD_CRESPD,4.338176
2018,KG11,,NCD_CRESPD,5.026116
2019,KG11,,NCD_CRESPD,5.093215
2020,KG11,,NCD_CRESPD,6.4
2007,KG11,M,NCD_CRESPD,16.837674
2008,KG11,M,NCD_CRESPD,13.552254
2009,KG11,M,NCD_CRESPD,13.36074
2010,KG11,M,NCD_CRESPD,11.619096
2011,KG11,M,NCD_CRESPD,9.932953
2012,KG11,M,NCD_CRESPD,9.727626
2013,KG11,M,NCD_CRESPD,6.410256
2014,KG11,M,NCD_CRESPD,10.423905
2015,KG11,M,NCD_CRESPD,7.459313
2016,KG11,M,NCD_CRESPD,6.401766
2017,KG11,M,NCD_CRESPD,7.333909
2018,KG11,M,NCD_CRESPD,7.368421
2019,KG11,M,NCD_CRESPD,7.583521
2020,KG11,M,NCD_CRESPD,9.0
2007,KG11,F,NCD_CRESPD,7.769653
2008,KG11,F,NCD_CRESPD,5.41028
2009,KG11,F,NCD_CRESPD,4.663558
2010,KG11,F,NCD_CRESPD,4.155731
2011,KG11,F,NCD_CRESPD,4.091301
2012,KG11,F,NCD_CRESPD,4.648215
2013,KG11,F,NCD_CRESPD,3.513123
2014,KG11,F,NCD_CRESPD,3.031528
2015,KG11,F,NCD_CRESPD,3.165183
2016,KG11,F,NCD_CRESPD,3.48567
2017,KG11,F,NCD_CRESPD,1.705838
2018,KG11,F,NCD_CRESPD,2.96461
2019,KG11,F,NCD_CRESPD,2.89488
2020,KG11,F,NCD_CRESPD,4.1
2007,KG21,,NCD_CRESPD,23.800234
2008,KG21,,NCD_CRESPD,23.300971
2009,KG21,,NCD_CRESPD,22.041763
2010,KG21,,NCD_CRESPD,17.087379
2011,KG21,,NCD_CRESPD,12.900704
2012,KG21,,NCD_CRESPD,15.110422
2013,KG21,,NCD_CRESPD,8.371385
2014,KG21,,NCD_CRESPD,10.085917
2015,KG21,,NCD_CRESPD,9.89011
2016,KG21,,NCD_CRESPD,11.119082
2017,KG21,,NCD_CRESPD,12.964261
2018,KG21,,NCD_CRESPD,7.140428
2019,KG21,,NCD_CRESPD,11.111111
2020,KG21,,NCD_CRESPD,11.3
2007,KG21,M,NCD_CRESPD,33.360456
2008,KG21,M,NCD_CRESPD,32.388664
2009,KG21,M,NCD_CRESPD,29.79066
2010,KG21,M,NCD_CRESPD,19.417476
2011,KG21,M,NCD_CRESPD,17.944535
2012,KG21,M,NCD_CRESPD,16.962843
2013,KG21,M,NCD_CRESPD,11.084719
2014,KG21,M,NCD_CRESPD,10.085337
2015,KG21,M,NCD_CRESPD,11.398176
2016,KG21,M,NCD_CRESPD,15.601783
2017,KG21,M,NCD_CRESPD,16.678753
2018,KG21,M,NCD_CRESPD,9.129213
2019,KG21,M,NCD_CRESPD,14.834794
2020,KG21,M,NCD_CRESPD,14.9
2007,KG21,F,NCD_CRESPD,14.992504
2008,KG21,F,NCD_CRESPD,14.925373
2009,KG21,F,NCD_CRESPD,14.880952
2010,KG21,F,NCD_CRESPD,14.93652
2011,KG21,F,NCD_CRESPD,8.258258
2012,KG21,F,NCD_CRESPD,13.402829
2013,KG21,F,NCD_CRESPD,5.860806
2014,KG21,F,NCD_CRESPD,10.086455
2015,KG21,F,NCD_CRESPD,8.486563
2016,KG21,F,NCD_CRESPD,6.934813
2017,KG21,F,NCD_CRESPD,9.491525
2018,KG21,F,NCD_CRESPD,5.273566
2019,KG21,F,NCD_CRESPD,7.609385
2020,KG21,F,NCD_CRESPD,8.0
