Year,SERIES,REF_AREA,SEX,AGE,URBANISATION,INCOME_WEALTH_QUANTILE,EDUCATION_LEV,COMPOSITE_BREAKDOWN,GeoCode,Value
2018,SH_XPD_EARN10,,,,,,,,,5.1
2019,SH_XPD_EARN10,,,,,,,,,5.3
2020,SH_XPD_EARN10,,,,,,,,,4.8
2021,SH_XPD_EARN10,,,,,,,,,4.1
2022,SH_XPD_EARN10,,,,,,,,,4.6
2023,SH_XPD_EARN10,,,,,,,,,4.7
2018,SH_XPD_EARN10,,,,U,,,,,4.2
2019,SH_XPD_EARN10,,,,U,,,,,4.8
2020,SH_XPD_EARN10,,,,U,,,,,4.8
2021,SH_XPD_EARN10,,,,U,,,,,3.8
2022,SH_XPD_EARN10,,,,U,,,,,4.2
2023,SH_XPD_EARN10,,,,U,,,,,6.0
2018,SH_XPD_EARN10,,,,R,,,,,5.7
2019,SH_XPD_EARN10,,,,R,,,,,5.5
2020,SH_XPD_EARN10,,,,R,,,,,4.8
2021,SH_XPD_EARN10,,,,R,,,,,4.2
2022,SH_XPD_EARN10,,,,R,,,,,4.8
2023,SH_XPD_EARN10,,,,R,,,,,4.0
2018,SH_XPD_EARN10,,M,,,,,,,4.9
2019,SH_XPD_EARN10,,M,,,,,,,4.8
2020,SH_XPD_EARN10,,M,,,,,,,4.6
2021,SH_XPD_EARN10,,M,,,,,,,3.7
2022,SH_XPD_EARN10,,M,,,,,,,4.3
2023,SH_XPD_EARN10,,M,,,,,,,4.4
2018,SH_XPD_EARN10,,F,,,,,,,5.4
2019,SH_XPD_EARN10,,F,,,,,,,5.6
2020,SH_XPD_EARN10,,F,,,,,,,5.0
2021,SH_XPD_EARN10,,F,,,,,,,4.4
2022,SH_XPD_EARN10,,F,,,,,,,4.8
2023,SH_XPD_EARN10,,F,,,,,,,5.0
2018,SH_XPD_EARN10,KG05,,,,,,,KG05,4.1
2019,SH_XPD_EARN10,KG05,,,,,,,KG05,4.2
2020,SH_XPD_EARN10,KG05,,,,,,,KG05,1.5
2021,SH_XPD_EARN10,KG05,,,,,,,KG05,1.7
2022,SH_XPD_EARN10,KG05,,,,,,,KG05,1.5
2023,SH_XPD_EARN10,KG05,,,,,,,KG05,2.2
2018,SH_XPD_EARN10,KG03,,,,,,,KG03,3.0
2019,SH_XPD_EARN10,KG03,,,,,,,KG03,1.5
2020,SH_XPD_EARN10,KG03,,,,,,,KG03,0.3
2021,SH_XPD_EARN10,KG03,,,,,,,KG03,0.0
2022,SH_XPD_EARN10,KG03,,,,,,,KG03,0.2
2023,SH_XPD_EARN10,KG03,,,,,,,KG03,2.2
2018,SH_XPD_EARN10,KG02,,,,,,,KG02,3.0
2019,SH_XPD_EARN10,KG02,,,,,,,KG02,2.8
2020,SH_XPD_EARN10,KG02,,,,,,,KG02,2.0
2021,SH_XPD_EARN10,KG02,,,,,,,KG02,2.6
2022,SH_XPD_EARN10,KG02,,,,,,,KG02,2.7
2023,SH_XPD_EARN10,KG02,,,,,,,KG02,1.9
2018,SH_XPD_EARN10,KG04,,,,,,,KG04,10.5
2019,SH_XPD_EARN10,KG04,,,,,,,KG04,9.5
2020,SH_XPD_EARN10,KG04,,,,,,,KG04,8.2
2021,SH_XPD_EARN10,KG04,,,,,,,KG04,8.6
2022,SH_XPD_EARN10,KG04,,,,,,,KG04,5.8
2023,SH_XPD_EARN10,KG04,,,,,,,KG04,9.6
2018,SH_XPD_EARN10,KG06,,,,,,,KG06,5.2
2019,SH_XPD_EARN10,KG06,,,,,,,KG06,6.4
2020,SH_XPD_EARN10,KG06,,,,,,,KG06,6.0
2021,SH_XPD_EARN10,KG06,,,,,,,KG06,4.8
2022,SH_XPD_EARN10,KG06,,,,,,,KG06,6.5
2023,SH_XPD_EARN10,KG06,,,,,,,KG06,3.2
2018,SH_XPD_EARN10,KG07,,,,,,,KG07,1.9
2019,SH_XPD_EARN10,KG07,,,,,,,KG07,0.8
2020,SH_XPD_EARN10,KG07,,,,,,,KG07,0.3
2021,SH_XPD_EARN10,KG07,,,,,,,KG07,1.0
2022,SH_XPD_EARN10,KG07,,,,,,,KG07,1.2
2023,SH_XPD_EARN10,KG07,,,,,,,KG07,1.7
2018,SH_XPD_EARN10,KG08,,,,,,,KG08,10.4
2019,SH_XPD_EARN10,KG08,,,,,,,KG08,11.9
2020,SH_XPD_EARN10,KG08,,,,,,,KG08,12.3
2021,SH_XPD_EARN10,KG08,,,,,,,KG08,10.3
2022,SH_XPD_EARN10,KG08,,,,,,,KG08,10.6
2023,SH_XPD_EARN10,KG08,,,,,,,KG08,10.9
2018,SH_XPD_EARN10,KG11,,,,,,,KG11,2.8
2019,SH_XPD_EARN10,KG11,,,,,,,KG11,3.0
2020,SH_XPD_EARN10,KG11,,,,,,,KG11,5.3
2021,SH_XPD_EARN10,KG11,,,,,,,KG11,3.2
2022,SH_XPD_EARN10,KG11,,,,,,,KG11,4.1
2023,SH_XPD_EARN10,KG11,,,,,,,KG11,3.2
2018,SH_XPD_EARN10,KG21,,,,,,,KG21,7.8
2019,SH_XPD_EARN10,KG21,,,,,,,KG21,8.6
2020,SH_XPD_EARN10,KG21,,,,,,,KG21,4.1
2021,SH_XPD_EARN10,KG21,,,,,,,KG21,5.5
2022,SH_XPD_EARN10,KG21,,,,,,,KG21,5.4
2023,SH_XPD_EARN10,KG21,,,,,,,KG21,13.3
2018,SH_XPD_EARN10,,,Y0T5,,,,,,4.2
2019,SH_XPD_EARN10,,,Y0T5,,,,,,4.5
2020,SH_XPD_EARN10,,,Y0T5,,,,,,3.8
2021,SH_XPD_EARN10,,,Y0T5,,,,,,3.2
2022,SH_XPD_EARN10,,,Y0T5,,,,,,3.6
2023,SH_XPD_EARN10,,,Y0T5,,,,,,4.0
2018,SH_XPD_EARN10,,,Y7T14,,,,,,4.3
2019,SH_XPD_EARN10,,,Y7T14,,,,,,3.8
2020,SH_XPD_EARN10,,,Y7T14,,,,,,3.5
2021,SH_XPD_EARN10,,,Y7T14,,,,,,3.1
2022,SH_XPD_EARN10,,,Y7T14,,,,,,3.8
2023,SH_XPD_EARN10,,,Y7T14,,,,,,3.4
2018,SH_XPD_EARN10,,,Y15T28,,,,,,4.0
2019,SH_XPD_EARN10,,,Y15T28,,,,,,4.2
2020,SH_XPD_EARN10,,,Y15T28,,,,,,3.6
2021,SH_XPD_EARN10,,,Y15T28,,,,,,2.2
2022,SH_XPD_EARN10,,,Y15T28,,,,,,3.6
2023,SH_XPD_EARN10,,,Y15T28,,,,,,3.5
2018,SH_XPD_EARN10,,,Y29T62,,,,,,4.8
2019,SH_XPD_EARN10,,,Y29T62,,,,,,4.8
2020,SH_XPD_EARN10,,,Y29T62,,,,,,4.0
2021,SH_XPD_EARN10,,,Y29T62,,,,,,3.6
2022,SH_XPD_EARN10,,,Y29T62,,,,,,3.7
2023,SH_XPD_EARN10,,,Y29T62,,,,,,4.4
2018,SH_XPD_EARN10,,,Y_GE58,,,,,,11.6
2019,SH_XPD_EARN10,,,Y_GE58,,,,,,12.5
2020,SH_XPD_EARN10,,,Y_GE58,,,,,,12.9
2021,SH_XPD_EARN10,,,Y_GE58,,,,,,10.9
2022,SH_XPD_EARN10,,,Y_GE58,,,,,,10.9
2023,SH_XPD_EARN10,,,Y_GE58,,,,,,10.4
2018,SH_XPD_EARN10,,,,,,ISCED11_1,,,4.4
2019,SH_XPD_EARN10,,,,,,ISCED11_1,,,3.9
2020,SH_XPD_EARN10,,,,,,ISCED11_1,,,3.8
2021,SH_XPD_EARN10,,,,,,ISCED11_1,,,3.4
2022,SH_XPD_EARN10,,,,,,ISCED11_1,,,3.8
2023,SH_XPD_EARN10,,,,,,ISCED11_1,,,3.7
2018,SH_XPD_EARN10,,,,,,ISCED11_2,,,5.9
2019,SH_XPD_EARN10,,,,,,ISCED11_2,,,7.1
2020,SH_XPD_EARN10,,,,,,ISCED11_2,,,7.2
2021,SH_XPD_EARN10,,,,,,ISCED11_2,,,5.2
2022,SH_XPD_EARN10,,,,,,ISCED11_2,,,5.9
2023,SH_XPD_EARN10,,,,,,ISCED11_2,,,6.7
2018,SH_XPD_EARN10,,,,,,ISCED11_3,,,5.1
2019,SH_XPD_EARN10,,,,,,ISCED11_3,,,4.6
2020,SH_XPD_EARN10,,,,,,ISCED11_3,,,3.7
2021,SH_XPD_EARN10,,,,,,ISCED11_3,,,3.4
2022,SH_XPD_EARN10,,,,,,ISCED11_3,,,4.3
2023,SH_XPD_EARN10,,,,,,ISCED11_3,,,4.2
2018,SH_XPD_EARN10,,,,,,ISCED11_4,,,7.3
2019,SH_XPD_EARN10,,,,,,ISCED11_4,,,9.2
2020,SH_XPD_EARN10,,,,,,ISCED11_4,,,7.9
2021,SH_XPD_EARN10,,,,,,ISCED11_4,,,6.5
2022,SH_XPD_EARN10,,,,,,ISCED11_4,,,6.5
2023,SH_XPD_EARN10,,,,,,ISCED11_4,,,7.8
2018,SH_XPD_EARN10,,,,,,ISCED11_6_7,,,4.9
2019,SH_XPD_EARN10,,,,,,ISCED11_6_7,,,5.2
2020,SH_XPD_EARN10,,,,,,ISCED11_6_7,,,6.4
2021,SH_XPD_EARN10,,,,,,ISCED11_6_7,,,5.0
2022,SH_XPD_EARN10,,,,,,ISCED11_6_7,,,4.8
2023,SH_XPD_EARN10,,,,,,ISCED11_6_7,,,4.8
2018,SH_XPD_EARN10,,,,,Q1,,,,2.8
2019,SH_XPD_EARN10,,,,,Q1,,,,2.7
2020,SH_XPD_EARN10,,,,,Q1,,,,2.3
2021,SH_XPD_EARN10,,,,,Q1,,,,2.7
2022,SH_XPD_EARN10,,,,,Q1,,,,4.1
2023,SH_XPD_EARN10,,,,,Q1,,,,3.6
2018,SH_XPD_EARN10,,,,,Q2,,,,4.8
2019,SH_XPD_EARN10,,,,,Q2,,,,4.5
2020,SH_XPD_EARN10,,,,,Q2,,,,5.0
2021,SH_XPD_EARN10,,,,,Q2,,,,3.6
2022,SH_XPD_EARN10,,,,,Q2,,,,3.8
2023,SH_XPD_EARN10,,,,,Q2,,,,5.4
2018,SH_XPD_EARN10,,,,,Q3,,,,5.2
2019,SH_XPD_EARN10,,,,,Q3,,,,5.1
2020,SH_XPD_EARN10,,,,,Q3,,,,5.2
2021,SH_XPD_EARN10,,,,,Q3,,,,3.7
2022,SH_XPD_EARN10,,,,,Q3,,,,4.4
2023,SH_XPD_EARN10,,,,,Q3,,,,5.8
2018,SH_XPD_EARN10,,,,,Q4,,,,7.8
2019,SH_XPD_EARN10,,,,,Q4,,,,7.9
2020,SH_XPD_EARN10,,,,,Q4,,,,4.3
2021,SH_XPD_EARN10,,,,,Q4,,,,5.1
2022,SH_XPD_EARN10,,,,,Q4,,,,5.4
2023,SH_XPD_EARN10,,,,,Q4,,,,3.8
2018,SH_XPD_EARN10,,,,,Q5,,,,5.1
2019,SH_XPD_EARN10,,,,,Q5,,,,6.2
2020,SH_XPD_EARN10,,,,,Q5,,,,7.3
2021,SH_XPD_EARN10,,,,,Q5,,,,5.2
2022,SH_XPD_EARN10,,,,,Q5,,,,5.2
2023,SH_XPD_EARN10,,,,,Q5,,,,5.1
2018,SH_XPD_EARN10,,,,,,,_L_HOUS_WITHOUT_CHILD,,9.2
2019,SH_XPD_EARN10,,,,,,,_L_HOUS_WITHOUT_CHILD,,9.8
2020,SH_XPD_EARN10,,,,,,,_L_HOUS_WITHOUT_CHILD,,10.6
2021,SH_XPD_EARN10,,,,,,,_L_HOUS_WITHOUT_CHILD,,8.0
2022,SH_XPD_EARN10,,,,,,,_L_HOUS_WITHOUT_CHILD,,7.6
2023,SH_XPD_EARN10,,,,,,,_L_HOUS_WITHOUT_CHILD,,11.1
2018,SH_XPD_EARN10,,,,,,,_L_HOUS_WITH_CHILD,,4.4
2019,SH_XPD_EARN10,,,,,,,_L_HOUS_WITH_CHILD,,4.4
2020,SH_XPD_EARN10,,,,,,,_L_HOUS_WITH_CHILD,,3.7
2021,SH_XPD_EARN10,,,,,,,_L_HOUS_WITH_CHILD,,3.3
2022,SH_XPD_EARN10,,,,,,,_L_HOUS_WITH_CHILD,,4.0
2023,SH_XPD_EARN10,,,,,,,_L_HOUS_WITH_CHILD,,3.5
2018,SH_XPD_EARN10,,,,,,,_L_HOUS_WITHOUT_PERS_WORK,,3.1
2019,SH_XPD_EARN10,,,,,,,_L_HOUS_WITHOUT_PERS_WORK,,3.2
2020,SH_XPD_EARN10,,,,,,,_L_HOUS_WITHOUT_PERS_WORK,,2.8
2021,SH_XPD_EARN10,,,,,,,_L_HOUS_WITHOUT_PERS_WORK,,2.1
2022,SH_XPD_EARN10,,,,,,,_L_HOUS_WITHOUT_PERS_WORK,,2.5
2023,SH_XPD_EARN10,,,,,,,_L_HOUS_WITHOUT_PERS_WORK,,3.2
2018,SH_XPD_EARN10,,,,,,,_L_HOUS_WITH_PERS_WORK,,9.1
2019,SH_XPD_EARN10,,,,,,,_L_HOUS_WITH_PERS_WORK,,9.1
2020,SH_XPD_EARN10,,,,,,,_L_HOUS_WITH_PERS_WORK,,8.2
2021,SH_XPD_EARN10,,,,,,,_L_HOUS_WITH_PERS_WORK,,7.1
2022,SH_XPD_EARN10,,,,,,,_L_HOUS_WITH_PERS_WORK,,7.9
2023,SH_XPD_EARN10,,,,,,,_L_HOUS_WITH_PERS_WORK,,7.1
2018,SH_XPD_EARN10,,,,,,,_L_HOUS_ONL_PERS_WORK,,22.6
2019,SH_XPD_EARN10,,,,,,,_L_HOUS_ONL_PERS_WORK,,26.6
2020,SH_XPD_EARN10,,,,,,,_L_HOUS_ONL_PERS_WORK,,31.3
2021,SH_XPD_EARN10,,,,,,,_L_HOUS_ONL_PERS_WORK,,26.7
2022,SH_XPD_EARN10,,,,,,,_L_HOUS_ONL_PERS_WORK,,22.3
2023,SH_XPD_EARN10,,,,,,,_L_HOUS_ONL_PERS_WORK,,21.9
2018,SH_XPD_EARN10,,,,,,,_L_HOUS_POOR,,2.4
2019,SH_XPD_EARN10,,,,,,,_L_HOUS_POOR,,2.1
2020,SH_XPD_EARN10,,,,,,,_L_HOUS_POOR,,2.8
2021,SH_XPD_EARN10,,,,,,,_L_HOUS_POOR,,1.2
2022,SH_XPD_EARN10,,,,,,,_L_HOUS_POOR,,1.4
2023,SH_XPD_EARN10,,,,,,,_L_HOUS_POOR,,2.0
2018,SH_XPD_EARN10,,,,,,,_L_HOUS_EXTR_POOR,,0.0
2019,SH_XPD_EARN10,,,,,,,_L_HOUS_EXTR_POOR,,0.0
2020,SH_XPD_EARN10,,,,,,,_L_HOUS_EXTR_POOR,,6.3
2021,SH_XPD_EARN10,,,,,,,_L_HOUS_EXTR_POOR,,0.6
2022,SH_XPD_EARN10,,,,,,,_L_HOUS_EXTR_POOR,,1.2
2023,SH_XPD_EARN10,,,,,,,_L_HOUS_EXTR_POOR,,1.2
2020,SH_XPD_EARN25,,,,,,,,,0.8
2021,SH_XPD_EARN25,,,,,,,,,0.9
2022,SH_XPD_EARN25,,,,,,,,,0.8
2023,SH_XPD_EARN25,,,,,,,,,0.6
2020,SH_XPD_EARN25,,,,U,,,,,0.7
2021,SH_XPD_EARN25,,,,U,,,,,0.6
2022,SH_XPD_EARN25,,,,U,,,,,0.3
2023,SH_XPD_EARN25,,,,U,,,,,0.7
2020,SH_XPD_EARN25,,,,R,,,,,0.8
2021,SH_XPD_EARN25,,,,R,,,,,1.0
2022,SH_XPD_EARN25,,,,R,,,,,1.0
2023,SH_XPD_EARN25,,,,R,,,,,0.6
2020,SH_XPD_EARN25,,M,,,,,,,0.8
2021,SH_XPD_EARN25,,M,,,,,,,0.9
2022,SH_XPD_EARN25,,M,,,,,,,0.8
2023,SH_XPD_EARN25,,M,,,,,,,0.6
2020,SH_XPD_EARN25,,F,,,,,,,0.9
2021,SH_XPD_EARN25,,F,,,,,,,0.9
2022,SH_XPD_EARN25,,F,,,,,,,0.8
2023,SH_XPD_EARN25,,F,,,,,,,0.6
2020,SH_XPD_EARN25,KG05,,,,,,,KG05,0.5
2021,SH_XPD_EARN25,KG05,,,,,,,KG05,0.6
2022,SH_XPD_EARN25,KG05,,,,,,,KG05,0.1
2023,SH_XPD_EARN25,KG05,,,,,,,KG05,0.4
2020,SH_XPD_EARN25,KG03,,,,,,,KG03,0.3
2021,SH_XPD_EARN25,KG03,,,,,,,KG03,0.0
2022,SH_XPD_EARN25,KG03,,,,,,,KG03,0.0
2023,SH_XPD_EARN25,KG03,,,,,,,KG03,0.0
2020,SH_XPD_EARN25,KG02,,,,,,,KG02,0.1
2021,SH_XPD_EARN25,KG02,,,,,,,KG02,0.2
2022,SH_XPD_EARN25,KG02,,,,,,,KG02,0.4
2023,SH_XPD_EARN25,KG02,,,,,,,KG02,0.6
2020,SH_XPD_EARN25,KG04,,,,,,,KG04,1.4
2021,SH_XPD_EARN25,KG04,,,,,,,KG04,1.1
2022,SH_XPD_EARN25,KG04,,,,,,,KG04,1.2
2023,SH_XPD_EARN25,KG04,,,,,,,KG04,0.9
2020,SH_XPD_EARN25,KG06,,,,,,,KG06,1.4
2021,SH_XPD_EARN25,KG06,,,,,,,KG06,1.7
2022,SH_XPD_EARN25,KG06,,,,,,,KG06,2.0
2023,SH_XPD_EARN25,KG06,,,,,,,KG06,0.1
2020,SH_XPD_EARN25,KG07,,,,,,,KG07,0.0
2021,SH_XPD_EARN25,KG07,,,,,,,KG07,0.3
2022,SH_XPD_EARN25,KG07,,,,,,,KG07,1.0
2023,SH_XPD_EARN25,KG07,,,,,,,KG07,0.0
2020,SH_XPD_EARN25,KG08,,,,,,,KG08,1.1
2021,SH_XPD_EARN25,KG08,,,,,,,KG08,1.4
2022,SH_XPD_EARN25,KG08,,,,,,,KG08,1.0
2023,SH_XPD_EARN25,KG08,,,,,,,KG08,2.2
2020,SH_XPD_EARN25,KG11,,,,,,,KG11,1.2
2021,SH_XPD_EARN25,KG11,,,,,,,KG11,0.3
2022,SH_XPD_EARN25,KG11,,,,,,,KG11,0.1
2023,SH_XPD_EARN25,KG11,,,,,,,KG11,0.5
2020,SH_XPD_EARN25,KG21,,,,,,,KG21,0.3
2021,SH_XPD_EARN25,KG21,,,,,,,KG21,2.5
2022,SH_XPD_EARN25,KG21,,,,,,,KG21,0.7
2023,SH_XPD_EARN25,KG21,,,,,,,KG21,1.6
2020,SH_XPD_EARN25,,,Y0T5,,,,,,0.5
2021,SH_XPD_EARN25,,,Y0T5,,,,,,0.8
2022,SH_XPD_EARN25,,,Y0T5,,,,,,0.7
2023,SH_XPD_EARN25,,,Y0T5,,,,,,0.3
2020,SH_XPD_EARN25,,,Y7T14,,,,,,0.7
2021,SH_XPD_EARN25,,,Y7T14,,,,,,0.7
2022,SH_XPD_EARN25,,,Y7T14,,,,,,0.6
2023,SH_XPD_EARN25,,,Y7T14,,,,,,0.2
2020,SH_XPD_EARN25,,,Y15T28,,,,,,0.5
2021,SH_XPD_EARN25,,,Y15T28,,,,,,0.3
2022,SH_XPD_EARN25,,,Y15T28,,,,,,0.7
2023,SH_XPD_EARN25,,,Y15T28,,,,,,0.5
2020,SH_XPD_EARN25,,,Y29T62,,,,,,0.8
2021,SH_XPD_EARN25,,,Y29T62,,,,,,0.8
2022,SH_XPD_EARN25,,,Y29T62,,,,,,0.6
2023,SH_XPD_EARN25,,,Y29T62,,,,,,0.5
2020,SH_XPD_EARN25,,,Y_GE58,,,,,,1.9
2021,SH_XPD_EARN25,,,Y_GE58,,,,,,2.1
2022,SH_XPD_EARN25,,,Y_GE58,,,,,,1.6
2023,SH_XPD_EARN25,,,Y_GE58,,,,,,1.9
2020,SH_XPD_EARN25,,,,,,ISCED11_1,,,0.6
2021,SH_XPD_EARN25,,,,,,ISCED11_1,,,0.8
2022,SH_XPD_EARN25,,,,,,ISCED11_1,,,0.6
2023,SH_XPD_EARN25,,,,,,ISCED11_1,,,0.4
2020,SH_XPD_EARN25,,,,,,ISCED11_2,,,1.5
2021,SH_XPD_EARN25,,,,,,ISCED11_2,,,1.9
2022,SH_XPD_EARN25,,,,,,ISCED11_2,,,1.7
2023,SH_XPD_EARN25,,,,,,ISCED11_2,,,1.1
2020,SH_XPD_EARN25,,,,,,ISCED11_3,,,0.7
2021,SH_XPD_EARN25,,,,,,ISCED11_3,,,0.8
2022,SH_XPD_EARN25,,,,,,ISCED11_3,,,0.8
2023,SH_XPD_EARN25,,,,,,ISCED11_3,,,0.6
2020,SH_XPD_EARN25,,,,,,ISCED11_4,,,1.1
2021,SH_XPD_EARN25,,,,,,ISCED11_4,,,1.1
2022,SH_XPD_EARN25,,,,,,ISCED11_4,,,0.9
2023,SH_XPD_EARN25,,,,,,ISCED11_4,,,1.2
2020,SH_XPD_EARN25,,,,,,ISCED11_6_7,,,0.9
2021,SH_XPD_EARN25,,,,,,ISCED11_6_7,,,0.6
2022,SH_XPD_EARN25,,,,,,ISCED11_6_7,,,0.4
2023,SH_XPD_EARN25,,,,,,ISCED11_6_7,,,0.6
2020,SH_XPD_EARN25,,,,,Q1,,,,0.4
2021,SH_XPD_EARN25,,,,,Q1,,,,0.5
2022,SH_XPD_EARN25,,,,,Q1,,,,0.4
2023,SH_XPD_EARN25,,,,,Q1,,,,0.1
2020,SH_XPD_EARN25,,,,,Q2,,,,0.4
2021,SH_XPD_EARN25,,,,,Q2,,,,0.2
2022,SH_XPD_EARN25,,,,,Q2,,,,0.1
2023,SH_XPD_EARN25,,,,,Q2,,,,0.7
2020,SH_XPD_EARN25,,,,,Q3,,,,0.2
2021,SH_XPD_EARN25,,,,,Q3,,,,0.4
2022,SH_XPD_EARN25,,,,,Q3,,,,0.3
2023,SH_XPD_EARN25,,,,,Q3,,,,0.6
2020,SH_XPD_EARN25,,,,,Q4,,,,1.3
2021,SH_XPD_EARN25,,,,,Q4,,,,1.2
2022,SH_XPD_EARN25,,,,,Q4,,,,1.9
2023,SH_XPD_EARN25,,,,,Q4,,,,0.6
2020,SH_XPD_EARN25,,,,,Q5,,,,1.9
2021,SH_XPD_EARN25,,,,,Q5,,,,2.0
2022,SH_XPD_EARN25,,,,,Q5,,,,1.1
2023,SH_XPD_EARN25,,,,,Q5,,,,1.1
2020,SH_XPD_EARN25,,,,,,,_L_HOUS_WITHOUT_CHILD,,1.6
2021,SH_XPD_EARN25,,,,,,,_L_HOUS_WITHOUT_CHILD,,1.2
2022,SH_XPD_EARN25,,,,,,,_L_HOUS_WITHOUT_CHILD,,1.0
2023,SH_XPD_EARN25,,,,,,,_L_HOUS_WITHOUT_CHILD,,2.3
2020,SH_XPD_EARN25,,,,,,,_L_HOUS_WITH_CHILD,,0.7
2021,SH_XPD_EARN25,,,,,,,_L_HOUS_WITH_CHILD,,0.8
2022,SH_XPD_EARN25,,,,,,,_L_HOUS_WITH_CHILD,,0.7
2023,SH_XPD_EARN25,,,,,,,_L_HOUS_WITH_CHILD,,0.3
2020,SH_XPD_EARN25,,,,,,,_L_HOUS_WITHOUT_PERS_WORK,,0.8
2021,SH_XPD_EARN25,,,,,,,_L_HOUS_WITHOUT_PERS_WORK,,0.5
2022,SH_XPD_EARN25,,,,,,,_L_HOUS_WITHOUT_PERS_WORK,,0.6
2023,SH_XPD_EARN25,,,,,,,_L_HOUS_WITHOUT_PERS_WORK,,0.4
2020,SH_XPD_EARN25,,,,,,,_L_HOUS_WITH_PERS_WORK,,0.8
2021,SH_XPD_EARN25,,,,,,,_L_HOUS_WITH_PERS_WORK,,1.4
2022,SH_XPD_EARN25,,,,,,,_L_HOUS_WITH_PERS_WORK,,1.1
2023,SH_XPD_EARN25,,,,,,,_L_HOUS_WITH_PERS_WORK,,1.0
2020,SH_XPD_EARN25,,,,,,,_L_HOUS_ONL_PERS_WORK,,7.0
2021,SH_XPD_EARN25,,,,,,,_L_HOUS_ONL_PERS_WORK,,4.9
2022,SH_XPD_EARN25,,,,,,,_L_HOUS_ONL_PERS_WORK,,3.2
2023,SH_XPD_EARN25,,,,,,,_L_HOUS_ONL_PERS_WORK,,5.7
2020,SH_XPD_EARN25,,,,,,,_L_HOUS_POOR,,0.5
2021,SH_XPD_EARN25,,,,,,,_L_HOUS_POOR,,0.1
2022,SH_XPD_EARN25,,,,,,,_L_HOUS_POOR,,0.1
2023,SH_XPD_EARN25,,,,,,,_L_HOUS_POOR,,0.1
2020,SH_XPD_EARN25,,,,,,,_L_HOUS_EXTR_POOR,,0.0
2021,SH_XPD_EARN25,,,,,,,_L_HOUS_EXTR_POOR,,0.0
2022,SH_XPD_EARN25,,,,,,,_L_HOUS_EXTR_POOR,,0.0
2023,SH_XPD_EARN25,,,,,,,_L_HOUS_EXTR_POOR,,0.0
