Year,COMMENT_OBS,COMPOSITE_BREAKDOWN,Value
2011,"From 2010 – 2017, States Parties used the IHR monitoring questionnaire. The report is available in the e-SPAR platform (https://extranet.who.int/e-spar/ ).",IHR_01,25
2011,"From 2010 – 2017, States Parties used the IHR monitoring questionnaire. The report is available in the e-SPAR platform (https://extranet.who.int/e-spar/ ).",IHR_02,33
2011,"From 2010 – 2017, States Parties used the IHR monitoring questionnaire. The report is available in the e-SPAR platform (https://extranet.who.int/e-spar/ ).",IHR_03,60
2011,"From 2010 – 2017, States Parties used the IHR monitoring questionnaire. The report is available in the e-SPAR platform (https://extranet.who.int/e-spar/ ).",IHR_04,57
2011,"From 2010 – 2017, States Parties used the IHR monitoring questionnaire. The report is available in the e-SPAR platform (https://extranet.who.int/e-spar/ ).",IHR_05,0
2011,"From 2010 – 2017, States Parties used the IHR monitoring questionnaire. The report is available in the e-SPAR platform (https://extranet.who.int/e-spar/ ).",IHR_06,43
2011,"From 2010 – 2017, States Parties used the IHR monitoring questionnaire. The report is available in the e-SPAR platform (https://extranet.who.int/e-spar/ ).",IHR_07,0
2011,"From 2010 – 2017, States Parties used the IHR monitoring questionnaire. The report is available in the e-SPAR platform (https://extranet.who.int/e-spar/ ).",IHR_08,80
2011,"From 2010 – 2017, States Parties used the IHR monitoring questionnaire. The report is available in the e-SPAR platform (https://extranet.who.int/e-spar/ ).",IHR_09,15
2011,"From 2010 – 2017, States Parties used the IHR monitoring questionnaire. The report is available in the e-SPAR platform (https://extranet.who.int/e-spar/ ).",IHR_10,100
2011,"From 2010 – 2017, States Parties used the IHR monitoring questionnaire. The report is available in the e-SPAR platform (https://extranet.who.int/e-spar/ ).",IHR_11,92
2011,"From 2010 – 2017, States Parties used the IHR monitoring questionnaire. The report is available in the e-SPAR platform (https://extranet.who.int/e-spar/ ).",IHR_12,75
2011,"From 2010 – 2017, States Parties used the IHR monitoring questionnaire. The report is available in the e-SPAR platform (https://extranet.who.int/e-spar/ ).",IHR_13,75
2018,"From 2010 – 2017, States Parties used the IHR monitoring questionnaire. The report is available in the e-SPAR platform (https://extranet.who.int/e-spar/ ).",SPAR_01,53
2019,"From 2010 – 2017, States Parties used the IHR monitoring questionnaire. The report is available in the e-SPAR platform (https://extranet.who.int/e-spar/ ).",SPAR_01,53
2020,"From 2010 – 2017, States Parties used the IHR monitoring questionnaire. The report is available in the e-SPAR platform (https://extranet.who.int/e-spar/ ).",SPAR_01,53
2018,"From 2010 – 2017, States Parties used the IHR monitoring questionnaire. The report is available in the e-SPAR platform (https://extranet.who.int/e-spar/ ).",SPAR_02,60
2019,"From 2010 – 2017, States Parties used the IHR monitoring questionnaire. The report is available in the e-SPAR platform (https://extranet.who.int/e-spar/ ).",SPAR_02,50
2020,"From 2010 – 2017, States Parties used the IHR monitoring questionnaire. The report is available in the e-SPAR platform (https://extranet.who.int/e-spar/ ).",SPAR_02,50
2018,"From 2010 – 2017, States Parties used the IHR monitoring questionnaire. The report is available in the e-SPAR platform (https://extranet.who.int/e-spar/ ).",SPAR_03,80
2019,"From 2010 – 2017, States Parties used the IHR monitoring questionnaire. The report is available in the e-SPAR platform (https://extranet.who.int/e-spar/ ).",SPAR_03,80
2020,"From 2010 – 2017, States Parties used the IHR monitoring questionnaire. The report is available in the e-SPAR platform (https://extranet.who.int/e-spar/ ).",SPAR_03,80
2018,"From 2010 – 2017, States Parties used the IHR monitoring questionnaire. The report is available in the e-SPAR platform (https://extranet.who.int/e-spar/ ).",SPAR_04,40
2019,"From 2010 – 2017, States Parties used the IHR monitoring questionnaire. The report is available in the e-SPAR platform (https://extranet.who.int/e-spar/ ).",SPAR_04,0
2020,"From 2010 – 2017, States Parties used the IHR monitoring questionnaire. The report is available in the e-SPAR platform (https://extranet.who.int/e-spar/ ).",SPAR_04,40
2018,"From 2010 – 2017, States Parties used the IHR monitoring questionnaire. The report is available in the e-SPAR platform (https://extranet.who.int/e-spar/ ).",SPAR_05,60
2019,"From 2010 – 2017, States Parties used the IHR monitoring questionnaire. The report is available in the e-SPAR platform (https://extranet.who.int/e-spar/ ).",SPAR_05,53
2020,"From 2010 – 2017, States Parties used the IHR monitoring questionnaire. The report is available in the e-SPAR platform (https://extranet.who.int/e-spar/ ).",SPAR_05,53
2018,"From 2010 – 2017, States Parties used the IHR monitoring questionnaire. The report is available in the e-SPAR platform (https://extranet.who.int/e-spar/ ).",SPAR_06,80
2019,"From 2010 – 2017, States Parties used the IHR monitoring questionnaire. The report is available in the e-SPAR platform (https://extranet.who.int/e-spar/ ).",SPAR_06,80
2020,"From 2010 – 2017, States Parties used the IHR monitoring questionnaire. The report is available in the e-SPAR platform (https://extranet.who.int/e-spar/ ).",SPAR_06,80
2018,"From 2010 – 2017, States Parties used the IHR monitoring questionnaire. The report is available in the e-SPAR platform (https://extranet.who.int/e-spar/ ).",SPAR_07,60
2019,"From 2010 – 2017, States Parties used the IHR monitoring questionnaire. The report is available in the e-SPAR platform (https://extranet.who.int/e-spar/ ).",SPAR_07,20
2020,"From 2010 – 2017, States Parties used the IHR monitoring questionnaire. The report is available in the e-SPAR platform (https://extranet.who.int/e-spar/ ).",SPAR_07,20
2018,"From 2010 – 2017, States Parties used the IHR monitoring questionnaire. The report is available in the e-SPAR platform (https://extranet.who.int/e-spar/ ).",SPAR_08,73
2019,"From 2010 – 2017, States Parties used the IHR monitoring questionnaire. The report is available in the e-SPAR platform (https://extranet.who.int/e-spar/ ).",SPAR_08,60
2020,"From 2010 – 2017, States Parties used the IHR monitoring questionnaire. The report is available in the e-SPAR platform (https://extranet.who.int/e-spar/ ).",SPAR_08,60
2018,"From 2010 – 2017, States Parties used the IHR monitoring questionnaire. The report is available in the e-SPAR platform (https://extranet.who.int/e-spar/ ).",SPAR_09,53
2019,"From 2010 – 2017, States Parties used the IHR monitoring questionnaire. The report is available in the e-SPAR platform (https://extranet.who.int/e-spar/ ).",SPAR_09,40
2020,"From 2010 – 2017, States Parties used the IHR monitoring questionnaire. The report is available in the e-SPAR platform (https://extranet.who.int/e-spar/ ).",SPAR_09,40
2018,"From 2010 – 2017, States Parties used the IHR monitoring questionnaire. The report is available in the e-SPAR platform (https://extranet.who.int/e-spar/ ).",SPAR_10,40
2019,"From 2010 – 2017, States Parties used the IHR monitoring questionnaire. The report is available in the e-SPAR platform (https://extranet.who.int/e-spar/ ).",SPAR_10,40
2020,"From 2010 – 2017, States Parties used the IHR monitoring questionnaire. The report is available in the e-SPAR platform (https://extranet.who.int/e-spar/ ).",SPAR_10,40
2018,"From 2010 – 2017, States Parties used the IHR monitoring questionnaire. The report is available in the e-SPAR platform (https://extranet.who.int/e-spar/ ).",SPAR_11,40
2019,"From 2010 – 2017, States Parties used the IHR monitoring questionnaire. The report is available in the e-SPAR platform (https://extranet.who.int/e-spar/ ).",SPAR_11,30
2020,"From 2010 – 2017, States Parties used the IHR monitoring questionnaire. The report is available in the e-SPAR platform (https://extranet.who.int/e-spar/ ).",SPAR_11,60
2018,"From 2010 – 2017, States Parties used the IHR monitoring questionnaire. The report is available in the e-SPAR platform (https://extranet.who.int/e-spar/ ).",SPAR_12,40
2019,"From 2010 – 2017, States Parties used the IHR monitoring questionnaire. The report is available in the e-SPAR platform (https://extranet.who.int/e-spar/ ).",SPAR_12,40
2020,"From 2010 – 2017, States Parties used the IHR monitoring questionnaire. The report is available in the e-SPAR platform (https://extranet.who.int/e-spar/ ).",SPAR_12,40
2018,"From 2010 – 2017, States Parties used the IHR monitoring questionnaire. The report is available in the e-SPAR platform (https://extranet.who.int/e-spar/ ).",SPAR_13,60
2019,"From 2010 – 2017, States Parties used the IHR monitoring questionnaire. The report is available in the e-SPAR platform (https://extranet.who.int/e-spar/ ).",SPAR_13,60
2020,"From 2010 – 2017, States Parties used the IHR monitoring questionnaire. The report is available in the e-SPAR platform (https://extranet.who.int/e-spar/ ).",SPAR_13,60
2021,"In 2021, the SPAR tool was revised and further improved, taking account of the initial experience of countries with the COVID-19 pandemic. The second edition of SPAR (2021) contains 15 capacities and 35 indicators compared to 13 capacities and 24 indicators in the first edition.",SPAR2_C01,30
2022,"In 2021, the SPAR tool was revised and further improved, taking account of the initial experience of countries with the COVID-19 pandemic. The second edition of SPAR (2021) contains 15 capacities and 35 indicators compared to 13 capacities and 24 indicators in the first edition.",SPAR2_C01,40
2023,"In 2021, the SPAR tool was revised and further improved, taking account of the initial experience of countries with the COVID-19 pandemic. The second edition of SPAR (2021) contains 15 capacities and 35 indicators compared to 13 capacities and 24 indicators in the first edition.",SPAR2_C01,50
2021,"In 2021, the SPAR tool was revised and further improved, taking account of the initial experience of countries with the COVID-19 pandemic. The second edition of SPAR (2021) contains 15 capacities and 35 indicators compared to 13 capacities and 24 indicators in the first edition.",SPAR2_C02,27
2022,"In 2021, the SPAR tool was revised and further improved, taking account of the initial experience of countries with the COVID-19 pandemic. The second edition of SPAR (2021) contains 15 capacities and 35 indicators compared to 13 capacities and 24 indicators in the first edition.",SPAR2_C02,40
2023,"In 2021, the SPAR tool was revised and further improved, taking account of the initial experience of countries with the COVID-19 pandemic. The second edition of SPAR (2021) contains 15 capacities and 35 indicators compared to 13 capacities and 24 indicators in the first edition.",SPAR2_C02,60
2021,"In 2021, the SPAR tool was revised and further improved, taking account of the initial experience of countries with the COVID-19 pandemic. The second edition of SPAR (2021) contains 15 capacities and 35 indicators compared to 13 capacities and 24 indicators in the first edition.",SPAR2_C03,40
2022,"In 2021, the SPAR tool was revised and further improved, taking account of the initial experience of countries with the COVID-19 pandemic. The second edition of SPAR (2021) contains 15 capacities and 35 indicators compared to 13 capacities and 24 indicators in the first edition.",SPAR2_C03,50
2023,"In 2021, the SPAR tool was revised and further improved, taking account of the initial experience of countries with the COVID-19 pandemic. The second edition of SPAR (2021) contains 15 capacities and 35 indicators compared to 13 capacities and 24 indicators in the first edition.",SPAR2_C03,40
2021,"In 2021, the SPAR tool was revised and further improved, taking account of the initial experience of countries with the COVID-19 pandemic. The second edition of SPAR (2021) contains 15 capacities and 35 indicators compared to 13 capacities and 24 indicators in the first edition.",SPAR2_C04,60
2022,"In 2021, the SPAR tool was revised and further improved, taking account of the initial experience of countries with the COVID-19 pandemic. The second edition of SPAR (2021) contains 15 capacities and 35 indicators compared to 13 capacities and 24 indicators in the first edition.",SPAR2_C04,60
2023,"In 2021, the SPAR tool was revised and further improved, taking account of the initial experience of countries with the COVID-19 pandemic. The second edition of SPAR (2021) contains 15 capacities and 35 indicators compared to 13 capacities and 24 indicators in the first edition.",SPAR2_C04,60
2021,"In 2021, the SPAR tool was revised and further improved, taking account of the initial experience of countries with the COVID-19 pandemic. The second edition of SPAR (2021) contains 15 capacities and 35 indicators compared to 13 capacities and 24 indicators in the first edition.",SPAR2_C05,80
2022,"In 2021, the SPAR tool was revised and further improved, taking account of the initial experience of countries with the COVID-19 pandemic. The second edition of SPAR (2021) contains 15 capacities and 35 indicators compared to 13 capacities and 24 indicators in the first edition.",SPAR2_C05,80
2023,"In 2021, the SPAR tool was revised and further improved, taking account of the initial experience of countries with the COVID-19 pandemic. The second edition of SPAR (2021) contains 15 capacities and 35 indicators compared to 13 capacities and 24 indicators in the first edition.",SPAR2_C05,70
2021,"In 2021, the SPAR tool was revised and further improved, taking account of the initial experience of countries with the COVID-19 pandemic. The second edition of SPAR (2021) contains 15 capacities and 35 indicators compared to 13 capacities and 24 indicators in the first edition.",SPAR2_C06,50
2022,"In 2021, the SPAR tool was revised and further improved, taking account of the initial experience of countries with the COVID-19 pandemic. The second edition of SPAR (2021) contains 15 capacities and 35 indicators compared to 13 capacities and 24 indicators in the first edition.",SPAR2_C06,50
2023,"In 2021, the SPAR tool was revised and further improved, taking account of the initial experience of countries with the COVID-19 pandemic. The second edition of SPAR (2021) contains 15 capacities and 35 indicators compared to 13 capacities and 24 indicators in the first edition.",SPAR2_C06,40
2021,"In 2021, the SPAR tool was revised and further improved, taking account of the initial experience of countries with the COVID-19 pandemic. The second edition of SPAR (2021) contains 15 capacities and 35 indicators compared to 13 capacities and 24 indicators in the first edition.",SPAR2_C07,20
2022,"In 2021, the SPAR tool was revised and further improved, taking account of the initial experience of countries with the COVID-19 pandemic. The second edition of SPAR (2021) contains 15 capacities and 35 indicators compared to 13 capacities and 24 indicators in the first edition.",SPAR2_C07,33
2023,"In 2021, the SPAR tool was revised and further improved, taking account of the initial experience of countries with the COVID-19 pandemic. The second edition of SPAR (2021) contains 15 capacities and 35 indicators compared to 13 capacities and 24 indicators in the first edition.",SPAR2_C07,47
2021,"In 2021, the SPAR tool was revised and further improved, taking account of the initial experience of countries with the COVID-19 pandemic. The second edition of SPAR (2021) contains 15 capacities and 35 indicators compared to 13 capacities and 24 indicators in the first edition.",SPAR2_C08,47
2022,"In 2021, the SPAR tool was revised and further improved, taking account of the initial experience of countries with the COVID-19 pandemic. The second edition of SPAR (2021) contains 15 capacities and 35 indicators compared to 13 capacities and 24 indicators in the first edition.",SPAR2_C08,47
2023,"In 2021, the SPAR tool was revised and further improved, taking account of the initial experience of countries with the COVID-19 pandemic. The second edition of SPAR (2021) contains 15 capacities and 35 indicators compared to 13 capacities and 24 indicators in the first edition.",SPAR2_C08,53
2021,"In 2021, the SPAR tool was revised and further improved, taking account of the initial experience of countries with the COVID-19 pandemic. The second edition of SPAR (2021) contains 15 capacities and 35 indicators compared to 13 capacities and 24 indicators in the first edition.",SPAR2_C09,40
2022,"In 2021, the SPAR tool was revised and further improved, taking account of the initial experience of countries with the COVID-19 pandemic. The second edition of SPAR (2021) contains 15 capacities and 35 indicators compared to 13 capacities and 24 indicators in the first edition.",SPAR2_C09,40
2023,"In 2021, the SPAR tool was revised and further improved, taking account of the initial experience of countries with the COVID-19 pandemic. The second edition of SPAR (2021) contains 15 capacities and 35 indicators compared to 13 capacities and 24 indicators in the first edition.",SPAR2_C09,47
2021,"In 2021, the SPAR tool was revised and further improved, taking account of the initial experience of countries with the COVID-19 pandemic. The second edition of SPAR (2021) contains 15 capacities and 35 indicators compared to 13 capacities and 24 indicators in the first edition.",SPAR2_C10,33
2022,"In 2021, the SPAR tool was revised and further improved, taking account of the initial experience of countries with the COVID-19 pandemic. The second edition of SPAR (2021) contains 15 capacities and 35 indicators compared to 13 capacities and 24 indicators in the first edition.",SPAR2_C10,47
2023,"In 2021, the SPAR tool was revised and further improved, taking account of the initial experience of countries with the COVID-19 pandemic. The second edition of SPAR (2021) contains 15 capacities and 35 indicators compared to 13 capacities and 24 indicators in the first edition.",SPAR2_C10,40
2021,"In 2021, the SPAR tool was revised and further improved, taking account of the initial experience of countries with the COVID-19 pandemic. The second edition of SPAR (2021) contains 15 capacities and 35 indicators compared to 13 capacities and 24 indicators in the first edition.",SPAR2_C11,47
2022,"In 2021, the SPAR tool was revised and further improved, taking account of the initial experience of countries with the COVID-19 pandemic. The second edition of SPAR (2021) contains 15 capacities and 35 indicators compared to 13 capacities and 24 indicators in the first edition.",SPAR2_C11,60
2023,"In 2021, the SPAR tool was revised and further improved, taking account of the initial experience of countries with the COVID-19 pandemic. The second edition of SPAR (2021) contains 15 capacities and 35 indicators compared to 13 capacities and 24 indicators in the first edition.",SPAR2_C11,60
2021,"In 2021, the SPAR tool was revised and further improved, taking account of the initial experience of countries with the COVID-19 pandemic. The second edition of SPAR (2021) contains 15 capacities and 35 indicators compared to 13 capacities and 24 indicators in the first edition.",SPAR2_C12,40
2022,"In 2021, the SPAR tool was revised and further improved, taking account of the initial experience of countries with the COVID-19 pandemic. The second edition of SPAR (2021) contains 15 capacities and 35 indicators compared to 13 capacities and 24 indicators in the first edition.",SPAR2_C12,60
2023,"In 2021, the SPAR tool was revised and further improved, taking account of the initial experience of countries with the COVID-19 pandemic. The second edition of SPAR (2021) contains 15 capacities and 35 indicators compared to 13 capacities and 24 indicators in the first edition.",SPAR2_C12,40
2021,"In 2021, the SPAR tool was revised and further improved, taking account of the initial experience of countries with the COVID-19 pandemic. The second edition of SPAR (2021) contains 15 capacities and 35 indicators compared to 13 capacities and 24 indicators in the first edition.",SPAR2_C13,40
2022,"In 2021, the SPAR tool was revised and further improved, taking account of the initial experience of countries with the COVID-19 pandemic. The second edition of SPAR (2021) contains 15 capacities and 35 indicators compared to 13 capacities and 24 indicators in the first edition.",SPAR2_C13,40
2023,"In 2021, the SPAR tool was revised and further improved, taking account of the initial experience of countries with the COVID-19 pandemic. The second edition of SPAR (2021) contains 15 capacities and 35 indicators compared to 13 capacities and 24 indicators in the first edition.",SPAR2_C13,40
2021,"In 2021, the SPAR tool was revised and further improved, taking account of the initial experience of countries with the COVID-19 pandemic. The second edition of SPAR (2021) contains 15 capacities and 35 indicators compared to 13 capacities and 24 indicators in the first edition.",SPAR2_C14,40
2022,"In 2021, the SPAR tool was revised and further improved, taking account of the initial experience of countries with the COVID-19 pandemic. The second edition of SPAR (2021) contains 15 capacities and 35 indicators compared to 13 capacities and 24 indicators in the first edition.",SPAR2_C14,40
2023,"In 2021, the SPAR tool was revised and further improved, taking account of the initial experience of countries with the COVID-19 pandemic. The second edition of SPAR (2021) contains 15 capacities and 35 indicators compared to 13 capacities and 24 indicators in the first edition.",SPAR2_C14,40
2021,"In 2021, the SPAR tool was revised and further improved, taking account of the initial experience of countries with the COVID-19 pandemic. The second edition of SPAR (2021) contains 15 capacities and 35 indicators compared to 13 capacities and 24 indicators in the first edition.",SPAR2_C15,40
2022,"In 2021, the SPAR tool was revised and further improved, taking account of the initial experience of countries with the COVID-19 pandemic. The second edition of SPAR (2021) contains 15 capacities and 35 indicators compared to 13 capacities and 24 indicators in the first edition.",SPAR2_C15,40
2023,"In 2021, the SPAR tool was revised and further improved, taking account of the initial experience of countries with the COVID-19 pandemic. The second edition of SPAR (2021) contains 15 capacities and 35 indicators compared to 13 capacities and 24 indicators in the first edition.",SPAR2_C15,40
