Year,concept.SEX,concept.AGE,concept.EDUCATION_LEV,concept.COMPOSITE_BREAKDOWN,Value
2009,,,,,2093
2010,,,,,1789
2011,,,,,1809
2012,,,,,2415
2013,,,,,2339
2014,,,,,2629
2015,,,,,3333
2016,,,,,7005
2017,,,,,7323
2018,,,,,7178
2019,,,,,6145
2009,CL_SEX.F,,,,1927
2010,CL_SEX.F,,,,1659
2011,CL_SEX.F,,,,1714
2012,CL_SEX.F,,,,2341
2013,CL_SEX.F,,,,2269
2014,CL_SEX.F,,,,2531
2015,CL_SEX.F,,,,3229
2016,CL_SEX.F,,,,6795
2017,CL_SEX.F,,,,6966
2018,CL_SEX.F,,,,6562
2019,CL_SEX.F,,,,5659
2009,CL_SEX.M,,,,166
2010,CL_SEX.M,,,,130
2011,CL_SEX.M,,,,95
2012,CL_SEX.M,,,,74
2013,CL_SEX.M,,,,70
2014,CL_SEX.M,,,,98
2015,CL_SEX.M,,,,104
2016,CL_SEX.M,,,,210
2017,CL_SEX.M,,,,357
2018,CL_SEX.M,,,,616
2019,CL_SEX.M,,,,486
2009,,CL_AGE.Y0T20,,,126
2010,,CL_AGE.Y0T20,,,212
2011,,CL_AGE.Y0T20,,,37
2012,,CL_AGE.Y0T20,,,92
2013,,CL_AGE.Y0T20,,,73
2014,,CL_AGE.Y0T20,,,100
2015,,CL_AGE.Y0T20,,,134
2016,,CL_AGE.Y0T20,,,533
2017,,CL_AGE.Y0T20,,,394
2018,,CL_AGE.Y0T20,,,250
2019,,CL_AGE.Y0T20,,,561
2009,,CL_AGE.Y21T30,,,738
2010,,CL_AGE.Y21T30,,,634
2011,,CL_AGE.Y21T30,,,476
2012,,CL_AGE.Y21T30,,,654
2013,,CL_AGE.Y21T30,,,678
2014,,CL_AGE.Y21T30,,,837
2015,,CL_AGE.Y21T30,,,1054
2016,,CL_AGE.Y21T30,,,2085
2017,,CL_AGE.Y21T30,,,1888
2018,,CL_AGE.Y21T30,,,2108
2019,,CL_AGE.Y21T30,,,1879
2009,,CL_AGE.Y31T40,,,762
2010,,CL_AGE.Y31T40,,,552
2011,,CL_AGE.Y31T40,,,687
2012,,CL_AGE.Y31T40,,,1108
2013,,CL_AGE.Y31T40,,,957
2014,,CL_AGE.Y31T40,,,904
2015,,CL_AGE.Y31T40,,,1264
2016,,CL_AGE.Y31T40,,,2422
2017,,CL_AGE.Y31T40,,,2531
2018,,CL_AGE.Y31T40,,,2385
2019,,CL_AGE.Y31T40,,,1974
2009,,CL_AGE.Y41T50,,,336
2010,,CL_AGE.Y41T50,,,283
2011,,CL_AGE.Y41T50,,,461
2012,,CL_AGE.Y41T50,,,424
2013,,CL_AGE.Y41T50,,,463
2014,,CL_AGE.Y41T50,,,482
2015,,CL_AGE.Y41T50,,,625
2016,,CL_AGE.Y41T50,,,1435
2017,,CL_AGE.Y41T50,,,1496
2018,,CL_AGE.Y41T50,,,1550
2019,,CL_AGE.Y41T50,,,1121
2009,,CL_AGE.Y_GE51,,,131
2010,,CL_AGE.Y_GE51,,,108
2011,,CL_AGE.Y_GE51,,,148
2012,,CL_AGE.Y_GE51,,,137
2013,,CL_AGE.Y_GE51,,,168
2014,,CL_AGE.Y_GE51,,,296
2015,,CL_AGE.Y_GE51,,,256
2016,,CL_AGE.Y_GE51,,,530
2017,,CL_AGE.Y_GE51,,,1014
2018,,CL_AGE.Y_GE51,,,885
2019,,CL_AGE.Y_GE51,,,610
2009,,,CL_EDUCATION_LEV.ISCED11_7,,264
2010,,,CL_EDUCATION_LEV.ISCED11_7,,141
2011,,,CL_EDUCATION_LEV.ISCED11_7,,156
2012,,,CL_EDUCATION_LEV.ISCED11_7,,222
2013,,,CL_EDUCATION_LEV.ISCED11_7,,174
2014,,,CL_EDUCATION_LEV.ISCED11_7,,246
2015,,,CL_EDUCATION_LEV.ISCED11_7,,276
2016,,,CL_EDUCATION_LEV.ISCED11_7,,559
2017,,,CL_EDUCATION_LEV.ISCED11_7,,650
2018,,,CL_EDUCATION_LEV.ISCED11_7,,818
2019,,,CL_EDUCATION_LEV.ISCED11_7,,728
2009,,,CL_EDUCATION_LEV.ISCED11_6,,131
2010,,,CL_EDUCATION_LEV.ISCED11_6,,191
2011,,,CL_EDUCATION_LEV.ISCED11_6,,164
2012,,,CL_EDUCATION_LEV.ISCED11_6,,121
2013,,,CL_EDUCATION_LEV.ISCED11_6,,87
2014,,,CL_EDUCATION_LEV.ISCED11_6,,173
2015,,,CL_EDUCATION_LEV.ISCED11_6,,159
2016,,,CL_EDUCATION_LEV.ISCED11_6,,576
2017,,,CL_EDUCATION_LEV.ISCED11_6,,585
2018,,,CL_EDUCATION_LEV.ISCED11_6,,685
2019,,,CL_EDUCATION_LEV.ISCED11_6,,407
2009,,,CL_EDUCATION_LEV.ISCED11_5,,523
2010,,,CL_EDUCATION_LEV.ISCED11_5,,495
2011,,,CL_EDUCATION_LEV.ISCED11_5,,359
2012,,,CL_EDUCATION_LEV.ISCED11_5,,421
2013,,,CL_EDUCATION_LEV.ISCED11_5,,483
2014,,,CL_EDUCATION_LEV.ISCED11_5,,318
2015,,,CL_EDUCATION_LEV.ISCED11_5,,563
2016,,,CL_EDUCATION_LEV.ISCED11_5,,1226
2017,,,CL_EDUCATION_LEV.ISCED11_5,,1035
2018,,,CL_EDUCATION_LEV.ISCED11_5,,1223
2019,,,CL_EDUCATION_LEV.ISCED11_5,,1177
2009,,,CL_EDUCATION_LEV.ISCED11_3,,1101
2010,,,CL_EDUCATION_LEV.ISCED11_3,,795
2011,,,CL_EDUCATION_LEV.ISCED11_3,,1072
2012,,,CL_EDUCATION_LEV.ISCED11_3,,1647
2013,,,CL_EDUCATION_LEV.ISCED11_3,,1588
2014,,,CL_EDUCATION_LEV.ISCED11_3,,1839
2015,,,CL_EDUCATION_LEV.ISCED11_3,,2195
2016,,,CL_EDUCATION_LEV.ISCED11_3,,4436
2017,,,CL_EDUCATION_LEV.ISCED11_3,,4793
2018,,,CL_EDUCATION_LEV.ISCED11_3,,4228
2019,,,CL_EDUCATION_LEV.ISCED11_3,,3381
2009,,,,CL_COMP_BREAKDOWN._L_EDU_OTH,74
2010,,,,CL_COMP_BREAKDOWN._L_EDU_OTH,167
2011,,,,CL_COMP_BREAKDOWN._L_EDU_OTH,58
2012,,,,CL_COMP_BREAKDOWN._L_EDU_OTH,4
2013,,,,CL_COMP_BREAKDOWN._L_EDU_OTH,7
2014,,,,CL_COMP_BREAKDOWN._L_EDU_OTH,42
2015,,,,CL_COMP_BREAKDOWN._L_EDU_OTH,140
2016,,,,CL_COMP_BREAKDOWN._L_EDU_OTH,208
2017,,,,CL_COMP_BREAKDOWN._L_EDU_OTH,260
2018,,,,CL_COMP_BREAKDOWN._L_EDU_OTH,224
2019,,,,CL_COMP_BREAKDOWN._L_EDU_OTH,452
2009,,,,CL_COMP_BREAKDOWN._L_ACS_WORK,533
2010,,,,CL_COMP_BREAKDOWN._L_ACS_WORK,560
2011,,,,CL_COMP_BREAKDOWN._L_ACS_WORK,493
2012,,,,CL_COMP_BREAKDOWN._L_ACS_WORK,478
2013,,,,CL_COMP_BREAKDOWN._L_ACS_WORK,383
2014,,,,CL_COMP_BREAKDOWN._L_ACS_WORK,464
2015,,,,CL_COMP_BREAKDOWN._L_ACS_WORK,646
2016,,,,CL_COMP_BREAKDOWN._L_ACS_WORK,1658
2017,,,,CL_COMP_BREAKDOWN._L_ACS_WORK,1516
2018,,,,CL_COMP_BREAKDOWN._L_ACS_WORK,1818
2019,,,,CL_COMP_BREAKDOWN._L_ACS_WORK,1178
2009,,,,CL_COMP_BREAKDOWN._L_ACS_NOWORK,1384
2010,,,,CL_COMP_BREAKDOWN._L_ACS_NOWORK,1106
2011,,,,CL_COMP_BREAKDOWN._L_ACS_NOWORK,1232
2012,,,,CL_COMP_BREAKDOWN._L_ACS_NOWORK,1814
2013,,,,CL_COMP_BREAKDOWN._L_ACS_NOWORK,1810
2014,,,,CL_COMP_BREAKDOWN._L_ACS_NOWORK,1916
2015,,,,CL_COMP_BREAKDOWN._L_ACS_NOWORK,2428
2016,,,,CL_COMP_BREAKDOWN._L_ACS_NOWORK,4906
2017,,,,CL_COMP_BREAKDOWN._L_ACS_NOWORK,5164
2018,,,,CL_COMP_BREAKDOWN._L_ACS_NOWORK,4681
2019,,,,CL_COMP_BREAKDOWN._L_ACS_NOWORK,4290
2009,,,,CL_COMP_BREAKDOWN._L_ACS_STUDENT,82
2010,,,,CL_COMP_BREAKDOWN._L_ACS_STUDENT,30
2011,,,,CL_COMP_BREAKDOWN._L_ACS_STUDENT,14
2012,,,,CL_COMP_BREAKDOWN._L_ACS_STUDENT,36
2013,,,,CL_COMP_BREAKDOWN._L_ACS_STUDENT,61
2014,,,,CL_COMP_BREAKDOWN._L_ACS_STUDENT,95
2015,,,,CL_COMP_BREAKDOWN._L_ACS_STUDENT,94
2016,,,,CL_COMP_BREAKDOWN._L_ACS_STUDENT,74
2017,,,,CL_COMP_BREAKDOWN._L_ACS_STUDENT,120
2018,,,,CL_COMP_BREAKDOWN._L_ACS_STUDENT,364
2019,,,,CL_COMP_BREAKDOWN._L_ACS_STUDENT,318
2009,,,,CL_COMP_BREAKDOWN._L_ACS_RETIRED,94
2010,,,,CL_COMP_BREAKDOWN._L_ACS_RETIRED,93
2011,,,,CL_COMP_BREAKDOWN._L_ACS_RETIRED,70
2012,,,,CL_COMP_BREAKDOWN._L_ACS_RETIRED,87
2013,,,,CL_COMP_BREAKDOWN._L_ACS_RETIRED,85
2014,,,,CL_COMP_BREAKDOWN._L_ACS_RETIRED,143
2015,,,,CL_COMP_BREAKDOWN._L_ACS_RETIRED,165
2016,,,,CL_COMP_BREAKDOWN._L_ACS_RETIRED,367
2017,,,,CL_COMP_BREAKDOWN._L_ACS_RETIRED,523
2018,,,,CL_COMP_BREAKDOWN._L_ACS_RETIRED,315
2019,,,,CL_COMP_BREAKDOWN._L_ACS_RETIRED,359
