Year,Series,Value
2007,CL_SERIES._L_KG_070201_1A,43.5
2008,CL_SERIES._L_KG_070201_1A,36.0
2009,CL_SERIES._L_KG_070201_1A,35.6
2010,CL_SERIES._L_KG_070201_1A,38.7
2011,CL_SERIES._L_KG_070201_1A,41.0
2012,CL_SERIES._L_KG_070201_1A,37.1
2013,CL_SERIES._L_KG_070201_1A,33.3
2014,CL_SERIES._L_KG_070201_1A,36.7
2015,CL_SERIES._L_KG_070201_1A,30.6
2016,CL_SERIES._L_KG_070201_1A,31.6
2017,CL_SERIES._L_KG_070201_1A,36.5
2018,CL_SERIES._L_KG_070201_1A,33.9
2007,CL_SERIES._L_KG_070201_1B,14004.1
2008,CL_SERIES._L_KG_070201_1B,10759.1
2009,CL_SERIES._L_KG_070201_1B,10098.0
2010,CL_SERIES._L_KG_070201_1B,11254.7
2011,CL_SERIES._L_KG_070201_1B,14309.1
2012,CL_SERIES._L_KG_070201_1B,14179.0
2013,CL_SERIES._L_KG_070201_1B,13096.7
2014,CL_SERIES._L_KG_070201_1B,13297.6
2015,CL_SERIES._L_KG_070201_1B,11092.7
2016,CL_SERIES._L_KG_070201_1B,11497.8
2017,CL_SERIES._L_KG_070201_1B,14191.2
2018,CL_SERIES._L_KG_070201_1B,14318.3
