Year,Series,Value
2007,CL_SERIES.FB_CBK_BRCH,6.107469
2008,CL_SERIES.FB_CBK_BRCH,6.545429
2009,CL_SERIES.FB_CBK_BRCH,6.616596
2010,CL_SERIES.FB_CBK_BRCH,5.693048999999999
2011,CL_SERIES.FB_CBK_BRCH,6.772417999999999
2012,CL_SERIES.FB_CBK_BRCH,7.28108
2013,CL_SERIES.FB_CBK_BRCH,7.394386
2014,CL_SERIES.FB_CBK_BRCH,7.425508
2015,CL_SERIES.FB_CBK_BRCH,7.827334
2016,CL_SERIES.FB_CBK_BRCH,7.948410000000001
2017,CL_SERIES.FB_CBK_BRCH,7.710477
2018,CL_SERIES.FB_CBK_BRCH,7.640969
2019,CL_SERIES.FB_CBK_BRCH,7.566574
2007,CL_SERIES.FB_ATM_TOTL,2.471394
2008,CL_SERIES.FB_ATM_TOTL,4.888003
2009,CL_SERIES.FB_ATM_TOTL,8.720619000000001
2010,CL_SERIES.FB_ATM_TOTL,7.554757
2011,CL_SERIES.FB_ATM_TOTL,12.265008
2012,CL_SERIES.FB_ATM_TOTL,15.97647
2013,CL_SERIES.FB_ATM_TOTL,21.075288
2014,CL_SERIES.FB_ATM_TOTL,25.292345
2015,CL_SERIES.FB_ATM_TOTL,30.810779999999998
2016,CL_SERIES.FB_ATM_TOTL,31.891768
2017,CL_SERIES.FB_ATM_TOTL,34.153303
2018,CL_SERIES.FB_ATM_TOTL,37.681164
2019,CL_SERIES.FB_ATM_TOTL,40.105182
