Year,SERIES,COMPOSITE_BREAKDOWN,UNIT_MEASURE,Value
2007,IS_RDP_PFVOL,,P_KM,7037.4
2008,IS_RDP_PFVOL,,P_KM,7541.0
2009,IS_RDP_PFVOL,,P_KM,7834.7
2010,IS_RDP_PFVOL,,P_KM,8122.4
2011,IS_RDP_PFVOL,,P_KM,8862.6
2012,IS_RDP_PFVOL,,P_KM,9620.7
2013,IS_RDP_PFVOL,,P_KM,10378.1
2014,IS_RDP_PFVOL,,P_KM,10776.8
2015,IS_RDP_PFVOL,,P_KM,11012.5
2016,IS_RDP_PFVOL,,P_KM,11333.6
2017,IS_RDP_PFVOL,,P_KM,12279.3
2018,IS_RDP_PFVOL,,P_KM,12516.2
2019,IS_RDP_PFVOL,,P_KM,13135.1
2020,IS_RDP_PFVOL,,P_KM,7381.8
2021,IS_RDP_PFVOL,,P_KM,9090.7
2022,IS_RDP_PFVOL,,P_KM,10444.2
2023,IS_RDP_PFVOL,,P_KM,11350.7
2024,IS_RDP_PFVOL,,P_KM,11802.3
2007,IS_RDP_PFVOL,MOT_RAI,P_KM,59.9
2008,IS_RDP_PFVOL,MOT_RAI,P_KM,90.2
2009,IS_RDP_PFVOL,MOT_RAI,P_KM,106.1
2010,IS_RDP_PFVOL,MOT_RAI,P_KM,98.7
2011,IS_RDP_PFVOL,MOT_RAI,P_KM,82.8
2012,IS_RDP_PFVOL,MOT_RAI,P_KM,75.8
2013,IS_RDP_PFVOL,MOT_RAI,P_KM,55.5
2014,IS_RDP_PFVOL,MOT_RAI,P_KM,42.9
2015,IS_RDP_PFVOL,MOT_RAI,P_KM,40.8
2016,IS_RDP_PFVOL,MOT_RAI,P_KM,40.8
2017,IS_RDP_PFVOL,MOT_RAI,P_KM,43.4
2018,IS_RDP_PFVOL,MOT_RAI,P_KM,35.0
2019,IS_RDP_PFVOL,MOT_RAI,P_KM,37.1
2020,IS_RDP_PFVOL,MOT_RAI,P_KM,6.8
2021,IS_RDP_PFVOL,MOT_RAI,P_KM,21.0
2022,IS_RDP_PFVOL,MOT_RAI,P_KM,21.7
2023,IS_RDP_PFVOL,MOT_RAI,P_KM,21.6
2024,IS_RDP_PFVOL,MOT_RAI,P_KM,25.4
2007,IS_RDP_PFVOL,MOT_BUS,P_KM,6162.6
2008,IS_RDP_PFVOL,MOT_BUS,P_KM,6508.6
2009,IS_RDP_PFVOL,MOT_BUS,P_KM,6806.8
2010,IS_RDP_PFVOL,MOT_BUS,P_KM,6810.0
2011,IS_RDP_PFVOL,MOT_BUS,P_KM,6925.5
2012,IS_RDP_PFVOL,MOT_BUS,P_KM,7466.2
2013,IS_RDP_PFVOL,MOT_BUS,P_KM,7717.7
2014,IS_RDP_PFVOL,MOT_BUS,P_KM,8000.0
2015,IS_RDP_PFVOL,MOT_BUS,P_KM,8410.4
2016,IS_RDP_PFVOL,MOT_BUS,P_KM,8839.3
2017,IS_RDP_PFVOL,MOT_BUS,P_KM,8931.5
2018,IS_RDP_PFVOL,MOT_BUS,P_KM,9305.6
2019,IS_RDP_PFVOL,MOT_BUS,P_KM,10490.2
2020,IS_RDP_PFVOL,MOT_BUS,P_KM,6035.6
2021,IS_RDP_PFVOL,MOT_BUS,P_KM,7066.7
2022,IS_RDP_PFVOL,MOT_BUS,P_KM,7361.6
2023,IS_RDP_PFVOL,MOT_BUS,P_KM,7996.3
2024,IS_RDP_PFVOL,MOT_BUS,P_KM,8495.8
2007,IS_RDP_PFVOL,MOT_TRO,P_KM,101.3
2008,IS_RDP_PFVOL,MOT_TRO,P_KM,71.1
2009,IS_RDP_PFVOL,MOT_TRO,P_KM,84.9
2010,IS_RDP_PFVOL,MOT_TRO,P_KM,100.9
2011,IS_RDP_PFVOL,MOT_TRO,P_KM,97.7
2012,IS_RDP_PFVOL,MOT_TRO,P_KM,79.9
2013,IS_RDP_PFVOL,MOT_TRO,P_KM,77.8
2014,IS_RDP_PFVOL,MOT_TRO,P_KM,82.5
2015,IS_RDP_PFVOL,MOT_TRO,P_KM,95.6
2016,IS_RDP_PFVOL,MOT_TRO,P_KM,106.1
2017,IS_RDP_PFVOL,MOT_TRO,P_KM,120.1
2018,IS_RDP_PFVOL,MOT_TRO,P_KM,137.1
2019,IS_RDP_PFVOL,MOT_TRO,P_KM,148.8
2020,IS_RDP_PFVOL,MOT_TRO,P_KM,89.5
2021,IS_RDP_PFVOL,MOT_TRO,P_KM,126.0
2022,IS_RDP_PFVOL,MOT_TRO,P_KM,143.1
2023,IS_RDP_PFVOL,MOT_TRO,P_KM,145.4
2024,IS_RDP_PFVOL,MOT_TRO,P_KM,82.3
2007,IS_RDP_PFVOL,MOT_TAX,P_KM,204.3
2008,IS_RDP_PFVOL,MOT_TAX,P_KM,235.8
2009,IS_RDP_PFVOL,MOT_TAX,P_KM,265.0
2010,IS_RDP_PFVOL,MOT_TAX,P_KM,298.6
2011,IS_RDP_PFVOL,MOT_TAX,P_KM,356.2
2012,IS_RDP_PFVOL,MOT_TAX,P_KM,397.2
2013,IS_RDP_PFVOL,MOT_TAX,P_KM,427.7
2014,IS_RDP_PFVOL,MOT_TAX,P_KM,471.4
2015,IS_RDP_PFVOL,MOT_TAX,P_KM,499.6
2016,IS_RDP_PFVOL,MOT_TAX,P_KM,546.0
2017,IS_RDP_PFVOL,MOT_TAX,P_KM,569.1
2018,IS_RDP_PFVOL,MOT_TAX,P_KM,642.4
2019,IS_RDP_PFVOL,MOT_TAX,P_KM,752.0
2020,IS_RDP_PFVOL,MOT_TAX,P_KM,712.2
2021,IS_RDP_PFVOL,MOT_TAX,P_KM,787.0
2022,IS_RDP_PFVOL,MOT_TAX,P_KM,844.2
2023,IS_RDP_PFVOL,MOT_TAX,P_KM,1060.7
2024,IS_RDP_PFVOL,MOT_TAX,P_KM,1223.7
2007,IS_RDP_PFVOL,MOT_AIR,P_KM,509.3
2008,IS_RDP_PFVOL,MOT_AIR,P_KM,635.3
2009,IS_RDP_PFVOL,MOT_AIR,P_KM,571.9
2010,IS_RDP_PFVOL,MOT_AIR,P_KM,814.2
2011,IS_RDP_PFVOL,MOT_AIR,P_KM,1400.4
2012,IS_RDP_PFVOL,MOT_AIR,P_KM,1601.6
2013,IS_RDP_PFVOL,MOT_AIR,P_KM,2099.4
2014,IS_RDP_PFVOL,MOT_AIR,P_KM,2180.0
2015,IS_RDP_PFVOL,MOT_AIR,P_KM,1966.1
2016,IS_RDP_PFVOL,MOT_AIR,P_KM,1801.4
2017,IS_RDP_PFVOL,MOT_AIR,P_KM,2615.2
2018,IS_RDP_PFVOL,MOT_AIR,P_KM,2396.1
2019,IS_RDP_PFVOL,MOT_AIR,P_KM,1707.0
2020,IS_RDP_PFVOL,MOT_AIR,P_KM,537.7
2021,IS_RDP_PFVOL,MOT_AIR,P_KM,1090.0
2022,IS_RDP_PFVOL,MOT_AIR,P_KM,2073.5
2023,IS_RDP_PFVOL,MOT_AIR,P_KM,2126.7
2024,IS_RDP_PFVOL,MOT_AIR,P_KM,1975.2
2007,IS_RDP_FRGVOL,,T_KM,2021.6
2008,IS_RDP_FRGVOL,,T_KM,2338.3
2009,IS_RDP_FRGVOL,,T_KM,2140.7
2010,IS_RDP_FRGVOL,,T_KM,2178.1
2011,IS_RDP_FRGVOL,,T_KM,2360.4
2012,IS_RDP_FRGVOL,,T_KM,2604.4
2013,IS_RDP_FRGVOL,,T_KM,2662.3
2014,IS_RDP_FRGVOL,,T_KM,2497.1
2015,IS_RDP_FRGVOL,,T_KM,2525.1
2016,IS_RDP_FRGVOL,,T_KM,2466.4
2017,IS_RDP_FRGVOL,,T_KM,2641.0
2018,IS_RDP_FRGVOL,,T_KM,2777.3
2019,IS_RDP_FRGVOL,,T_KM,2913.6
2020,IS_RDP_FRGVOL,,T_KM,2434.5
2021,IS_RDP_FRGVOL,,T_KM,2620.2
2022,IS_RDP_FRGVOL,,T_KM,2756.0
2023,IS_RDP_FRGVOL,,T_KM,2985.3
2024,IS_RDP_FRGVOL,,T_KM,3180.0
2007,IS_RDP_FRGVOL,MOT_RAI,T_KM,848.9
2008,IS_RDP_FRGVOL,MOT_RAI,T_KM,945.5
2009,IS_RDP_FRGVOL,MOT_RAI,T_KM,744.5
2010,IS_RDP_FRGVOL,MOT_RAI,T_KM,737.7
2011,IS_RDP_FRGVOL,MOT_RAI,T_KM,798.3
2012,IS_RDP_FRGVOL,MOT_RAI,T_KM,922.7
2013,IS_RDP_FRGVOL,MOT_RAI,T_KM,1001.7
2014,IS_RDP_FRGVOL,MOT_RAI,T_KM,1010.0
2015,IS_RDP_FRGVOL,MOT_RAI,T_KM,917.8
2016,IS_RDP_FRGVOL,MOT_RAI,T_KM,807.0
2017,IS_RDP_FRGVOL,MOT_RAI,T_KM,937.3
2018,IS_RDP_FRGVOL,MOT_RAI,T_KM,950.7
2019,IS_RDP_FRGVOL,MOT_RAI,T_KM,870.4
2020,IS_RDP_FRGVOL,MOT_RAI,T_KM,937.5
2021,IS_RDP_FRGVOL,MOT_RAI,T_KM,1003.1
2022,IS_RDP_FRGVOL,MOT_RAI,T_KM,1013.8
2023,IS_RDP_FRGVOL,MOT_RAI,T_KM,1085.6
2024,IS_RDP_FRGVOL,MOT_RAI,T_KM,1075.5
2007,IS_RDP_FRGVOL,MOT_ROA,T_KM,902.5
2008,IS_RDP_FRGVOL,MOT_ROA,T_KM,1113.9
2009,IS_RDP_FRGVOL,MOT_ROA,T_KM,1256.4
2010,IS_RDP_FRGVOL,MOT_ROA,T_KM,1281.5
2011,IS_RDP_FRGVOL,MOT_ROA,T_KM,1302.8
2012,IS_RDP_FRGVOL,MOT_ROA,T_KM,1371.5
2013,IS_RDP_FRGVOL,MOT_ROA,T_KM,1392.0
2014,IS_RDP_FRGVOL,MOT_ROA,T_KM,1264.7
2015,IS_RDP_FRGVOL,MOT_ROA,T_KM,1401.7
2016,IS_RDP_FRGVOL,MOT_ROA,T_KM,1501.3
2017,IS_RDP_FRGVOL,MOT_ROA,T_KM,1527.1
2018,IS_RDP_FRGVOL,MOT_ROA,T_KM,1624.0
2019,IS_RDP_FRGVOL,MOT_ROA,T_KM,1841.9
2020,IS_RDP_FRGVOL,MOT_ROA,T_KM,1281.2
2021,IS_RDP_FRGVOL,MOT_ROA,T_KM,1348.4
2022,IS_RDP_FRGVOL,MOT_ROA,T_KM,1451.1
2023,IS_RDP_FRGVOL,MOT_ROA,T_KM,1403.6
2024,IS_RDP_FRGVOL,MOT_ROA,T_KM,1531.2
2007,IS_RDP_FRGVOL,MOT_PIP,T_KM,218.3
2008,IS_RDP_FRGVOL,MOT_PIP,T_KM,211.5
2009,IS_RDP_FRGVOL,MOT_PIP,T_KM,90.0
2010,IS_RDP_FRGVOL,MOT_PIP,T_KM,91.5
2011,IS_RDP_FRGVOL,MOT_PIP,T_KM,146.3
2012,IS_RDP_FRGVOL,MOT_PIP,T_KM,208.8
2013,IS_RDP_FRGVOL,MOT_PIP,T_KM,156.7
2014,IS_RDP_FRGVOL,MOT_PIP,T_KM,135.2
2015,IS_RDP_FRGVOL,MOT_PIP,T_KM,145.9
2016,IS_RDP_FRGVOL,MOT_PIP,T_KM,140.7
2017,IS_RDP_FRGVOL,MOT_PIP,T_KM,163.5
2018,IS_RDP_FRGVOL,MOT_PIP,T_KM,192.8
2019,IS_RDP_FRGVOL,MOT_PIP,T_KM,192.8
2020,IS_RDP_FRGVOL,MOT_PIP,T_KM,208.6
2021,IS_RDP_FRGVOL,MOT_PIP,T_KM,248.0
2022,IS_RDP_FRGVOL,MOT_PIP,T_KM,273.4
2023,IS_RDP_FRGVOL,MOT_PIP,T_KM,265.0
2024,IS_RDP_FRGVOL,MOT_PIP,T_KM,320.7
2007,IS_RDP_FRGVOL,MOT_WAT,T_KM,4.8
2008,IS_RDP_FRGVOL,MOT_WAT,T_KM,8.0
2009,IS_RDP_FRGVOL,MOT_WAT,T_KM,4.4
2010,IS_RDP_FRGVOL,MOT_WAT,T_KM,3.0
2011,IS_RDP_FRGVOL,MOT_WAT,T_KM,2.0
2012,IS_RDP_FRGVOL,MOT_WAT,T_KM,2.2
2013,IS_RDP_FRGVOL,MOT_WAT,T_KM,2.0
2014,IS_RDP_FRGVOL,MOT_WAT,T_KM,2.8
2015,IS_RDP_FRGVOL,MOT_WAT,T_KM,2.3
2016,IS_RDP_FRGVOL,MOT_WAT,T_KM,0.5
2017,IS_RDP_FRGVOL,MOT_WAT,T_KM,0.0
2007,IS_RDP_FRGVOL,MOT_AIR,T_KM,47.1
2008,IS_RDP_FRGVOL,MOT_AIR,T_KM,59.4
2009,IS_RDP_FRGVOL,MOT_AIR,T_KM,45.4
2010,IS_RDP_FRGVOL,MOT_AIR,T_KM,64.4
2011,IS_RDP_FRGVOL,MOT_AIR,T_KM,111.0
2012,IS_RDP_FRGVOL,MOT_AIR,T_KM,99.2
2013,IS_RDP_FRGVOL,MOT_AIR,T_KM,109.9
2014,IS_RDP_FRGVOL,MOT_AIR,T_KM,83.4
2015,IS_RDP_FRGVOL,MOT_AIR,T_KM,57.4
2016,IS_RDP_FRGVOL,MOT_AIR,T_KM,16.9
2017,IS_RDP_FRGVOL,MOT_AIR,T_KM,13.1
2018,IS_RDP_FRGVOL,MOT_AIR,T_KM,9.8
2019,IS_RDP_FRGVOL,MOT_AIR,T_KM,8.5
2020,IS_RDP_FRGVOL,MOT_AIR,T_KM,7.2
2021,IS_RDP_FRGVOL,MOT_AIR,T_KM,20.7
2022,IS_RDP_FRGVOL,MOT_AIR,T_KM,17.7
2023,IS_RDP_FRGVOL,MOT_AIR,T_KM,231.1
2024,IS_RDP_FRGVOL,MOT_AIR,T_KM,252.5
