Year,SERIES,Value
2012,IT_MOB_2GNTWK,97.5
2013,IT_MOB_2GNTWK,97.6
2014,IT_MOB_2GNTWK,97.7
2015,IT_MOB_2GNTWK,97.8
2016,IT_MOB_2GNTWK,99.0
2017,IT_MOB_2GNTWK,99.1
2018,IT_MOB_2GNTWK,99.2
2019,IT_MOB_2GNTWK,99.3
2020,IT_MOB_2GNTWK,99.0
2021,IT_MOB_2GNTWK,98.0
2022,IT_MOB_2GNTWK,98.8
2023,IT_MOB_2GNTWK,99.0
2024,IT_MOB_2GNTWK,994.0
2012,IT_MOB_3GNTWK,46.3
2013,IT_MOB_3GNTWK,51.0
2014,IT_MOB_3GNTWK,57.0
2015,IT_MOB_3GNTWK,59.0
2016,IT_MOB_3GNTWK,60.0
2017,IT_MOB_3GNTWK,75.0
2018,IT_MOB_3GNTWK,88.0
2019,IT_MOB_3GNTWK,91.0
2020,IT_MOB_3GNTWK,89.3
2021,IT_MOB_3GNTWK,97.0
2022,IT_MOB_3GNTWK,98.0
2023,IT_MOB_3GNTWK,98.9
2024,IT_MOB_3GNTWK,980.0
2014,IT_MOB_4GNTWK,0.5
2015,IT_MOB_4GNTWK,1.6
2016,IT_MOB_4GNTWK,40.0
2017,IT_MOB_4GNTWK,50.0
2018,IT_MOB_4GNTWK,70.0
2019,IT_MOB_4GNTWK,85.0
2020,IT_MOB_4GNTWK,81.9
2021,IT_MOB_4GNTWK,96.0
2022,IT_MOB_4GNTWK,96.9
2023,IT_MOB_4GNTWK,98.8
2024,IT_MOB_4GNTWK,992.0
