Year,SERIES,REF_AREA,SEX,AGE,URBANISATION,INCOME_WEALTH_QUANTILE,EDUCATION_LEV,COMPOSITE_BREAKDOWN,GeoCode,Value
2018,SH_XPD_EARN10,,,,,,,,,51
2019,SH_XPD_EARN10,,,,,,,,,53
2020,SH_XPD_EARN10,,,,,,,,,48
2021,SH_XPD_EARN10,,,,,,,,,41
2022,SH_XPD_EARN10,,,,,,,,,46
2023,SH_XPD_EARN10,,,,,,,,,47
2024,SH_XPD_EARN10,,,,,,,,,47
2018,SH_XPD_EARN10,,,,U,,,,,42
2019,SH_XPD_EARN10,,,,U,,,,,48
2020,SH_XPD_EARN10,,,,U,,,,,48
2021,SH_XPD_EARN10,,,,U,,,,,38
2022,SH_XPD_EARN10,,,,U,,,,,42
2023,SH_XPD_EARN10,,,,U,,,,,60
2024,SH_XPD_EARN10,,,,U,,,,,54
2018,SH_XPD_EARN10,,,,R,,,,,57
2019,SH_XPD_EARN10,,,,R,,,,,55
2020,SH_XPD_EARN10,,,,R,,,,,48
2021,SH_XPD_EARN10,,,,R,,,,,42
2022,SH_XPD_EARN10,,,,R,,,,,48
2023,SH_XPD_EARN10,,,,R,,,,,40
2024,SH_XPD_EARN10,,,,R,,,,,41
2018,SH_XPD_EARN10,,M,,,,,,,49
2019,SH_XPD_EARN10,,M,,,,,,,48
2020,SH_XPD_EARN10,,M,,,,,,,46
2021,SH_XPD_EARN10,,M,,,,,,,37
2022,SH_XPD_EARN10,,M,,,,,,,43
2023,SH_XPD_EARN10,,M,,,,,,,44
2024,SH_XPD_EARN10,,M,,,,,,,43
2018,SH_XPD_EARN10,,F,,,,,,,54
2019,SH_XPD_EARN10,,F,,,,,,,56
2020,SH_XPD_EARN10,,F,,,,,,,50
2021,SH_XPD_EARN10,,F,,,,,,,44
2022,SH_XPD_EARN10,,F,,,,,,,48
2023,SH_XPD_EARN10,,F,,,,,,,50
2024,SH_XPD_EARN10,,F,,,,,,,50
2018,SH_XPD_EARN10,KG05,,,,,,,KG05,41
2019,SH_XPD_EARN10,KG05,,,,,,,KG05,42
2020,SH_XPD_EARN10,KG05,,,,,,,KG05,15
2021,SH_XPD_EARN10,KG05,,,,,,,KG05,17
2022,SH_XPD_EARN10,KG05,,,,,,,KG05,15
2023,SH_XPD_EARN10,KG05,,,,,,,KG05,22
2024,SH_XPD_EARN10,KG05,,,,,,,KG05,25
2018,SH_XPD_EARN10,KG03,,,,,,,KG03,30
2019,SH_XPD_EARN10,KG03,,,,,,,KG03,15
2020,SH_XPD_EARN10,KG03,,,,,,,KG03,3
2021,SH_XPD_EARN10,KG03,,,,,,,KG03,0
2022,SH_XPD_EARN10,KG03,,,,,,,KG03,2
2023,SH_XPD_EARN10,KG03,,,,,,,KG03,22
2024,SH_XPD_EARN10,KG03,,,,,,,KG03,26
2018,SH_XPD_EARN10,KG02,,,,,,,KG02,30
2019,SH_XPD_EARN10,KG02,,,,,,,KG02,28
2020,SH_XPD_EARN10,KG02,,,,,,,KG02,20
2021,SH_XPD_EARN10,KG02,,,,,,,KG02,26
2022,SH_XPD_EARN10,KG02,,,,,,,KG02,27
2023,SH_XPD_EARN10,KG02,,,,,,,KG02,19
2024,SH_XPD_EARN10,KG02,,,,,,,KG02,29
2018,SH_XPD_EARN10,KG04,,,,,,,KG04,105
2019,SH_XPD_EARN10,KG04,,,,,,,KG04,95
2020,SH_XPD_EARN10,KG04,,,,,,,KG04,82
2021,SH_XPD_EARN10,KG04,,,,,,,KG04,86
2022,SH_XPD_EARN10,KG04,,,,,,,KG04,58
2023,SH_XPD_EARN10,KG04,,,,,,,KG04,96
2024,SH_XPD_EARN10,KG04,,,,,,,KG04,78
2018,SH_XPD_EARN10,KG06,,,,,,,KG06,52
2019,SH_XPD_EARN10,KG06,,,,,,,KG06,64
2020,SH_XPD_EARN10,KG06,,,,,,,KG06,60
2021,SH_XPD_EARN10,KG06,,,,,,,KG06,48
2022,SH_XPD_EARN10,KG06,,,,,,,KG06,65
2023,SH_XPD_EARN10,KG06,,,,,,,KG06,32
2024,SH_XPD_EARN10,KG06,,,,,,,KG06,50
2018,SH_XPD_EARN10,KG07,,,,,,,KG07,19
2019,SH_XPD_EARN10,KG07,,,,,,,KG07,8
2020,SH_XPD_EARN10,KG07,,,,,,,KG07,3
2021,SH_XPD_EARN10,KG07,,,,,,,KG07,10
2022,SH_XPD_EARN10,KG07,,,,,,,KG07,12
2023,SH_XPD_EARN10,KG07,,,,,,,KG07,17
2024,SH_XPD_EARN10,KG07,,,,,,,KG07,1
2018,SH_XPD_EARN10,KG08,,,,,,,KG08,104
2019,SH_XPD_EARN10,KG08,,,,,,,KG08,119
2020,SH_XPD_EARN10,KG08,,,,,,,KG08,123
2021,SH_XPD_EARN10,KG08,,,,,,,KG08,103
2022,SH_XPD_EARN10,KG08,,,,,,,KG08,106
2023,SH_XPD_EARN10,KG08,,,,,,,KG08,109
2024,SH_XPD_EARN10,KG08,,,,,,,KG08,101
2018,SH_XPD_EARN10,KG11,,,,,,,KG11,28
2019,SH_XPD_EARN10,KG11,,,,,,,KG11,30
2020,SH_XPD_EARN10,KG11,,,,,,,KG11,53
2021,SH_XPD_EARN10,KG11,,,,,,,KG11,32
2022,SH_XPD_EARN10,KG11,,,,,,,KG11,41
2023,SH_XPD_EARN10,KG11,,,,,,,KG11,32
2024,SH_XPD_EARN10,KG11,,,,,,,KG11,32
2018,SH_XPD_EARN10,KG21,,,,,,,KG21,78
2019,SH_XPD_EARN10,KG21,,,,,,,KG21,86
2020,SH_XPD_EARN10,KG21,,,,,,,KG21,41
2021,SH_XPD_EARN10,KG21,,,,,,,KG21,55
2022,SH_XPD_EARN10,KG21,,,,,,,KG21,54
2023,SH_XPD_EARN10,KG21,,,,,,,KG21,133
2024,SH_XPD_EARN10,KG21,,,,,,,KG21,80
2018,SH_XPD_EARN10,,,Y0T5,,,,,,42
2019,SH_XPD_EARN10,,,Y0T5,,,,,,45
2020,SH_XPD_EARN10,,,Y0T5,,,,,,38
2021,SH_XPD_EARN10,,,Y0T5,,,,,,32
2022,SH_XPD_EARN10,,,Y0T5,,,,,,36
2023,SH_XPD_EARN10,,,Y0T5,,,,,,40
2024,SH_XPD_EARN10,,,Y0T5,,,,,,37
2018,SH_XPD_EARN10,,,Y7T14,,,,,,43
2019,SH_XPD_EARN10,,,Y7T14,,,,,,38
2020,SH_XPD_EARN10,,,Y7T14,,,,,,35
2021,SH_XPD_EARN10,,,Y7T14,,,,,,31
2022,SH_XPD_EARN10,,,Y7T14,,,,,,38
2023,SH_XPD_EARN10,,,Y7T14,,,,,,34
2024,SH_XPD_EARN10,,,Y7T14,,,,,,34
2018,SH_XPD_EARN10,,,Y15T28,,,,,,40
2019,SH_XPD_EARN10,,,Y15T28,,,,,,42
2020,SH_XPD_EARN10,,,Y15T28,,,,,,36
2021,SH_XPD_EARN10,,,Y15T28,,,,,,22
2022,SH_XPD_EARN10,,,Y15T28,,,,,,36
2023,SH_XPD_EARN10,,,Y15T28,,,,,,35
2024,SH_XPD_EARN10,,,Y15T28,,,,,,37
2018,SH_XPD_EARN10,,,Y29T62,,,,,,48
2019,SH_XPD_EARN10,,,Y29T62,,,,,,48
2020,SH_XPD_EARN10,,,Y29T62,,,,,,40
2021,SH_XPD_EARN10,,,Y29T62,,,,,,36
2022,SH_XPD_EARN10,,,Y29T62,,,,,,37
2023,SH_XPD_EARN10,,,Y29T62,,,,,,44
2024,SH_XPD_EARN10,,,Y29T62,,,,,,42
2018,SH_XPD_EARN10,,,Y_GE58,,,,,,116
2019,SH_XPD_EARN10,,,Y_GE58,,,,,,125
2020,SH_XPD_EARN10,,,Y_GE58,,,,,,129
2021,SH_XPD_EARN10,,,Y_GE58,,,,,,109
2022,SH_XPD_EARN10,,,Y_GE58,,,,,,109
2023,SH_XPD_EARN10,,,Y_GE58,,,,,,104
2024,SH_XPD_EARN10,,,Y_GE58,,,,,,99
2018,SH_XPD_EARN10,,,,,,ISCED11_1,,,44
2019,SH_XPD_EARN10,,,,,,ISCED11_1,,,39
2020,SH_XPD_EARN10,,,,,,ISCED11_1,,,38
2021,SH_XPD_EARN10,,,,,,ISCED11_1,,,34
2022,SH_XPD_EARN10,,,,,,ISCED11_1,,,38
2023,SH_XPD_EARN10,,,,,,ISCED11_1,,,37
2024,SH_XPD_EARN10,,,,,,ISCED11_1,,,36
2018,SH_XPD_EARN10,,,,,,ISCED11_2,,,59
2019,SH_XPD_EARN10,,,,,,ISCED11_2,,,71
2020,SH_XPD_EARN10,,,,,,ISCED11_2,,,72
2021,SH_XPD_EARN10,,,,,,ISCED11_2,,,52
2022,SH_XPD_EARN10,,,,,,ISCED11_2,,,59
2023,SH_XPD_EARN10,,,,,,ISCED11_2,,,67
2024,SH_XPD_EARN10,,,,,,ISCED11_2,,,57
2018,SH_XPD_EARN10,,,,,,ISCED11_3,,,51
2019,SH_XPD_EARN10,,,,,,ISCED11_3,,,46
2020,SH_XPD_EARN10,,,,,,ISCED11_3,,,37
2021,SH_XPD_EARN10,,,,,,ISCED11_3,,,34
2022,SH_XPD_EARN10,,,,,,ISCED11_3,,,43
2023,SH_XPD_EARN10,,,,,,ISCED11_3,,,42
2024,SH_XPD_EARN10,,,,,,ISCED11_3,,,47
2018,SH_XPD_EARN10,,,,,,ISCED11_4,,,73
2019,SH_XPD_EARN10,,,,,,ISCED11_4,,,92
2020,SH_XPD_EARN10,,,,,,ISCED11_4,,,79
2021,SH_XPD_EARN10,,,,,,ISCED11_4,,,65
2022,SH_XPD_EARN10,,,,,,ISCED11_4,,,65
2023,SH_XPD_EARN10,,,,,,ISCED11_4,,,78
2024,SH_XPD_EARN10,,,,,,ISCED11_4,,,72
2018,SH_XPD_EARN10,,,,,,ISCED11_6_7,,,49
2019,SH_XPD_EARN10,,,,,,ISCED11_6_7,,,52
2020,SH_XPD_EARN10,,,,,,ISCED11_6_7,,,64
2021,SH_XPD_EARN10,,,,,,ISCED11_6_7,,,50
2022,SH_XPD_EARN10,,,,,,ISCED11_6_7,,,48
2023,SH_XPD_EARN10,,,,,,ISCED11_6_7,,,48
2024,SH_XPD_EARN10,,,,,,ISCED11_6_7,,,44
2018,SH_XPD_EARN10,,,,,Q1,,,,28
2019,SH_XPD_EARN10,,,,,Q1,,,,27
2020,SH_XPD_EARN10,,,,,Q1,,,,23
2021,SH_XPD_EARN10,,,,,Q1,,,,27
2022,SH_XPD_EARN10,,,,,Q1,,,,41
2023,SH_XPD_EARN10,,,,,Q1,,,,36
2024,SH_XPD_EARN10,,,,,Q1,,,,35
2018,SH_XPD_EARN10,,,,,Q2,,,,48
2019,SH_XPD_EARN10,,,,,Q2,,,,45
2020,SH_XPD_EARN10,,,,,Q2,,,,50
2021,SH_XPD_EARN10,,,,,Q2,,,,36
2022,SH_XPD_EARN10,,,,,Q2,,,,38
2023,SH_XPD_EARN10,,,,,Q2,,,,54
2024,SH_XPD_EARN10,,,,,Q2,,,,47
2018,SH_XPD_EARN10,,,,,Q3,,,,52
2019,SH_XPD_EARN10,,,,,Q3,,,,51
2020,SH_XPD_EARN10,,,,,Q3,,,,52
2021,SH_XPD_EARN10,,,,,Q3,,,,37
2022,SH_XPD_EARN10,,,,,Q3,,,,44
2023,SH_XPD_EARN10,,,,,Q3,,,,58
2024,SH_XPD_EARN10,,,,,Q3,,,,67
2018,SH_XPD_EARN10,,,,,Q4,,,,78
2019,SH_XPD_EARN10,,,,,Q4,,,,79
2020,SH_XPD_EARN10,,,,,Q4,,,,43
2021,SH_XPD_EARN10,,,,,Q4,,,,51
2022,SH_XPD_EARN10,,,,,Q4,,,,54
2023,SH_XPD_EARN10,,,,,Q4,,,,38
2024,SH_XPD_EARN10,,,,,Q4,,,,43
2018,SH_XPD_EARN10,,,,,Q5,,,,51
2019,SH_XPD_EARN10,,,,,Q5,,,,62
2020,SH_XPD_EARN10,,,,,Q5,,,,73
2021,SH_XPD_EARN10,,,,,Q5,,,,52
2022,SH_XPD_EARN10,,,,,Q5,,,,52
2023,SH_XPD_EARN10,,,,,Q5,,,,51
2024,SH_XPD_EARN10,,,,,Q5,,,,41
2018,SH_XPD_EARN10,,,,,,,_L_HOUS_WITHOUT_CHILD,,92
2019,SH_XPD_EARN10,,,,,,,_L_HOUS_WITHOUT_CHILD,,98
2020,SH_XPD_EARN10,,,,,,,_L_HOUS_WITHOUT_CHILD,,106
2021,SH_XPD_EARN10,,,,,,,_L_HOUS_WITHOUT_CHILD,,80
2022,SH_XPD_EARN10,,,,,,,_L_HOUS_WITHOUT_CHILD,,76
2023,SH_XPD_EARN10,,,,,,,_L_HOUS_WITHOUT_CHILD,,111
2024,SH_XPD_EARN10,,,,,,,_L_HOUS_WITHOUT_CHILD,,92
2018,SH_XPD_EARN10,,,,,,,_L_HOUS_WITH_CHILD,,44
2019,SH_XPD_EARN10,,,,,,,_L_HOUS_WITH_CHILD,,44
2020,SH_XPD_EARN10,,,,,,,_L_HOUS_WITH_CHILD,,37
2021,SH_XPD_EARN10,,,,,,,_L_HOUS_WITH_CHILD,,33
2022,SH_XPD_EARN10,,,,,,,_L_HOUS_WITH_CHILD,,40
2023,SH_XPD_EARN10,,,,,,,_L_HOUS_WITH_CHILD,,35
2024,SH_XPD_EARN10,,,,,,,_L_HOUS_WITH_CHILD,,37
2018,SH_XPD_EARN10,,,,,,,_L_HOUS_WITHOUT_PERS_WORK,,31
2019,SH_XPD_EARN10,,,,,,,_L_HOUS_WITHOUT_PERS_WORK,,32
2020,SH_XPD_EARN10,,,,,,,_L_HOUS_WITHOUT_PERS_WORK,,28
2021,SH_XPD_EARN10,,,,,,,_L_HOUS_WITHOUT_PERS_WORK,,21
2022,SH_XPD_EARN10,,,,,,,_L_HOUS_WITHOUT_PERS_WORK,,25
2023,SH_XPD_EARN10,,,,,,,_L_HOUS_WITHOUT_PERS_WORK,,32
2024,SH_XPD_EARN10,,,,,,,_L_HOUS_WITHOUT_PERS_WORK,,30
2018,SH_XPD_EARN10,,,,,,,_L_HOUS_WITH_PERS_WORK,,91
2019,SH_XPD_EARN10,,,,,,,_L_HOUS_WITH_PERS_WORK,,91
2020,SH_XPD_EARN10,,,,,,,_L_HOUS_WITH_PERS_WORK,,82
2021,SH_XPD_EARN10,,,,,,,_L_HOUS_WITH_PERS_WORK,,71
2022,SH_XPD_EARN10,,,,,,,_L_HOUS_WITH_PERS_WORK,,79
2023,SH_XPD_EARN10,,,,,,,_L_HOUS_WITH_PERS_WORK,,71
2024,SH_XPD_EARN10,,,,,,,_L_HOUS_WITH_PERS_WORK,,70
2018,SH_XPD_EARN10,,,,,,,_L_HOUS_ONL_PERS_WORK,,226
2019,SH_XPD_EARN10,,,,,,,_L_HOUS_ONL_PERS_WORK,,266
2020,SH_XPD_EARN10,,,,,,,_L_HOUS_ONL_PERS_WORK,,313
2021,SH_XPD_EARN10,,,,,,,_L_HOUS_ONL_PERS_WORK,,267
2022,SH_XPD_EARN10,,,,,,,_L_HOUS_ONL_PERS_WORK,,223
2023,SH_XPD_EARN10,,,,,,,_L_HOUS_ONL_PERS_WORK,,219
2024,SH_XPD_EARN10,,,,,,,_L_HOUS_ONL_PERS_WORK,,197
2018,SH_XPD_EARN10,,,,,,,_L_HOUS_POOR,,24
2019,SH_XPD_EARN10,,,,,,,_L_HOUS_POOR,,21
2020,SH_XPD_EARN10,,,,,,,_L_HOUS_POOR,,28
2021,SH_XPD_EARN10,,,,,,,_L_HOUS_POOR,,12
2022,SH_XPD_EARN10,,,,,,,_L_HOUS_POOR,,14
2023,SH_XPD_EARN10,,,,,,,_L_HOUS_POOR,,20
2024,SH_XPD_EARN10,,,,,,,_L_HOUS_POOR,,31
2018,SH_XPD_EARN10,,,,,,,_L_HOUS_EXTR_POOR,,0
2019,SH_XPD_EARN10,,,,,,,_L_HOUS_EXTR_POOR,,0
2020,SH_XPD_EARN10,,,,,,,_L_HOUS_EXTR_POOR,,63
2021,SH_XPD_EARN10,,,,,,,_L_HOUS_EXTR_POOR,,6
2022,SH_XPD_EARN10,,,,,,,_L_HOUS_EXTR_POOR,,12
2023,SH_XPD_EARN10,,,,,,,_L_HOUS_EXTR_POOR,,12
2024,SH_XPD_EARN10,,,,,,,_L_HOUS_EXTR_POOR,,26
2020,SH_XPD_EARN25,,,,,,,,,8
2021,SH_XPD_EARN25,,,,,,,,,9
2022,SH_XPD_EARN25,,,,,,,,,8
2023,SH_XPD_EARN25,,,,,,,,,6
2024,SH_XPD_EARN25,,,,,,,,,5
2020,SH_XPD_EARN25,,,,U,,,,,7
2021,SH_XPD_EARN25,,,,U,,,,,6
2022,SH_XPD_EARN25,,,,U,,,,,3
2023,SH_XPD_EARN25,,,,U,,,,,7
2024,SH_XPD_EARN25,,,,U,,,,,5
2020,SH_XPD_EARN25,,,,R,,,,,8
2021,SH_XPD_EARN25,,,,R,,,,,10
2022,SH_XPD_EARN25,,,,R,,,,,10
2023,SH_XPD_EARN25,,,,R,,,,,6
2024,SH_XPD_EARN25,,,,R,,,,,5
2020,SH_XPD_EARN25,,M,,,,,,,8
2021,SH_XPD_EARN25,,M,,,,,,,9
2022,SH_XPD_EARN25,,M,,,,,,,8
2023,SH_XPD_EARN25,,M,,,,,,,6
2024,SH_XPD_EARN25,,M,,,,,,,5
2020,SH_XPD_EARN25,,F,,,,,,,9
2021,SH_XPD_EARN25,,F,,,,,,,9
2022,SH_XPD_EARN25,,F,,,,,,,8
2023,SH_XPD_EARN25,,F,,,,,,,6
2024,SH_XPD_EARN25,,F,,,,,,,5
2020,SH_XPD_EARN25,KG05,,,,,,,KG05,5
2021,SH_XPD_EARN25,KG05,,,,,,,KG05,6
2022,SH_XPD_EARN25,KG05,,,,,,,KG05,1
2023,SH_XPD_EARN25,KG05,,,,,,,KG05,4
2024,SH_XPD_EARN25,KG05,,,,,,,KG05,5
2020,SH_XPD_EARN25,KG03,,,,,,,KG03,3
2021,SH_XPD_EARN25,KG03,,,,,,,KG03,0
2022,SH_XPD_EARN25,KG03,,,,,,,KG03,0
2023,SH_XPD_EARN25,KG03,,,,,,,KG03,0
2024,SH_XPD_EARN25,KG03,,,,,,,KG03,0
2020,SH_XPD_EARN25,KG02,,,,,,,KG02,1
2021,SH_XPD_EARN25,KG02,,,,,,,KG02,2
2022,SH_XPD_EARN25,KG02,,,,,,,KG02,4
2023,SH_XPD_EARN25,KG02,,,,,,,KG02,6
2024,SH_XPD_EARN25,KG02,,,,,,,KG02,1
2020,SH_XPD_EARN25,KG04,,,,,,,KG04,14
2021,SH_XPD_EARN25,KG04,,,,,,,KG04,11
2022,SH_XPD_EARN25,KG04,,,,,,,KG04,12
2023,SH_XPD_EARN25,KG04,,,,,,,KG04,9
2024,SH_XPD_EARN25,KG04,,,,,,,KG04,14
2020,SH_XPD_EARN25,KG06,,,,,,,KG06,14
2021,SH_XPD_EARN25,KG06,,,,,,,KG06,17
2022,SH_XPD_EARN25,KG06,,,,,,,KG06,20
2023,SH_XPD_EARN25,KG06,,,,,,,KG06,1
2024,SH_XPD_EARN25,KG06,,,,,,,KG06,3
2020,SH_XPD_EARN25,KG07,,,,,,,KG07,0
2021,SH_XPD_EARN25,KG07,,,,,,,KG07,3
2022,SH_XPD_EARN25,KG07,,,,,,,KG07,10
2023,SH_XPD_EARN25,KG07,,,,,,,KG07,0
2024,SH_XPD_EARN25,KG07,,,,,,,KG07,0
2020,SH_XPD_EARN25,KG08,,,,,,,KG08,11
2021,SH_XPD_EARN25,KG08,,,,,,,KG08,14
2022,SH_XPD_EARN25,KG08,,,,,,,KG08,10
2023,SH_XPD_EARN25,KG08,,,,,,,KG08,22
2024,SH_XPD_EARN25,KG08,,,,,,,KG08,18
2020,SH_XPD_EARN25,KG11,,,,,,,KG11,12
2021,SH_XPD_EARN25,KG11,,,,,,,KG11,3
2022,SH_XPD_EARN25,KG11,,,,,,,KG11,1
2023,SH_XPD_EARN25,KG11,,,,,,,KG11,5
2024,SH_XPD_EARN25,KG11,,,,,,,KG11,3
2020,SH_XPD_EARN25,KG21,,,,,,,KG21,3
2021,SH_XPD_EARN25,KG21,,,,,,,KG21,25
2022,SH_XPD_EARN25,KG21,,,,,,,KG21,7
2023,SH_XPD_EARN25,KG21,,,,,,,KG21,16
2024,SH_XPD_EARN25,KG21,,,,,,,KG21,7
2020,SH_XPD_EARN25,,,Y0T5,,,,,,5
2021,SH_XPD_EARN25,,,Y0T5,,,,,,8
2022,SH_XPD_EARN25,,,Y0T5,,,,,,7
2023,SH_XPD_EARN25,,,Y0T5,,,,,,3
2024,SH_XPD_EARN25,,,Y0T5,,,,,,2
2020,SH_XPD_EARN25,,,Y7T14,,,,,,7
2021,SH_XPD_EARN25,,,Y7T14,,,,,,7
2022,SH_XPD_EARN25,,,Y7T14,,,,,,6
2023,SH_XPD_EARN25,,,Y7T14,,,,,,2
2024,SH_XPD_EARN25,,,Y7T14,,,,,,4
2020,SH_XPD_EARN25,,,Y15T28,,,,,,5
2021,SH_XPD_EARN25,,,Y15T28,,,,,,3
2022,SH_XPD_EARN25,,,Y15T28,,,,,,7
2023,SH_XPD_EARN25,,,Y15T28,,,,,,5
2024,SH_XPD_EARN25,,,Y15T28,,,,,,3
2020,SH_XPD_EARN25,,,Y29T62,,,,,,8
2021,SH_XPD_EARN25,,,Y29T62,,,,,,8
2022,SH_XPD_EARN25,,,Y29T62,,,,,,6
2023,SH_XPD_EARN25,,,Y29T62,,,,,,5
2024,SH_XPD_EARN25,,,Y29T62,,,,,,5
2020,SH_XPD_EARN25,,,Y_GE58,,,,,,19
2021,SH_XPD_EARN25,,,Y_GE58,,,,,,21
2022,SH_XPD_EARN25,,,Y_GE58,,,,,,16
2023,SH_XPD_EARN25,,,Y_GE58,,,,,,19
2024,SH_XPD_EARN25,,,Y_GE58,,,,,,13
2020,SH_XPD_EARN25,,,,,,ISCED11_1,,,6
2021,SH_XPD_EARN25,,,,,,ISCED11_1,,,8
2022,SH_XPD_EARN25,,,,,,ISCED11_1,,,6
2023,SH_XPD_EARN25,,,,,,ISCED11_1,,,4
2024,SH_XPD_EARN25,,,,,,ISCED11_1,,,4
2020,SH_XPD_EARN25,,,,,,ISCED11_2,,,15
2021,SH_XPD_EARN25,,,,,,ISCED11_2,,,19
2022,SH_XPD_EARN25,,,,,,ISCED11_2,,,17
2023,SH_XPD_EARN25,,,,,,ISCED11_2,,,11
2024,SH_XPD_EARN25,,,,,,ISCED11_2,,,5
2020,SH_XPD_EARN25,,,,,,ISCED11_3,,,7
2021,SH_XPD_EARN25,,,,,,ISCED11_3,,,8
2022,SH_XPD_EARN25,,,,,,ISCED11_3,,,8
2023,SH_XPD_EARN25,,,,,,ISCED11_3,,,6
2024,SH_XPD_EARN25,,,,,,ISCED11_3,,,5
2020,SH_XPD_EARN25,,,,,,ISCED11_4,,,11
2021,SH_XPD_EARN25,,,,,,ISCED11_4,,,11
2022,SH_XPD_EARN25,,,,,,ISCED11_4,,,9
2023,SH_XPD_EARN25,,,,,,ISCED11_4,,,12
2024,SH_XPD_EARN25,,,,,,ISCED11_4,,,13
2020,SH_XPD_EARN25,,,,,,ISCED11_6_7,,,9
2021,SH_XPD_EARN25,,,,,,ISCED11_6_7,,,6
2022,SH_XPD_EARN25,,,,,,ISCED11_6_7,,,4
2023,SH_XPD_EARN25,,,,,,ISCED11_6_7,,,6
2024,SH_XPD_EARN25,,,,,,ISCED11_6_7,,,3
2020,SH_XPD_EARN25,,,,,Q1,,,,4
2021,SH_XPD_EARN25,,,,,Q1,,,,5
2022,SH_XPD_EARN25,,,,,Q1,,,,4
2023,SH_XPD_EARN25,,,,,Q1,,,,1
2024,SH_XPD_EARN25,,,,,Q1,,,,5
2020,SH_XPD_EARN25,,,,,Q2,,,,4
2021,SH_XPD_EARN25,,,,,Q2,,,,2
2022,SH_XPD_EARN25,,,,,Q2,,,,1
2023,SH_XPD_EARN25,,,,,Q2,,,,7
2024,SH_XPD_EARN25,,,,,Q2,,,,3
2020,SH_XPD_EARN25,,,,,Q3,,,,2
2021,SH_XPD_EARN25,,,,,Q3,,,,4
2022,SH_XPD_EARN25,,,,,Q3,,,,3
2023,SH_XPD_EARN25,,,,,Q3,,,,6
2024,SH_XPD_EARN25,,,,,Q3,,,,4
2020,SH_XPD_EARN25,,,,,Q4,,,,13
2021,SH_XPD_EARN25,,,,,Q4,,,,12
2022,SH_XPD_EARN25,,,,,Q4,,,,19
2023,SH_XPD_EARN25,,,,,Q4,,,,6
2024,SH_XPD_EARN25,,,,,Q4,,,,7
2020,SH_XPD_EARN25,,,,,Q5,,,,19
2021,SH_XPD_EARN25,,,,,Q5,,,,20
2022,SH_XPD_EARN25,,,,,Q5,,,,11
2023,SH_XPD_EARN25,,,,,Q5,,,,11
2024,SH_XPD_EARN25,,,,,Q5,,,,7
2020,SH_XPD_EARN25,,,,,,,_L_HOUS_WITHOUT_CHILD,,16
2021,SH_XPD_EARN25,,,,,,,_L_HOUS_WITHOUT_CHILD,,12
2022,SH_XPD_EARN25,,,,,,,_L_HOUS_WITHOUT_CHILD,,10
2023,SH_XPD_EARN25,,,,,,,_L_HOUS_WITHOUT_CHILD,,23
2024,SH_XPD_EARN25,,,,,,,_L_HOUS_WITHOUT_CHILD,,14
2020,SH_XPD_EARN25,,,,,,,_L_HOUS_WITH_CHILD,,7
2021,SH_XPD_EARN25,,,,,,,_L_HOUS_WITH_CHILD,,8
2022,SH_XPD_EARN25,,,,,,,_L_HOUS_WITH_CHILD,,7
2023,SH_XPD_EARN25,,,,,,,_L_HOUS_WITH_CHILD,,3
2024,SH_XPD_EARN25,,,,,,,_L_HOUS_WITH_CHILD,,3
2020,SH_XPD_EARN25,,,,,,,_L_HOUS_WITHOUT_PERS_WORK,,8
2021,SH_XPD_EARN25,,,,,,,_L_HOUS_WITHOUT_PERS_WORK,,5
2022,SH_XPD_EARN25,,,,,,,_L_HOUS_WITHOUT_PERS_WORK,,6
2023,SH_XPD_EARN25,,,,,,,_L_HOUS_WITHOUT_PERS_WORK,,4
2024,SH_XPD_EARN25,,,,,,,_L_HOUS_WITHOUT_PERS_WORK,,4
2020,SH_XPD_EARN25,,,,,,,_L_HOUS_WITH_PERS_WORK,,8
2021,SH_XPD_EARN25,,,,,,,_L_HOUS_WITH_PERS_WORK,,14
2022,SH_XPD_EARN25,,,,,,,_L_HOUS_WITH_PERS_WORK,,11
2023,SH_XPD_EARN25,,,,,,,_L_HOUS_WITH_PERS_WORK,,10
2024,SH_XPD_EARN25,,,,,,,_L_HOUS_WITH_PERS_WORK,,7
2020,SH_XPD_EARN25,,,,,,,_L_HOUS_ONL_PERS_WORK,,70
2021,SH_XPD_EARN25,,,,,,,_L_HOUS_ONL_PERS_WORK,,49
2022,SH_XPD_EARN25,,,,,,,_L_HOUS_ONL_PERS_WORK,,32
2023,SH_XPD_EARN25,,,,,,,_L_HOUS_ONL_PERS_WORK,,57
2024,SH_XPD_EARN25,,,,,,,_L_HOUS_ONL_PERS_WORK,,40
2020,SH_XPD_EARN25,,,,,,,_L_HOUS_POOR,,5
2021,SH_XPD_EARN25,,,,,,,_L_HOUS_POOR,,1
2022,SH_XPD_EARN25,,,,,,,_L_HOUS_POOR,,1
2023,SH_XPD_EARN25,,,,,,,_L_HOUS_POOR,,1
2024,SH_XPD_EARN25,,,,,,,_L_HOUS_POOR,,3
2020,SH_XPD_EARN25,,,,,,,_L_HOUS_EXTR_POOR,,0
2021,SH_XPD_EARN25,,,,,,,_L_HOUS_EXTR_POOR,,0
2022,SH_XPD_EARN25,,,,,,,_L_HOUS_EXTR_POOR,,0
2023,SH_XPD_EARN25,,,,,,,_L_HOUS_EXTR_POOR,,0
2024,SH_XPD_EARN25,,,,,,,_L_HOUS_EXTR_POOR,,0
