Year,Units,Value
2007,Число,114961
2008,Число,120274
2009,Число,124751
2010,Число,133398
2011,Число,142897
2012,Число,150206
2013,Число,162967
2014,Число,168679
2015,Число,174693
2016,Число,178944
2017,Число,183330
2018,Число,187313
2007,Процент,22
2008,Процент,23
2009,Процент,23
2010,Процент,25
2011,Процент,26
2012,Процент,27
2013,Процент,28
2014,Процент,29
2015,Процент,29
2016,Процент,29
2017,Процент,29
2018,Процент,29
