Year,Units,Value
2007,Процент,114961.0
2008,Процент,120274.0
2009,Процент,124751.0
2010,Процент,133398.0
2011,Процент,142897.0
2012,Процент,150206.0
2013,Процент,162967.0
2014,Процент,168679.0
2015,Процент,174693.0
2016,Процент,178944.0
2017,Процент,183330.0
2018,Процент,187313.0
2007,Число,2.2
2008,Число,2.3
2009,Число,2.3
2010,Число,2.5
2011,Число,2.6
2012,Число,2.7
2013,Число,2.8
2014,Число,2.9
2015,Число,2.9
2016,Число,2.9
2017,Число,2.9
2018,Число,2.9
