Year,Series,Value
2007,"Численность пенсионеров, получающих пенсии по возрасту ниже ПМП, человек",313220.0
2008,"Численность пенсионеров, получающих пенсии по возрасту ниже ПМП, человек",349682.0
2009,"Численность пенсионеров, получающих пенсии по возрасту ниже ПМП, человек",274008.0
2010,"Численность пенсионеров, получающих пенсии по возрасту ниже ПМП, человек",282009.0
2011,"Численность пенсионеров, получающих пенсии по возрасту ниже ПМП, человек",136292.0
2012,"Численность пенсионеров, получающих пенсии по возрасту ниже ПМП, человек",77413.0
2013,"Численность пенсионеров, получающих пенсии по возрасту ниже ПМП, человек",180254.0
2014,"Численность пенсионеров, получающих пенсии по возрасту ниже ПМП, человек",152940.0
2015,"Численность пенсионеров, получающих пенсии по возрасту ниже ПМП, человек",132336.0
2016,"Численность пенсионеров, получающих пенсии по возрасту ниже ПМП, человек",142943.0
2017,"Численность пенсионеров, получающих пенсии по возрасту ниже ПМП, человек",135927.0
2018,"Численность пенсионеров, получающих пенсии по возрасту ниже ПМП, человек",138265.0
2019,"Численность пенсионеров, получающих пенсии по возрасту ниже ПМП, человек",147363.0
2007,"Доля пенсионеров по возрасту, получающих пенсии ниже ПМП  к общей численности населения, процентов",5.968864
2008,"Доля пенсионеров по возрасту, получающих пенсии ниже ПМП  к общей численности населения, процентов",6.611241000000001
2009,"Доля пенсионеров по возрасту, получающих пенсии ниже ПМП  к общей численности населения, процентов",5.109426999999999
2010,"Доля пенсионеров по возрасту, получающих пенсии ниже ПМП  к общей численности населения, процентов",5.204752
2011,"Доля пенсионеров по возрасту, получающих пенсии ниже ПМП  к общей численности населения, процентов",2.488161
2012,"Доля пенсионеров по возрасту, получающих пенсии ниже ПМП  к общей численности населения, процентов",1.394354
2013,"Доля пенсионеров по возрасту, получающих пенсии ниже ПМП  к общей численности населения, процентов",3.1204330000000002
2014,"Доля пенсионеров по возрасту, получающих пенсии ниже ПМП  к общей численности населения, процентов",2.594375
2015,"Доля пенсионеров по возрасту, получающих пенсии ниже ПМП  к общей численности населения, процентов",2.1984619999999997
2016,"Доля пенсионеров по возрасту, получающих пенсии ниже ПМП  к общей численности населения, процентов",2.327986
2017,"Доля пенсионеров по возрасту, получающих пенсии ниже ПМП  к общей численности населения, процентов",2.1724930000000002
2018,"Доля пенсионеров по возрасту, получающих пенсии ниже ПМП  к общей численности населения, процентов",2.163941
2019,"Доля пенсионеров по возрасту, получающих пенсии ниже ПМП  к общей численности населения, процентов",2.259523
2007,"Доля пенсионеров по возрасту, получающих пенсии ниже ПМП к  общей численности пенсионеров, процентов",59.241298
2008,"Доля пенсионеров по возрасту, получающих пенсии ниже ПМП к  общей численности пенсионеров, процентов",61.233202
2009,"Доля пенсионеров по возрасту, получающих пенсии ниже ПМП к  общей численности пенсионеров, процентов",48.534186
2010,"Доля пенсионеров по возрасту, получающих пенсии ниже ПМП к  общей численности пенсионеров, процентов",49.060743
2011,"Доля пенсионеров по возрасту, получающих пенсии ниже ПМП к  общей численности пенсионеров, процентов",22.957535
2012,"Доля пенсионеров по возрасту, получающих пенсии ниже ПМП к  общей численности пенсионеров, процентов",12.62552
2013,"Доля пенсионеров по возрасту, получающих пенсии ниже ПМП к  общей численности пенсионеров, процентов",28.824314
2014,"Доля пенсионеров по возрасту, получающих пенсии ниже ПМП к  общей численности пенсионеров, процентов",24.113101999999998
2015,"Доля пенсионеров по возрасту, получающих пенсии ниже ПМП к  общей численности пенсионеров, процентов",20.458403
2016,"Доля пенсионеров по возрасту, получающих пенсии ниже ПМП к  общей численности пенсионеров, процентов",21.618658
2017,"Доля пенсионеров по возрасту, получающих пенсии ниже ПМП к  общей численности пенсионеров, процентов",20.190277
2018,"Доля пенсионеров по возрасту, получающих пенсии ниже ПМП к  общей численности пенсионеров, процентов",19.898854
2019,"Доля пенсионеров по возрасту, получающих пенсии ниже ПМП к  общей численности пенсионеров, процентов",20.5
