Year,Series,Территория,Пол,Возраст,Тип местности,Уровень дохода или квантиль благосостояния,Value
2015,_L_KG_100201_1,,,,,,3390.2
2016,_L_KG_100201_1,,,,,,3572.5
2017,_L_KG_100201_1,,,,,,3991.9
2018,_L_KG_100201_1,,,,,,4466.4
2019,_L_KG_100201_1,,,,,,4774.2
2015,SI_POV_50MI,,,,,Нижние 50%,12.0
2016,SI_POV_50MI,,,,,Нижние 50%,11.6
2017,SI_POV_50MI,,,,,Нижние 50%,11.0
2018,SI_POV_50MI,,,,,Нижние 50%,11.9
2019,SI_POV_50MI,,,,,Нижние 50%,11.1
2015,SI_POV_50MI,,,,Городская,Нижние 50%,8.2
2016,SI_POV_50MI,,,,Городская,Нижние 50%,8.5
2017,SI_POV_50MI,,,,Городская,Нижние 50%,7.9
2018,SI_POV_50MI,,,,Городская,Нижние 50%,8.1
2019,SI_POV_50MI,,,,Городская,Нижние 50%,8.7
2015,SI_POV_50MI,,,,Сельская,Нижние 50%,14.1
2016,SI_POV_50MI,,,,Сельская,Нижние 50%,13.3
2017,SI_POV_50MI,,,,Сельская,Нижние 50%,12.7
2018,SI_POV_50MI,,,,Сельская,Нижние 50%,14.0
2019,SI_POV_50MI,,,,Сельская,Нижние 50%,12.5
2015,SI_POV_50MI,,Женщины,,,Нижние 50%,11.7
2016,SI_POV_50MI,,Женщины,,,Нижние 50%,11.4
2017,SI_POV_50MI,,Женщины,,,Нижние 50%,10.9
2018,SI_POV_50MI,,Женщины,,,Нижние 50%,11.8
2019,SI_POV_50MI,,Женщины,,,Нижние 50%,11.0
2015,SI_POV_50MI,,Мужчины,,,Нижние 50%,12.3
2016,SI_POV_50MI,,Мужчины,,,Нижние 50%,11.9
2017,SI_POV_50MI,,Мужчины,,,Нижние 50%,11.2
2018,SI_POV_50MI,,Мужчины,,,Нижние 50%,12.0
2019,SI_POV_50MI,,Мужчины,,,Нижние 50%,11.2
2015,SI_POV_50MI,,,до 17 лет,,Нижние 50%,19.5
2016,SI_POV_50MI,,,до 17 лет,,Нижние 50%,17.6
2017,SI_POV_50MI,,,до 17 лет,,Нижние 50%,17.4
2018,SI_POV_50MI,,,до 17 лет,,Нижние 50%,18.5
2019,SI_POV_50MI,,,до 17 лет,,Нижние 50%,17.6
2015,SI_POV_50MI,,,от 14 до 28 лет ,,Нижние 50%,12.1
2016,SI_POV_50MI,,,от 14 до 28 лет ,,Нижние 50%,12.5
2017,SI_POV_50MI,,,от 14 до 28 лет ,,Нижние 50%,11.4
2018,SI_POV_50MI,,,от 14 до 28 лет ,,Нижние 50%,13.5
2019,SI_POV_50MI,,,от 14 до 28 лет ,,Нижние 50%,10.7
2015,SI_POV_50MI,,,"от 16 до 62 лет (население трудоспособного возраста: женщины 16-57 лет, мужчины 16-62 лет)",,Нижние 50%,12.3
2016,SI_POV_50MI,,,"от 16 до 62 лет (население трудоспособного возраста: женщины 16-57 лет, мужчины 16-62 лет)",,Нижние 50%,12.6
2017,SI_POV_50MI,,,"от 16 до 62 лет (население трудоспособного возраста: женщины 16-57 лет, мужчины 16-62 лет)",,Нижние 50%,11.7
2018,SI_POV_50MI,,,"от 16 до 62 лет (население трудоспособного возраста: женщины 16-57 лет, мужчины 16-62 лет)",,Нижние 50%,12.2
2019,SI_POV_50MI,,,"от 16 до 62 лет (население трудоспособного возраста: женщины 16-57 лет, мужчины 16-62 лет)",,Нижние 50%,11.0
2015,SI_POV_50MI,,,"58 лет и старше (население старше струдоспособного возраста: женщины 58 лет и старше, мужчины 63 лет и старше)",,Нижние 50%,7.8
2016,SI_POV_50MI,,,"58 лет и старше (население старше струдоспособного возраста: женщины 58 лет и старше, мужчины 63 лет и старше)",,Нижние 50%,7.8
2017,SI_POV_50MI,,,"58 лет и старше (население старше струдоспособного возраста: женщины 58 лет и старше, мужчины 63 лет и старше)",,Нижние 50%,7.5
2018,SI_POV_50MI,,,"58 лет и старше (население старше струдоспособного возраста: женщины 58 лет и старше, мужчины 63 лет и старше)",,Нижние 50%,8.4
2019,SI_POV_50MI,,,"58 лет и старше (население старше струдоспособного возраста: женщины 58 лет и старше, мужчины 63 лет и старше)",,Нижние 50%,8.8
2015,SI_POV_50MI,Баткенская область,,,,Нижние 50%,9.4
2016,SI_POV_50MI,Баткенская область,,,,Нижние 50%,12.2
2017,SI_POV_50MI,Баткенская область,,,,Нижние 50%,17.0
2018,SI_POV_50MI,Баткенская область,,,,Нижние 50%,12.7
2019,SI_POV_50MI,Баткенская область,,,,Нижние 50%,13.1
2015,SI_POV_50MI,Джалал-Абадская область,,,,Нижние 50%,16.4
2016,SI_POV_50MI,Джалал-Абадская область,,,,Нижние 50%,16.7
2017,SI_POV_50MI,Джалал-Абадская область,,,,Нижние 50%,16.7
2018,SI_POV_50MI,Джалал-Абадская область,,,,Нижние 50%,17.6
2019,SI_POV_50MI,Джалал-Абадская область,,,,Нижние 50%,17.4
2015,SI_POV_50MI,Иссык-Кульская область,,,,Нижние 50%,17.2
2016,SI_POV_50MI,Иссык-Кульская область,,,,Нижние 50%,16.5
2017,SI_POV_50MI,Иссык-Кульская область,,,,Нижние 50%,17.0
2018,SI_POV_50MI,Иссык-Кульская область,,,,Нижние 50%,14.7
2019,SI_POV_50MI,Иссык-Кульская область,,,,Нижние 50%,15.0
2015,SI_POV_50MI,Нарынская область,,,,Нижние 50%,31.3
2016,SI_POV_50MI,Нарынская область,,,,Нижние 50%,30.8
2017,SI_POV_50MI,Нарынская область,,,,Нижние 50%,30.8
2018,SI_POV_50MI,Нарынская область,,,,Нижние 50%,31.7
2019,SI_POV_50MI,Нарынская область,,,,Нижние 50%,29.0
2015,SI_POV_50MI,Ошская область,,,,Нижние 50%,10.3
2016,SI_POV_50MI,Ошская область,,,,Нижние 50%,6.3
2017,SI_POV_50MI,Ошская область,,,,Нижние 50%,4.2
2018,SI_POV_50MI,Ошская область,,,,Нижние 50%,8.8
2019,SI_POV_50MI,Ошская область,,,,Нижние 50%,7.4
2015,SI_POV_50MI,Таласская область,,,,Нижние 50%,17.6
2016,SI_POV_50MI,Таласская область,,,,Нижние 50%,16.3
2017,SI_POV_50MI,Таласская область,,,,Нижние 50%,17.0
2018,SI_POV_50MI,Таласская область,,,,Нижние 50%,17.6
2019,SI_POV_50MI,Таласская область,,,,Нижние 50%,15.1
2015,SI_POV_50MI,Чуйская область,,,,Нижние 50%,8.3
2016,SI_POV_50MI,Чуйская область,,,,Нижние 50%,9.5
2017,SI_POV_50MI,Чуйская область,,,,Нижние 50%,6.0
2018,SI_POV_50MI,Чуйская область,,,,Нижние 50%,5.5
2019,SI_POV_50MI,Чуйская область,,,,Нижние 50%,5.0
2015,SI_POV_50MI,г. Бишкек,,,,Нижние 50%,6.3
2016,SI_POV_50MI,г. Бишкек,,,,Нижние 50%,6.0
2017,SI_POV_50MI,г. Бишкек,,,,Нижние 50%,5.3
2018,SI_POV_50MI,г. Бишкек,,,,Нижние 50%,6.8
2019,SI_POV_50MI,г. Бишкек,,,,Нижние 50%,6.3
2015,SI_POV_50MI,г. Ош,,,,Нижние 50%,4.4
2016,SI_POV_50MI,г. Ош,,,,Нижние 50%,8.8
2017,SI_POV_50MI,г. Ош,,,,Нижние 50%,8.8
2018,SI_POV_50MI,г. Ош,,,,Нижние 50%,10.2
2019,SI_POV_50MI,г. Ош,,,,Нижние 50%,8.3
