Year,Units,Value
2013,Гектары,1037.0
2014,Гектары,778.0
2015,Гектары,507.0
2016,Гектары,616.0
2017,Гектары,490.0
2018,Гектары,400.0
2013,Тонн на гектар,26.7
2013,Процент,5.7
2014,Процент,5.7
2015,Процент,5.7
2016,Процент,5.7
2017,Процент,5.7
2018,Процент,5.8
2013,Процент,74.6
2014,Процент,76.4
2015,Процент,78.0
2016,Процент,79.6
2017,Процент,81.3
2018,Процент,82.6
