Year,Units,Value
2010,На 100 000 населения,13.3
2011,На 100 000 населения,6.3
2012,На 100 000 населения,5.4
2013,На 100 000 населения,3.7
2014,На 100 000 населения,3.9
2015,На 100 000 населения,3.5
2016,На 100 000 населения,2.8
2017,На 100 000 населения,3.0
2018,На 100 000 населения,2.2
2010,Число,722.0
2011,Число,344.0
2012,Число,298.0
2013,Число,212.0
2014,Число,223.0
2015,Число,205.0
2016,Число,170.0
2017,Число,185.0
2018,Число,135.0
