Year,Территория,Пол,Возраст,Тип местности,Уровень дохода или квантиль благосостояния,Статус инвалидности,GeoCode,Value
2014,,,,,,,,57.1
2018,,,,,,,,74.3
2023,,,,,,,,64.9
2014,,Мужчины,,,,,,59.9
2018,,Мужчины,,,,,,75.5
2023,,Мужчины,,,,,,69.0
2014,,Женщины,,,,,,54.4
2018,,Женщины,,,,,,73.0
2023,,Женщины,,,,,,60.7
2014,,,,Городская,,,,60.0
2018,,,,Городская,,,,76.9
2023,,,,Городская,,,,65.0
2014,,,,Сельская,,,,56.0
2018,,,,Сельская,,,,73.1
2023,,,,Сельская,,,,64.8
2014,Баткенская область,,,,,,KG05,49.4
2018,Баткенская область,,,,,,KG05,46.8
2023,Баткенская область,,,,,,KG05,63.4
2014,Джалал-Абадская область,,,,,,KG03,42.9
2018,Джалал-Абадская область,,,,,,KG03,65.5
2023,Джалал-Абадская область,,,,,,KG03,54.6
2014,Иссык-Кульская область,,,,,,KG02,48.2
2018,Иссык-Кульская область,,,,,,KG02,80.9
2023,Иссык-Кульская область,,,,,,KG02,52.2
2014,Нарынская область,,,,,,KG04,58.0
2018,Нарынская область,,,,,,KG04,74.0
2023,Нарынская область,,,,,,KG04,82.0
2014,Ошская область,,,,,,KG06,57.8
2018,Ошская область,,,,,,KG06,74.4
2023,Ошская область,,,,,,KG06,70.7
2014,Таласская область,,,,,,KG07,71.1
2018,Таласская область,,,,,,KG07,79.9
2023,Таласская область,,,,,,KG07,75.1
2014,Чуйская область,,,,,,KG08,66.8
2018,Чуйская область,,,,,,KG08,83.5
2023,Чуйская область,,,,,,KG08,62.5
2014,г. Бишкек,,,,,,KG11,70.3
2018,г. Бишкек,,,,,,KG11,80.5
2023,г. Бишкек,,,,,,KG11,61.6
2014,г. Ош,,,,,,KG21,71.1
2018,г. Ош,,,,,,KG21,85.6
2023,г. Ош,,,,,,KG21,82.8
2014,,,от 1 до 2 лет,,,,,45.5
2018,,,от 1 до 2 лет,,,,,55.3
2023,,,от 1 до 2 лет,,,,,44.5
2014,,,от 3 до 4 лет,,,,,67.1
2018,,,от 3 до 4 лет,,,,,71.2
2023,,,от 3 до 4 лет,,,,,63.7
2014,,,от 5 до 9 лет,,,,,61.9
2018,,,от 5 до 9 лет,,,,,79.4
2023,,,от 5 до 9 лет,,,,,69.3
2014,,,от 10 до 14 лет,,,,,52.7
2018,,,от 10 до 14 лет,,,,,78.8
2023,,,от 10 до 14 лет,,,,,67.7
2018,,,,,,Ребенок с инвалидностью,,83.7
2023,,,,,,Ребенок с инвалидностью,,67.3
2018,,,,,,Ребенок без инвалидности,,75.6
2023,,,,,,Ребенок без инвалидности,,66.8
2018,,,,,,Наличие инвалидности у матери,,92.4
2023,,,,,,Наличие инвалидности у матери,,68.7
2018,,,,,,Отсутствие инвалидности у матери,,74.4
2023,,,,,,Отсутствие инвалидности у матери,,66.2
2018,,,,,,Нет информации,,69.8
2014,,,,,Квинтиль 1 (беднейшие),,,55.1
2018,,,,,Квинтиль 1 (беднейшие),,,70.9
2023,,,,,Квинтиль 1 (беднейшие),,,65.9
2014,,,,,Квинтиль 2,,,58.1
2018,,,,,Квинтиль 2,,,70.6
2023,,,,,Квинтиль 2,,,66.6
2014,,,,,Квинтиль 3,,,54.7
2018,,,,,Квинтиль 3,,,73.1
2023,,,,,Квинтиль 3,,,63.9
2014,,,,,Квинтиль 4,,,56.5
2018,,,,,Квинтиль 4,,,81.4
2023,,,,,Квинтиль 4,,,64.7
2014,,,,,Квинтиль 5 (богатейшие),,,62.5
2018,,,,,Квинтиль 5 (богатейшие),,,77.4
2023,,,,,Квинтиль 5 (богатейшие),,,62.7
