Year,Территория,Пол,Местность,Возраст (лет),Функциональные трудности у ребенка (возраст: 2-14 лет),Функциональные трудности у матери (возраст: 18-49 лет),Квинтиль индекса благосостояния,Value
2014,Кыргызская Республика,,,,,,,57.1
2018,Кыргызская Республика,,,,,,,74.3
2014,Кыргызская Республика,Мужчины,,,,,,59.9
2018,Кыргызская Республика,Мужчины,,,,,,75.5
2014,Кыргызская Республика,Женщины,,,,,,54.4
2018,Кыргызская Республика,Женщины,,,,,,73.0
2014,Кыргызская Республика,,Городская,,,,,60.0
2018,Кыргызская Республика,,Городская,,,,,76.9
2014,Кыргызская Республика,,Сельская,,,,,56.0
2018,Кыргызская Республика,,Сельская,,,,,73.1
2014,Баткенская область,,,,,,,49.4
2018,Баткенская область,,,,,,,46.8
2014,Джалал-Абадская область,,,,,,,42.9
2018,Джалал-Абадская область,,,,,,,65.5
2014,Иссык-Кульская область,,,,,,,48.2
2018,Иссык-Кульская область,,,,,,,80.9
2014,Нарынская область,,,,,,,58.0
2018,Нарынская область,,,,,,,74.0
2014,Ошская область,,,,,,,57.8
2018,Ошская область,,,,,,,74.4
2014,Таласская область,,,,,,,71.1
2018,Таласская область,,,,,,,79.9
2014,Чуйская область,,,,,,,66.8
2018,Чуйская область,,,,,,,83.5
2014,г. Бишкек,,,,,,,70.3
2018,г. Бишкек,,,,,,,80.5
2014,г. Ош,,,,,,,71.1
2018,г. Ош,,,,,,,85.6
2014,Кыргызская Республика,,,1-2,,,,45.5
2018,Кыргызская Республика,,,1-2,,,,55.3
2014,Кыргызская Республика,,,3-4,,,,67.1
2018,Кыргызская Республика,,,3-4,,,,71.2
2014,Кыргызская Республика,,,5-9,,,,61.9
2018,Кыргызская Республика,,,5-9,,,,79.4
2014,Кыргызская Республика,,,10-14,,,,52.7
2018,Кыргызская Республика,,,10-14,,,,78.8
2014,Кыргызская Республика,,,,Есть,,,
2018,Кыргызская Республика,,,,Есть,,,83.7
2014,Кыргызская Республика,,,,Нет,,,
2018,Кыргызская Республика,,,,Нет,,,75.6
2014,Кыргызская Республика,,,,,Есть,,
2018,Кыргызская Республика,,,,,Есть,,92.4
2014,Кыргызская Республика,,,,,Нет,,
2018,Кыргызская Республика,,,,,Нет,,74.4
2014,Кыргызская Республика,,,,,Нет информации,,
2018,Кыргызская Республика,,,,,Нет информации,,69.8
2014,Кыргызская Республика,,,,,,Беднейший,55.1
2018,Кыргызская Республика,,,,,,Беднейший,70.9
2014,Кыргызская Республика,,,,,,Второй,58.1
2018,Кыргызская Республика,,,,,,Второй,70.6
2014,Кыргызская Республика,,,,,,Средний,54.7
2018,Кыргызская Республика,,,,,,Средний,73.1
2014,Кыргызская Республика,,,,,,Четвертый,56.5
2018,Кыргызская Республика,,,,,,Четвертый,81.4
2014,Кыргызская Республика,,,,,,Богатейший,62.5
2018,Кыргызская Республика,,,,,,Богатейший,77.4
