Year,Пол,Value
2014,,378
2015,,336
2016,,351
2017,,234
2018,,342
2014,,62
2015,,69
2016,,72
2017,,52
2018,,56
2014,Мужчины,323
2015,Мужчины,278
2016,Мужчины,286
2017,Мужчины,196
2018,Мужчины,297
2014,Мужчины,57
2015,Мужчины,65
2016,Мужчины,61
2017,Мужчины,44
2018,Мужчины,53
2014,Женщины,55
2015,Женщины,58
2016,Женщины,65
2017,Женщины,38
2018,Женщины,45
2014,Женщины,5
2015,Женщины,4
2016,Женщины,11
2017,Женщины,8
2018,Женщины,3
