Year,Территория,Тип местности,Value
2000,,,60.521725
2001,,,77.154938
2002,,,51.354687
2003,,,55.244615
2004,,,48.2
2005,,,49.472402
2006,,,47.554171999999994
2007,,,48.479985
2008,,,45.156055
2009,,,40.667524
2010,,,42.315954
2011,,,44.70876
2012,,,51.004239
2013,,,48.629898
2014,,,47.932099
2015,,,50.982902
2016,,,45.6165
2017,,,50.0267
2018,,,46.4
2019,,,46.3
2000,,Городская,69.47274200000001
2001,,Городская,84.06804
2002,,Городская,67.70017299999999
2003,,Городская,59.23848
2004,,Городская,49.4
2005,,Городская,52.267834
2006,,Городская,46.086276
2007,,Городская,46.663125
2008,,Городская,45.363642
2009,,Городская,38.386768
2010,,Городская,44.47285
2011,,Городская,51.442437
2012,,Городская,60.754126
2013,,Городская,48.726107
2014,,Городская,53.02
2015,,Городская,58.534524
2016,,Городская,48.6979
2017,,Городская,55.5006
2018,,Городская,51.6
2019,,Городская,50.6
2000,,Сельская,55.809151
2001,,Сельская,73.45241800000001
2002,,Сельская,42.634369
2003,,Сельская,53.09216899999999
2004,,Сельская,48.1
2005,,Сельская,47.848938000000004
2006,,Сельская,48.420365999999994
2007,,Сельская,49.514891
2008,,Сельская,45.039446000000005
2009,,Сельская,41.917619
2010,,Сельская,41.073296
2011,,Сельская,40.705385
2012,,Сельская,45.363875
2013,,Сельская,48.57992
2014,,Сельская,45.06
2015,,Сельская,46.84518
2016,,Сельская,43.9253
2017,,Сельская,47.0111
2018,,Сельская,43.5
2019,,Сельская,43.9
2000,Баткенская область,,59.339716
2001,Баткенская область,,61.621051
2002,Баткенская область,,36.961393
2003,Баткенская область,,42.329001
2004,Баткенская область,,37.049508
2005,Баткенская область,,53.54665
2006,Баткенская область,,47.900712
2007,Баткенская область,,30.186768
2008,Баткенская область,,37.443818
2009,Баткенская область,,48.591583
2010,Баткенская область,,42.666903000000005
2011,Баткенская область,,44.064464
2012,Баткенская область,,50.49106
2013,Баткенская область,,62.932382
2014,Баткенская область,,53.566019999999995
2015,Баткенская область,,49.799251
2016,Баткенская область,,52.9718
2017,Баткенская область,,52.4614
2018,Баткенская область,,54.6
2019,Баткенская область,,52.6
2000,Джалал-Абадская область,,59.287149
2001,Джалал-Абадская область,,81.005572
2002,Джалал-Абадская область,,42.498121999999995
2003,Джалал-Абадская область,,57.011499
2004,Джалал-Абадская область,,51.655713
2005,Джалал-Абадская область,,61.433801
2006,Джалал-Абадская область,,52.669155
2007,Джалал-Абадская область,,61.23400899999999
2008,Джалал-Абадская область,,51.475346
2009,Джалал-Абадская область,,34.357172
2010,Джалал-Абадская область,,45.552551
2011,Джалал-Абадская область,,41.458589
2012,Джалал-Абадская область,,56.178596999999996
2013,Джалал-Абадская область,,55.445404
2014,Джалал-Абадская область,,54.779706999999995
2015,Джалал-Абадская область,,55.904828
2016,Джалал-Абадская область,,48.1947
2017,Джалал-Абадская область,,41.1944
2018,Джалал-Абадская область,,44.0
2019,Джалал-Абадская область,,38.8
2000,Иссык-Кульская область,,65.030908
2001,Иссык-Кульская область,,78.831057
2002,Иссык-Кульская область,,60.063825
2003,Иссык-Кульская область,,52.018784000000004
2004,Иссык-Кульская область,,40.999171000000004
2005,Иссык-Кульская область,,46.03717
2006,Иссык-Кульская область,,49.877805
2007,Иссык-Кульская область,,50.802119
2008,Иссык-Кульская область,,54.86160600000001
2009,Иссык-Кульская область,,44.383158
2010,Иссык-Кульская область,,43.452039
2011,Иссык-Кульская область,,41.044025
2012,Иссык-Кульская область,,36.987697
2013,Иссык-Кульская область,,39.824088
2014,Иссык-Кульская область,,42.638658
2015,Иссык-Кульская область,,46.284209000000004
2016,Иссык-Кульская область,,45.0267
2017,Иссык-Кульская область,,51.7617
2018,Иссык-Кульская область,,49.4
2019,Иссык-Кульская область,,50.2
2000,Нарынская область,,69.421773
2001,Нарынская область,,83.85490899999999
2002,Нарынская область,,61.635086
2003,Нарынская область,,56.394478
2004,Нарынская область,,64.60790899999999
2005,Нарынская область,,41.085248
2006,Нарынская область,,44.647005
2007,Нарынская область,,54.99528299999999
2008,Нарынская область,,46.270674
2009,Нарынская область,,45.332789
2010,Нарынская область,,53.95726
2011,Нарынская область,,55.074815
2012,Нарынская область,,50.991559
2013,Нарынская область,,49.875233
2014,Нарынская область,,54.149214
2015,Нарынская область,,50.007164
2016,Нарынская область,,52.6105
2017,Нарынская область,,41.3079
2018,Нарынская область,,42.5
2019,Нарынская область,,41.6
2000,Ошская область,,61.998934999999996
2001,Ошская область,,79.954728
2002,Ошская область,,54.709140000000005
2003,Ошская область,,61.826885
2004,Ошская область,,55.635298999999996
2005,Ошская область,,53.173235999999996
2006,Ошская область,,61.10215600000001
2007,Ошская область,,57.709264000000005
2008,Ошская область,,50.124177
2009,Ошская область,,46.700596000000004
2010,Ошская область,,46.190482
2011,Ошская область,,47.071675
2012,Ошская область,,54.141276
2013,Ошская область,,47.140617999999996
2014,Ошская область,,33.115
2015,Ошская область,,37.884188
2016,Ошская область,,39.4276
2017,Ошская область,,42.7541
2018,Ошская область,,41.5
2019,Ошская область,,36.6
2000,Таласская область,,63.975403
2001,Таласская область,,77.544184
2002,Таласская область,,49.613657
2003,Таласская область,,57.113622
2004,Таласская область,,56.048502
2005,Таласская область,,42.225864
2006,Таласская область,,48.801285
2007,Таласская область,,44.743736
2008,Таласская область,,46.638489
2009,Таласская область,,39.560145
2010,Таласская область,,38.135796
2011,Таласская область,,41.962558
2012,Таласская область,,42.399891
2013,Таласская область,,23.469023
2014,Таласская область,,27.367497999999998
2015,Таласская область,,28.689411
2016,Таласская область,,27.3539
2017,Таласская область,,34.8662
2018,Таласская область,,36.1
2019,Таласская область,,37.0
2000,Чуйская область,,46.583904
2001,Чуйская область,,64.318147
2002,Чуйская область,,39.251546999999995
2003,Чуйская область,,39.42033
2004,Чуйская область,,33.925261
2005,Чуйская область,,33.550114
2006,Чуйская область,,27.796784999999996
2007,Чуйская область,,31.993627000000004
2008,Чуйская область,,32.482469
2009,Чуйская область,,35.879613
2010,Чуйская область,,30.869436
2011,Чуйская область,,39.349758
2012,Чуйская область,,35.689813
2013,Чуйская область,,44.223608
2014,Чуйская область,,51.04221
2015,Чуйская область,,52.441412
2016,Чуйская область,,43.6365
2017,Чуйская область,,58.4127
2018,Чуйская область,,41.2
2019,Чуйская область,,56.0
2000,г. Бишкек,,68.003731
2001,г. Бишкек,,85.640504
2002,г. Бишкек,,68.047002
2003,г. Бишкек,,65.35321
2004,г. Бишкек,,47.933479999999996
2005,г. Бишкек,,48.511241
2006,г. Бишкек,,37.044933
2007,г. Бишкек,,40.680531
2008,г. Бишкек,,39.336853000000005
2009,г. Бишкек,,35.924393
2010,г. Бишкек,,39.823376
2011,г. Бишкек,,49.68253
2012,г. Бишкек,,63.775511
2013,г. Бишкек,,43.930005
2014,г. Бишкек,,54.03263199999999
2015,г. Бишкек,,65.190118
2016,г. Бишкек,,49.217
2017,г. Бишкек,,60.2912
2018,г. Бишкек,,51.8
2019,г. Бишкек,,53.7
2013,г. Ош,,69.262253
2014,г. Ош,,67.223461
2015,г. Ош,,67.70075899999999
2016,г. Ош,,54.4469
2017,г. Ош,,72.2366
2018,г. Ош,,70.1
2019,г. Ош,,59.3
