Year,Территория,Value
2014,,12.9
2018,,11.8
2014,Баткен,13.6
2018,Баткен,11.9
2014,Джалал-Абадская область,21.3
2018,Джалал-Абадская область,15.5
2014,Иссык-Кульская область,14.1
2018,Иссык-Кульская область,14.2
2014,Нарынская область,16.4
2018,Нарынская область,6.5
2014,Ошская область,10.6
2018,Ошская область,13.7
2014,Таласская область,11.0
2018,Таласская область,10.0
2014,Чуй,7.6
2018,Чуй,10.1
2014,Бишкек (город),7.6
2018,Бишкек (город),5.9
2014,г. Ош,12.1
2018,г. Ош,10.9
