Year,COMPOSITE_BREAKDOWN,Сноски на уровне наблюдения,Value
2019,,,0.7
2020,,,1.2
2021,,* Предварительные данные,0.9
2019,Доля произведенной продукции растениеводства,,1.2
2020,Доля произведенной продукции растениеводства,,1.3
2021,Доля произведенной продукции растениеводства,* Предварительные данные,1.1
2019,Доля произведенной продукции животноводства,,0.1
2020,Доля произведенной продукции животноводства,,1.2
2021,Доля произведенной продукции животноводства,* Предварительные данные,0.8
