Year,COMPOSITE_BREAKDOWN,Value
2019,,0.7
2020,,1.2
2021,,0.9
2022,,1.0
2019,Доля произведенной продукции растениеводства,1.2
2020,Доля произведенной продукции растениеводства,1.3
2021,Доля произведенной продукции растениеводства,1.1
2022,Доля произведенной продукции растениеводства,1.2
2019,Доля произведенной продукции животноводства,0.1
2020,Доля произведенной продукции животноводства,1.2
2021,Доля произведенной продукции животноводства,0.8
2022,Доля произведенной продукции животноводства,0.8
