Year,Территория,Пол,GeoCode,Value
2007,,,,35.3
2008,,,,31.5
2009,,,,29.3
2010,,,,26.5
2011,,,,24.54
2012,,,,23.4
2013,,,,23.29
2014,,,,23.14
2015,,,,21.5
2016,,,,19.8
2017,,,,18.5
2018,,,,17.6
2019,,,,17.5
2020,,,,16.7
2021,,,,17.92
2022,,,,16.696654
2007,,Мужчины,,38.5
2008,,Мужчины,,35.2
2009,,Мужчины,,32.0
2010,,Мужчины,,29.2
2011,,Мужчины,,27.13
2012,,Мужчины,,25.94
2013,,Мужчины,,25.72
2014,,Мужчины,,24.9
2015,,Мужчины,,23.2
2016,,Мужчины,,21.1
2017,,Мужчины,,20.3
2018,,Мужчины,,19.4
2019,,Мужчины,,19.2
2020,,Мужчины,,17.8
2021,,Мужчины,,19.65
2022,,Мужчины,,17.71895
2007,,Женщины,,32.0
2008,,Женщины,,27.6
2009,,Женщины,,26.5
2010,,Женщины,,23.6
2011,,Женщины,,21.81
2012,,Женщины,,20.78
2013,,Женщины,,20.72
2014,,Женщины,,21.2
2015,,Женщины,,19.6
2016,,Женщины,,18.4
2017,,Женщины,,16.6
2018,,Женщины,,15.6
2019,,Женщины,,15.8
2020,,Женщины,,15.6
2021,,Женщины,,16.08
2022,,Женщины,,15.612685
2007,Баткенская область,,KG05,40.3
2008,Баткенская область,,KG05,39.7
2009,Баткенская область,,KG05,33.7
2010,Баткенская область,,KG05,34.3
2011,Баткенская область,,KG05,28.73
2012,Баткенская область,,KG05,25.9
2013,Баткенская область,,KG05,25.75
2014,Баткенская область,,KG05,23.6
2015,Баткенская область,,KG05,21.8
2016,Баткенская область,,KG05,18.8
2017,Баткенская область,,KG05,18.6
2018,Баткенская область,,KG05,14.9
2019,Баткенская область,,KG05,17.7
2020,Баткенская область,,KG05,16.7
2021,Баткенская область,,KG05,16.86
2022,Баткенская область,,KG05,15.668121
2007,Баткенская область,Мужчины,KG05,45.9
2008,Баткенская область,Мужчины,KG05,42.5
2009,Баткенская область,Мужчины,KG05,36.8
2010,Баткенская область,Мужчины,KG05,38.0
2011,Баткенская область,Мужчины,KG05,30.39
2012,Баткенская область,Мужчины,KG05,30.3
2013,Баткенская область,Мужчины,KG05,28.79
2014,Баткенская область,Мужчины,KG05,26.2
2015,Баткенская область,Мужчины,KG05,23.3
2016,Баткенская область,Мужчины,KG05,20.0
2017,Баткенская область,Мужчины,KG05,19.5
2018,Баткенская область,Мужчины,KG05,16.0
2019,Баткенская область,Мужчины,KG05,18.5
2020,Баткенская область,Мужчины,KG05,17.1
2021,Баткенская область,Мужчины,KG05,17.26
2022,Баткенская область,Мужчины,KG05,16.652882
2007,Баткенская область,Женщины,KG05,34.1
2008,Баткенская область,Женщины,KG05,36.5
2009,Баткенская область,Женщины,KG05,30.5
2010,Баткенская область,Женщины,KG05,30.5
2011,Баткенская область,Женщины,KG05,26.96
2012,Баткенская область,Женщины,KG05,21.3
2013,Баткенская область,Женщины,KG05,22.48
2014,Баткенская область,Женщины,KG05,20.8
2015,Баткенская область,Женщины,KG05,20.1
2016,Баткенская область,Женщины,KG05,18.4
2017,Баткенская область,Женщины,KG05,17.7
2018,Баткенская область,Женщины,KG05,13.7
2019,Баткенская область,Женщины,KG05,16.8
2020,Баткенская область,Женщины,KG05,16.3
2021,Баткенская область,Женщины,KG05,16.44
2022,Баткенская область,Женщины,KG05,14.667362
2007,Джалал-Абадская область,,KG03,30.8
2008,Джалал-Абадская область,,KG03,26.2
2009,Джалал-Абадская область,,KG03,24.5
2010,Джалал-Абадская область,,KG03,21.9
2011,Джалал-Абадская область,,KG03,20.65
2012,Джалал-Абадская область,,KG03,19.8
2013,Джалал-Абадская область,,KG03,20.95
2014,Джалал-Абадская область,,KG03,21.9
2015,Джалал-Абадская область,,KG03,21.1
2016,Джалал-Абадская область,,KG03,19.8
2017,Джалал-Абадская область,,KG03,17.2
2018,Джалал-Абадская область,,KG03,15.7
2019,Джалал-Абадская область,,KG03,16.2
2020,Джалал-Абадская область,,KG03,15.5
2021,Джалал-Абадская область,,KG03,17.4
2022,Джалал-Абадская область,,KG03,16.525245
2007,Джалал-Абадская область,Мужчины,KG03,34.1
2008,Джалал-Абадская область,Мужчины,KG03,29.9
2009,Джалал-Абадская область,Мужчины,KG03,26.4
2010,Джалал-Абадская область,Мужчины,KG03,23.8
2011,Джалал-Абадская область,Мужчины,KG03,23.26
2012,Джалал-Абадская область,Мужчины,KG03,22.4
2013,Джалал-Абадская область,Мужчины,KG03,21.53
2014,Джалал-Абадская область,Мужчины,KG03,23.3
2015,Джалал-Абадская область,Мужчины,KG03,22.5
2016,Джалал-Абадская область,Мужчины,KG03,21.0
2017,Джалал-Абадская область,Мужчины,KG03,18.9
2018,Джалал-Абадская область,Мужчины,KG03,16.3
2019,Джалал-Абадская область,Мужчины,KG03,16.6
2020,Джалал-Абадская область,Мужчины,KG03,16.2
2021,Джалал-Абадская область,Мужчины,KG03,18.1
2022,Джалал-Абадская область,Мужчины,KG03,19.11925
2007,Джалал-Абадская область,Женщины,KG03,27.2
2008,Джалал-Абадская область,Женщины,KG03,22.2
2009,Джалал-Абадская область,Женщины,KG03,22.4
2010,Джалал-Абадская область,Женщины,KG03,19.9
2011,Джалал-Абадская область,Женщины,KG03,17.91
2012,Джалал-Абадская область,Женщины,KG03,17.1
2013,Джалал-Абадская область,Женщины,KG03,20.34
2014,Джалал-Абадская область,Женщины,KG03,20.3
2015,Джалал-Абадская область,Женщины,KG03,19.6
2016,Джалал-Абадская область,Женщины,KG03,18.4
2017,Джалал-Абадская область,Женщины,KG03,15.4
2018,Джалал-Абадская область,Женщины,KG03,15.0
2019,Джалал-Абадская область,Женщины,KG03,15.7
2020,Джалал-Абадская область,Женщины,KG03,14.7
2021,Джалал-Абадская область,Женщины,KG03,16.63
2022,Джалал-Абадская область,Женщины,KG03,13.749216
2007,Иссык-Кульская область,,KG02,28.9
2008,Иссык-Кульская область,,KG02,28.0
2009,Иссык-Кульская область,,KG02,24.9
2010,Иссык-Кульская область,,KG02,22.3
2011,Иссык-Кульская область,,KG02,24.81
2012,Иссык-Кульская область,,KG02,24.0
2013,Иссык-Кульская область,,KG02,19.47
2014,Иссык-Кульская область,,KG02,16.9
2015,Иссык-Кульская область,,KG02,18.8
2016,Иссык-Кульская область,,KG02,17.8
2017,Иссык-Кульская область,,KG02,15.2
2018,Иссык-Кульская область,,KG02,14.3
2019,Иссык-Кульская область,,KG02,18.3
2020,Иссык-Кульская область,,KG02,14.3
2021,Иссык-Кульская область,,KG02,26.64
2022,Иссык-Кульская область,,KG02,14.263201
2007,Иссык-Кульская область,Мужчины,KG02,32.7
2008,Иссык-Кульская область,Мужчины,KG02,33.1
2009,Иссык-Кульская область,Мужчины,KG02,25.5
2010,Иссык-Кульская область,Мужчины,KG02,26.2
2011,Иссык-Кульская область,Мужчины,KG02,29.68
2012,Иссык-Кульская область,Мужчины,KG02,25.2
2013,Иссык-Кульская область,Мужчины,KG02,21.37
2014,Иссык-Кульская область,Мужчины,KG02,20.6
2015,Иссык-Кульская область,Мужчины,KG02,20.7
2016,Иссык-Кульская область,Мужчины,KG02,12.8
2017,Иссык-Кульская область,Мужчины,KG02,18.1
2018,Иссык-Кульская область,Мужчины,KG02,16.3
2019,Иссык-Кульская область,Мужчины,KG02,20.8
2020,Иссык-Кульская область,Мужчины,KG02,14.8
2021,Иссык-Кульская область,Мужчины,KG02,29.03
2022,Иссык-Кульская область,Мужчины,KG02,16.214094
2007,Иссык-Кульская область,Женщины,KG02,25.0
2008,Иссык-Кульская область,Женщины,KG02,22.8
2009,Иссык-Кульская область,Женщины,KG02,24.2
2010,Иссык-Кульская область,Женщины,KG02,18.3
2011,Иссык-Кульская область,Женщины,KG02,19.8
2012,Иссык-Кульская область,Женщины,KG02,22.8
2013,Иссык-Кульская область,Женщины,KG02,17.49
2014,Иссык-Кульская область,Женщины,KG02,13.1
2015,Иссык-Кульская область,Женщины,KG02,16.7
2016,Иссык-Кульская область,Женщины,KG02,16.8
2017,Иссык-Кульская область,Женщины,KG02,12.0
2018,Иссык-Кульская область,Женщины,KG02,12.3
2019,Иссык-Кульская область,Женщины,KG02,15.6
2020,Иссык-Кульская область,Женщины,KG02,13.8
2021,Иссык-Кульская область,Женщины,KG02,24.15
2022,Иссык-Кульская область,Женщины,KG02,12.189607
2007,Нарынская область,,KG04,33.9
2008,Нарынская область,,KG04,30.1
2009,Нарынская область,,KG04,28.0
2010,Нарынская область,,KG04,25.0
2011,Нарынская область,,KG04,20.06
2012,Нарынская область,,KG04,21.7
2013,Нарынская область,,KG04,20.2
2014,Нарынская область,,KG04,22.6
2015,Нарынская область,,KG04,16.8
2016,Нарынская область,,KG04,17.9
2017,Нарынская область,,KG04,18.2
2018,Нарынская область,,KG04,15.1
2019,Нарынская область,,KG04,12.5
2020,Нарынская область,,KG04,14.2
2021,Нарынская область,,KG04,13.87
2022,Нарынская область,,KG04,14.097781
2007,Нарынская область,Мужчины,KG04,35.6
2008,Нарынская область,Мужчины,KG04,32.3
2009,Нарынская область,Мужчины,KG04,32.5
2010,Нарынская область,Мужчины,KG04,27.3
2011,Нарынская область,Мужчины,KG04,24.82
2012,Нарынская область,Мужчины,KG04,24.3
2013,Нарынская область,Мужчины,KG04,23.06
2014,Нарынская область,Мужчины,KG04,22.2
2015,Нарынская область,Мужчины,KG04,21.2
2016,Нарынская область,Мужчины,KG04,20.2
2017,Нарынская область,Мужчины,KG04,19.8
2018,Нарынская область,Мужчины,KG04,16.6
2019,Нарынская область,Мужчины,KG04,13.2
2020,Нарынская область,Мужчины,KG04,15.3
2021,Нарынская область,Мужчины,KG04,13.87
2022,Нарынская область,Мужчины,KG04,16.597474
2007,Нарынская область,Женщины,KG04,32.0
2008,Нарынская область,Женщины,KG04,27.8
2009,Нарынская область,Женщины,KG04,23.2
2010,Нарынская область,Женщины,KG04,22.3
2011,Нарынская область,Женщины,KG04,15.04
2012,Нарынская область,Женщины,KG04,18.9
2013,Нарынская область,Женщины,KG04,17.19
2014,Нарынская область,Женщины,KG04,23.0
2015,Нарынская область,Женщины,KG04,12.1
2016,Нарынская область,Женщины,KG04,15.5
2017,Нарынская область,Женщины,KG04,16.5
2018,Нарынская область,Женщины,KG04,13.5
2019,Нарынская область,Женщины,KG04,11.9
2020,Нарынская область,Женщины,KG04,13.0
2021,Нарынская область,Женщины,KG04,11.73
2022,Нарынская область,Женщины,KG04,11.56801
2007,Ошская область,,KG06,34.7
2008,Ошская область,,KG06,29.9
2009,Ошская область,,KG06,26.1
2010,Ошская область,,KG06,24.1
2011,Ошская область,,KG06,21.14
2012,Ошская область,,KG06,19.0
2013,Ошская область,,KG06,17.17
2014,Ошская область,,KG06,15.0
2015,Ошская область,,KG06,14.3
2016,Ошская область,,KG06,12.2
2017,Ошская область,,KG06,11.7
2018,Ошская область,,KG06,11.0
2019,Ошская область,,KG06,10.6
2020,Ошская область,,KG06,10.0
2021,Ошская область,,KG06,11.98
2022,Ошская область,,KG06,11.191263
2007,Ошская область,Мужчины,KG06,38.7
2008,Ошская область,Мужчины,KG06,32.4
2009,Ошская область,Мужчины,KG06,28.5
2010,Ошская область,Мужчины,KG06,28.2
2011,Ошская область,Мужчины,KG06,24.44
2012,Ошская область,Мужчины,KG06,20.4
2013,Ошская область,Мужчины,KG06,18.36
2014,Ошская область,Мужчины,KG06,16.5
2015,Ошская область,Мужчины,KG06,15.2
2016,Ошская область,Мужчины,KG06,13.2
2017,Ошская область,Мужчины,KG06,12.7
2018,Ошская область,Мужчины,KG06,12.7
2019,Ошская область,Мужчины,KG06,12.5
2020,Ошская область,Мужчины,KG06,11.1
2021,Ошская область,Мужчины,KG06,12.72
2022,Ошская область,Мужчины,KG06,11.361762
2007,Ошская область,Женщины,KG06,30.4
2008,Ошская область,Женщины,KG06,27.3
2009,Ошская область,Женщины,KG06,23.5
2010,Ошская область,Женщины,KG06,20.0
2011,Ошская область,Женщины,KG06,17.63
2012,Ошская область,Женщины,KG06,17.5
2013,Ошская область,Женщины,KG06,15.92
2014,Ошская область,Женщины,KG06,13.4
2015,Ошская область,Женщины,KG06,13.3
2016,Ошская область,Женщины,KG06,11.2
2017,Ошская область,Женщины,KG06,10.8
2018,Ошская область,Женщины,KG06,9.2
2019,Ошская область,Женщины,KG06,8.5
2020,Ошская область,Женщины,KG06,8.8
2021,Ошская область,Женщины,KG06,11.2
2022,Ошская область,Женщины,KG06,11.01585
2007,Таласская область,,KG07,43.8
2008,Таласская область,,KG07,38.3
2009,Таласская область,,KG07,39.0
2010,Таласская область,,KG07,29.5
2011,Таласская область,,KG07,27.69
2012,Таласская область,,KG07,22.9
2013,Таласская область,,KG07,26.52
2014,Таласская область,,KG07,24.1
2015,Таласская область,,KG07,17.8
2016,Таласская область,,KG07,19.7
2017,Таласская область,,KG07,17.1
2018,Таласская область,,KG07,22.8
2019,Таласская область,,KG07,20.6
2020,Таласская область,,KG07,25.1
2021,Таласская область,,KG07,24.53
2022,Таласская область,,KG07,15.623146
2007,Таласская область,Мужчины,KG07,46.8
2008,Таласская область,Мужчины,KG07,42.0
2009,Таласская область,Мужчины,KG07,45.0
2010,Таласская область,Мужчины,KG07,32.0
2011,Таласская область,Мужчины,KG07,29.6
2012,Таласская область,Мужчины,KG07,26.8
2013,Таласская область,Мужчины,KG07,32.1
2014,Таласская область,Мужчины,KG07,27.8
2015,Таласская область,Мужчины,KG07,23.3
2016,Таласская область,Мужчины,KG07,20.0
2017,Таласская область,Мужчины,KG07,17.5
2018,Таласская область,Мужчины,KG07,27.5
2019,Таласская область,Мужчины,KG07,21.6
2020,Таласская область,Мужчины,KG07,27.2
2021,Таласская область,Мужчины,KG07,31.24
2022,Таласская область,Мужчины,KG07,18.344424
2007,Таласская область,Женщины,KG07,40.8
2008,Таласская область,Женщины,KG07,34.5
2009,Таласская область,Женщины,KG07,32.5
2010,Таласская область,Женщины,KG07,27.0
2011,Таласская область,Женщины,KG07,25.56
2012,Таласская область,Женщины,KG07,18.9
2013,Таласская область,Женщины,KG07,20.73
2014,Таласская область,Женщины,KG07,20.1
2015,Таласская область,Женщины,KG07,11.8
2016,Таласская область,Женщины,KG07,19.3
2017,Таласская область,Женщины,KG07,16.7
2018,Таласская область,Женщины,KG07,17.9
2019,Таласская область,Женщины,KG07,19.6
2020,Таласская область,Женщины,KG07,22.9
2021,Таласская область,Женщины,KG07,17.85
2022,Таласская область,Женщины,KG07,12.847349
2007,Чуйская область,,KG08,31.6
2008,Чуйская область,,KG08,27.4
2009,Чуйская область,,KG08,25.1
2010,Чуйская область,,KG08,24.2
2011,Чуйская область,,KG08,22.6
2012,Чуйская область,,KG08,20.8
2013,Чуйская область,,KG08,21.22
2014,Чуйская область,,KG08,18.6
2015,Чуйская область,,KG08,17.1
2016,Чуйская область,,KG08,16.5
2017,Чуйская область,,KG08,12.9
2018,Чуйская область,,KG08,12.7
2019,Чуйская область,,KG08,13.1
2020,Чуйская область,,KG08,11.8
2021,Чуйская область,,KG08,13.54
2022,Чуйская область,,KG08,13.798472
2007,Чуйская область,Мужчины,KG08,33.9
2008,Чуйская область,Мужчины,KG08,32.9
2009,Чуйская область,Мужчины,KG08,27.7
2010,Чуйская область,Мужчины,KG08,26.7
2011,Чуйская область,Мужчины,KG08,23.06
2012,Чуйская область,Мужчины,KG08,23.2
2013,Чуйская область,Мужчины,KG08,23.07
2014,Чуйская область,Мужчины,KG08,19.4
2015,Чуйская область,Мужчины,KG08,19.7
2016,Чуйская область,Мужчины,KG08,16.7
2017,Чуйская область,Мужчины,KG08,13.2
2018,Чуйская область,Мужчины,KG08,13.7
2019,Чуйская область,Мужчины,KG08,14.2
2020,Чуйская область,Мужчины,KG08,13.5
2021,Чуйская область,Мужчины,KG08,13.56
2022,Чуйская область,Мужчины,KG08,15.128863
2007,Чуйская область,Женщины,KG08,29.2
2008,Чуйская область,Женщины,KG08,21.6
2009,Чуйская область,Женщины,KG08,22.4
2010,Чуйская область,Женщины,KG08,21.6
2011,Чуйская область,Женщины,KG08,22.13
2012,Чуйская область,Женщины,KG08,18.3
2013,Чуйская область,Женщины,KG08,19.24
2014,Чуйская область,Женщины,KG08,17.6
2015,Чуйская область,Женщины,KG08,14.2
2016,Чуйская область,Женщины,KG08,16.2
2017,Чуйская область,Женщины,KG08,12.7
2018,Чуйская область,Женщины,KG08,11.7
2019,Чуйская область,Женщины,KG08,11.8
2020,Чуйская область,Женщины,KG08,10.2
2021,Чуйская область,Женщины,KG08,13.52
2022,Чуйская область,Женщины,KG08,12.394223
2007,г. Бишкек,,KG11,36.3
2008,г. Бишкек,,KG11,34.6
2009,г. Бишкек,,KG11,32.3
2010,г. Бишкек,,KG11,28.2
2011,г. Бишкек,,KG11,26.24
2012,г. Бишкек,,KG11,24.8
2013,г. Бишкек,,KG11,25.69
2014,г. Бишкек,,KG11,28.6
2015,г. Бишкек,,KG11,26.6
2016,г. Бишкек,,KG11,25.7
2017,г. Бишкек,,KG11,26.4
2018,г. Бишкек,,KG11,25.0
2019,г. Бишкек,,KG11,21.7
2020,г. Бишкек,,KG11,20.9
2021,г. Бишкек,,KG11,17.84
2022,г. Бишкек,,KG11,21.380403
2007,г. Бишкек,Мужчины,KG11,38.0
2008,г. Бишкек,Мужчины,KG11,37.9
2009,г. Бишкек,Мужчины,KG11,34.9
2010,г. Бишкек,Мужчины,KG11,29.1
2011,г. Бишкек,Мужчины,KG11,28.18
2012,г. Бишкек,Мужчины,KG11,25.6
2013,г. Бишкек,Мужчины,KG11,29.41
2014,г. Бишкек,Мужчины,KG11,30.4
2015,г. Бишкек,Мужчины,KG11,27.6
2016,г. Бишкек,Мужчины,KG11,28.5
2017,г. Бишкек,Мужчины,KG11,29.6
2018,г. Бишкек,Мужчины,KG11,27.2
2019,г. Бишкек,Мужчины,KG11,23.3
2020,г. Бишкек,Мужчины,KG11,21.5
2021,г. Бишкек,Мужчины,KG11,20.85
2022,г. Бишкек,Мужчины,KG11,19.968978
2007,г. Бишкек,Женщины,KG11,34.7
2008,г. Бишкек,Женщины,KG11,31.0
2009,г. Бишкек,Женщины,KG11,29.7
2010,г. Бишкек,Женщины,KG11,27.4
2011,г. Бишкек,Женщины,KG11,24.19
2012,г. Бишкек,Женщины,KG11,24.0
2013,г. Бишкек,Женщины,KG11,21.79
2014,г. Бишкек,Женщины,KG11,26.7
2015,г. Бишкек,Женщины,KG11,25.6
2016,г. Бишкек,Женщины,KG11,22.8
2017,г. Бишкек,Женщины,KG11,23.0
2018,г. Бишкек,Женщины,KG11,22.6
2019,г. Бишкек,Женщины,KG11,20.0
2020,г. Бишкек,Женщины,KG11,20.4
2021,г. Бишкек,Женщины,KG11,14.59
2022,г. Бишкек,Женщины,KG11,22.891948
2007,г. Ош,,KG21,63.7
2008,г. Ош,,KG21,52.9
2009,г. Ош,,KG21,64.4
2010,г. Ош,,KG21,52.9
2011,г. Ош,,KG21,58.25
2012,г. Ош,,KG21,63.4
2013,г. Ош,,KG21,65.59
2014,г. Ош,,KG21,72.4
2015,г. Ош,,KG21,70.3
2016,г. Ош,,KG21,60.0
2017,г. Ош,,KG21,53.1
2018,г. Ош,,KG21,39.0
2019,г. Ош,,KG21,37.2
2020,г. Ош,,KG21,36.9
2021,г. Ош,,KG21,30.69
2022,г. Ош,,KG21,28.912046
2007,г. Ош,Мужчины,KG21,66.2
2008,г. Ош,Мужчины,KG21,57.9
2009,г. Ош,Мужчины,KG21,70.2
2010,г. Ош,Мужчины,KG21,56.7
2011,г. Ош,Мужчины,KG21,62.19
2012,г. Ош,Мужчины,KG21,73.6
2013,г. Ош,Мужчины,KG21,74.36
2014,г. Ош,Мужчины,KG21,74.5
2015,г. Ош,Мужчины,KG21,70.4
2016,г. Ош,Мужчины,KG21,67.0
2017,г. Ош,Мужчины,KG21,60.4
2018,г. Ош,Мужчины,KG21,43.6
2019,г. Ош,Мужчины,KG21,42.8
2020,г. Ош,Мужчины,KG21,39.5
2021,г. Ош,Мужчины,KG21,35.45
2022,г. Ош,Мужчины,KG21,31.246722
2007,г. Ош,Женщины,KG21,61.3
2008,г. Ош,Женщины,KG21,47.6
2009,г. Ош,Женщины,KG21,58.1
2010,г. Ош,Женщины,KG21,49.0
2011,г. Ош,Женщины,KG21,54.05
2012,г. Ош,Женщины,KG21,52.3
2013,г. Ош,Женщины,KG21,55.65
2014,г. Ош,Женщины,KG21,70.0
2015,г. Ош,Женщины,KG21,70.2
2016,г. Ош,Женщины,KG21,52.3
2017,г. Ош,Женщины,KG21,44.9
2018,г. Ош,Женщины,KG21,34.1
2019,г. Ош,Женщины,KG21,31.3
2020,г. Ош,Женщины,KG21,34.2
2021,г. Ош,Женщины,KG21,25.64
2022,г. Ош,Женщины,KG21,26.427454
