Year,Территория,Пол,GeoCode,Value
2007,,,,21.062709
2008,,,,19.633713
2009,,,,18.141025
2010,,,,16.397145
2011,,,,15.346363
2012,,,,14.627093
2013,,,,14.891975
2014,,,,15.641512
2015,,,,13.997993
2016,,,,12.670713
2017,,,,11.795339
2018,,,,11.989553
2019,,,,11.793595
2020,,,,11.7
2021,,,,11.9
2022,,,,10.071559
2023,,,,10.734568
2010,,Мужчины,,18.289259
2011,,Мужчины,,16.768074
2012,,Мужчины,,16.123559
2013,,Мужчины,,16.540714
2014,,Мужчины,,16.894648
2015,,Мужчины,,15.428234
2016,,Мужчины,,13.418192
2017,,Мужчины,,13.094077
2018,,Мужчины,,13.215508
2019,,Мужчины,,12.876697
2020,,Мужчины,,12.5
2021,,Мужчины,,13.1
2022,,Мужчины,,10.551906
2023,,Мужчины,,11.465104
2010,,Женщины,,14.412899
2011,,Женщины,,13.848667
2012,,Женщины,,13.046652
2013,,Женщины,,13.148844
2014,,Женщины,,14.310655
2015,,Женщины,,12.461613
2016,,Женщины,,11.881394
2017,,Женщины,,10.42155
2018,,Женщины,,10.694288
2019,,Женщины,,10.658766
2020,,Женщины,,11.0
2021,,Женщины,,10.6
2022,,Женщины,,9.561961
2023,,Женщины,,9.964253
2007,Баткенская область,,KG05,20.020582
2008,Баткенская область,,KG05,20.371252
2009,Баткенская область,,KG05,17.752959
2010,Баткенская область,,KG05,17.905103
2011,Баткенская область,,KG05,15.911964
2012,Баткенская область,,KG05,13.333333
2013,Баткенская область,,KG05,13.29229
2014,Баткенская область,,KG05,12.498302
2015,Баткенская область,,KG05,11.21983
2016,Баткенская область,,KG05,10.61082
2017,Баткенская область,,KG05,10.611457
2018,Баткенская область,,KG05,9.340142
2019,Баткенская область,,KG05,10.465116
2020,Баткенская область,,KG05,11.1
2021,Баткенская область,,KG05,11.0
2022,Баткенская область,,KG05,8.274751
2023,Баткенская область,,KG05,8.036505
2010,Баткенская область,Мужчины,KG05,19.501466
2011,Баткенская область,Мужчины,KG05,16.975975
2012,Баткенская область,Мужчины,KG05,15.115129
2013,Баткенская область,Мужчины,KG05,15.365952
2014,Баткенская область,Мужчины,KG05,14.723281
2015,Баткенская область,Мужчины,KG05,12.076991
2016,Баткенская область,Мужчины,KG05,10.410959
2017,Баткенская область,Мужчины,KG05,11.74594
2018,Баткенская область,Мужчины,KG05,10.39501
2019,Баткенская область,Мужчины,KG05,10.332951
2020,Баткенская область,Мужчины,KG05,11.9
2021,Баткенская область,Мужчины,KG05,10.0
2022,Баткенская область,Мужчины,KG05,7.632509
2023,Баткенская область,Мужчины,KG05,7.338488
2010,Баткенская область,Женщины,KG05,16.251519
2011,Баткенская область,Женщины,KG05,14.773777
2012,Баткенская область,Женщины,KG05,11.456628
2013,Баткенская область,Женщины,KG05,11.054545
2014,Баткенская область,Женщины,KG05,10.119466
2015,Баткенская область,Женщины,KG05,10.296708
2016,Баткенская область,Женщины,KG05,10.818505
2017,Баткенская область,Женщины,KG05,9.422492
2018,Баткенская область,Женщины,KG05,8.210409
2019,Баткенская область,Женщины,KG05,10.600707
2020,Баткенская область,Женщины,KG05,10.2
2021,Баткенская область,Женщины,KG05,12.0
2022,Баткенская область,Женщины,KG05,8.965203
2023,Баткенская область,Женщины,KG05,8.791832
2007,Джалал-Абадская область,,KG03,17.491993
2008,Джалал-Абадская область,,KG03,13.828495
2009,Джалал-Абадская область,,KG03,13.109231
2010,Джалал-Абадская область,,KG03,11.41671
2011,Джалал-Абадская область,,KG03,11.64604
2012,Джалал-Абадская область,,KG03,11.539979
2013,Джалал-Абадская область,,KG03,13.183481
2014,Джалал-Абадская область,,KG03,14.415326
2015,Джалал-Абадская область,,KG03,12.659814
2016,Джалал-Абадская область,,KG03,11.493097
2017,Джалал-Абадская область,,KG03,9.918574
2018,Джалал-Абадская область,,KG03,10.180384
2019,Джалал-Абадская область,,KG03,9.519085
2020,Джалал-Абадская область,,KG03,8.7
2021,Джалал-Абадская область,,KG03,10.2
2022,Джалал-Абадская область,,KG03,8.583082
2023,Джалал-Абадская область,,KG03,6.80978
2010,Джалал-Абадская область,Мужчины,KG03,12.663344
2011,Джалал-Абадская область,Мужчины,KG03,13.039247
2012,Джалал-Абадская область,Мужчины,KG03,13.211904
2013,Джалал-Абадская область,Мужчины,KG03,13.028055
2014,Джалал-Абадская область,Мужчины,KG03,15.585048
2015,Джалал-Абадская область,Мужчины,KG03,13.350171
2016,Джалал-Абадская область,Мужчины,KG03,11.935821
2017,Джалал-Абадская область,Мужчины,KG03,10.46746
2018,Джалал-Абадская область,Мужчины,KG03,10.487775
2019,Джалал-Абадская область,Мужчины,KG03,9.921735
2020,Джалал-Абадская область,Мужчины,KG03,8.8
2021,Джалал-Абадская область,Мужчины,KG03,10.5
2022,Джалал-Абадская область,Мужчины,KG03,10.27538
2023,Джалал-Абадская область,Мужчины,KG03,7.849592
2010,Джалал-Абадская область,Женщины,KG03,10.100292
2011,Джалал-Абадская область,Женщины,KG03,10.187449
2012,Джалал-Абадская область,Женщины,KG03,9.781436
2013,Джалал-Абадская область,Женщины,KG03,13.345915
2014,Джалал-Абадская область,Женщины,KG03,13.151838
2015,Джалал-Абадская область,Женщины,KG03,11.908657
2016,Джалал-Абадская область,Женщины,KG03,11.025358
2017,Джалал-Абадская область,Женщины,KG03,9.334808
2018,Джалал-Абадская область,Женщины,KG03,9.85704
2019,Джалал-Абадская область,Женщины,KG03,9.111333
2020,Джалал-Абадская область,Женщины,KG03,8.6
2021,Джалал-Абадская область,Женщины,KG03,10.0
2022,Джалал-Абадская область,Женщины,KG03,6.766198
2023,Джалал-Абадская область,Женщины,KG03,5.717705
2007,Иссык-Кульская область,,KG02,17.433752
2008,Иссык-Кульская область,,KG02,18.44146
2009,Иссык-Кульская область,,KG02,16.389014
2010,Иссык-Кульская область,,KG02,15.933099
2011,Иссык-Кульская область,,KG02,16.267429
2012,Иссык-Кульская область,,KG02,14.75265
2013,Иссык-Кульская область,,KG02,11.261052
2014,Иссык-Кульская область,,KG02,9.306183
2015,Иссык-Кульская область,,KG02,12.182109
2016,Иссык-Кульская область,,KG02,8.420139
2017,Иссык-Кульская область,,KG02,9.423503
2018,Иссык-Кульская область,,KG02,8.450454
2019,Иссык-Кульская область,,KG02,11.651037
2020,Иссык-Кульская область,,KG02,9.7
2021,Иссык-Кульская область,,KG02,19.4
2022,Иссык-Кульская область,,KG02,9.081847
2023,Иссык-Кульская область,,KG02,5.572636
2010,Иссык-Кульская область,Мужчины,KG02,19.343696
2011,Иссык-Кульская область,Мужчины,KG02,19.60438
2012,Иссык-Кульская область,Мужчины,KG02,15.392688
2013,Иссык-Кульская область,Мужчины,KG02,11.231884
2014,Иссык-Кульская область,Мужчины,KG02,10.857763
2015,Иссык-Кульская область,Мужчины,KG02,13.852814
2016,Иссык-Кульская область,Мужчины,KG02,7.378174
2017,Иссык-Кульская область,Мужчины,KG02,11.222164
2018,Иссык-Кульская область,Мужчины,KG02,8.912967
2019,Иссык-Кульская область,Мужчины,KG02,13.681138
2020,Иссык-Кульская область,Мужчины,KG02,10.5
2021,Иссык-Кульская область,Мужчины,KG02,22.3
2022,Иссык-Кульская область,Мужчины,KG02,9.018682
2023,Иссык-Кульская область,Мужчины,KG02,5.888848
2010,Иссык-Кульская область,Женщины,KG02,12.387792
2011,Иссык-Кульская область,Женщины,KG02,12.848353
2012,Иссык-Кульская область,Женщины,KG02,14.09959
2013,Иссык-Кульская область,Женщины,KG02,11.291866
2014,Иссык-Кульская область,Женщины,KG02,7.69664
2015,Иссык-Кульская область,Женщины,KG02,10.418571
2016,Иссык-Кульская область,Женщины,KG02,9.486999
2017,Иссык-Кульская область,Женщины,KG02,7.420426
2018,Иссык-Кульская область,Женщины,KG02,7.971014
2019,Иссык-Кульская область,Женщины,KG02,9.458128
2020,Иссык-Кульская область,Женщины,KG02,8.7
2021,Иссык-Кульская область,Женщины,KG02,16.4
2022,Иссык-Кульская область,Женщины,KG02,9.149131
2023,Иссык-Кульская область,Женщины,KG02,5.227181
2007,Нарынская область,,KG04,17.912773
2008,Нарынская область,,KG04,16.943931
2009,Нарынская область,,KG04,14.464366
2010,Нарынская область,,KG04,12.251149
2011,Нарынская область,,KG04,10.273497
2012,Нарынская область,,KG04,12.369975
2013,Нарынская область,,KG04,11.58413
2014,Нарынская область,,KG04,12.209828
2015,Нарынская область,,KG04,8.72093
2016,Нарынская область,,KG04,11.227763
2017,Нарынская область,,KG04,9.984399
2018,Нарынская область,,KG04,8.154636
2019,Нарынская область,,KG04,6.629102
2020,Нарынская область,,KG04,9.6
2021,Нарынская область,,KG04,9.4
2022,Нарынская область,,KG04,8.027038
2023,Нарынская область,,KG04,4.946414
2010,Нарынская область,Мужчины,KG04,12.803051
2011,Нарынская область,Мужчины,KG04,12.9835
2012,Нарынская область,Мужчины,KG04,13.358779
2013,Нарынская область,Мужчины,KG04,12.704687
2014,Нарынская область,Мужчины,KG04,12.24246
2015,Нарынская область,Мужчины,KG04,11.589896
2016,Нарынская область,Мужчины,KG04,11.428571
2017,Нарынская область,Мужчины,KG04,12.080942
2018,Нарынская область,Мужчины,KG04,8.316008
2019,Нарынская область,Мужчины,KG04,7.545932
2020,Нарынская область,Мужчины,KG04,10.7
2021,Нарынская область,Мужчины,KG04,11.4
2022,Нарынская область,Мужчины,KG04,8.823529
2023,Нарынская область,Мужчины,KG04,5.888651
2010,Нарынская область,Женщины,KG04,11.67426
2011,Нарынская область,Женщины,KG04,7.415859
2012,Нарынская область,Женщины,KG04,11.31747
2013,Нарынская область,Женщины,KG04,10.404281
2014,Нарынская область,Женщины,KG04,12.17656
2015,Нарынская область,Женщины,KG04,5.676443
2016,Нарынская область,Женщины,KG04,11.018463
2017,Нарынская область,Женщины,KG04,7.744434
2018,Нарынская область,Женщины,KG04,7.987711
2019,Нарынская область,Женщины,KG04,5.693235
2020,Нарынская область,Женщины,KG04,8.6
2021,Нарынская область,Женщины,KG04,7.3
2022,Нарынская область,Женщины,KG04,7.22175
2023,Нарынская область,Женщины,KG04,3.952569
2007,Ошская область,,KG06,12.608002
2008,Ошская область,,KG06,13.417951
2009,Ошская область,,KG06,10.630954
2010,Ошская область,,KG06,10.695524
2011,Ошская область,,KG06,8.214286
2012,Ошская область,,KG06,6.444122
2013,Ошская область,,KG06,5.10597
2014,Ошская область,,KG06,5.045162
2015,Ошская область,,KG06,4.312545
2016,Ошская область,,KG06,3.485959
2017,Ошская область,,KG06,3.098263
2018,Ошская область,,KG06,3.362699
2019,Ошская область,,KG06,2.83246
2020,Ошская область,,KG06,3.9
2021,Ошская область,,KG06,3.1
2022,Ошская область,,KG06,3.421326
2023,Ошская область,,KG06,1.793594
2010,Ошская область,Мужчины,KG06,12.92517
2011,Ошская область,Мужчины,KG06,9.329007
2012,Ошская область,Мужчины,KG06,7.033536
2013,Ошская область,Мужчины,KG06,5.511636
2014,Ошская область,Мужчины,KG06,5.445414
2015,Ошская область,Мужчины,KG06,5.105872
2016,Ошская область,Мужчины,KG06,3.85274
2017,Ошская область,Мужчины,KG06,3.450003
2018,Ошская область,Мужчины,KG06,4.054054
2019,Ошская область,Мужчины,KG06,3.411467
2020,Ошская область,Мужчины,KG06,4.1
2021,Ошская область,Мужчины,KG06,2.9
2022,Ошская область,Мужчины,KG06,3.480202
2023,Ошская область,Мужчины,KG06,2.226056
2010,Ошская область,Женщины,KG06,8.387221
2011,Ошская область,Женщины,KG06,7.037082
2012,Ошская область,Женщины,KG06,5.816045
2013,Ошская область,Женщины,KG06,4.679731
2014,Ошская область,Женщины,KG06,4.62344
2015,Ошская область,Женщины,KG06,3.487585
2016,Ошская область,Женщины,KG06,3.093315
2017,Ошская область,Женщины,KG06,2.73097
2018,Ошская область,Женщины,KG06,2.631127
2019,Ошская область,Женщины,KG06,2.218201
2020,Ошская область,Женщины,KG06,3.6
2021,Ошская область,Женщины,KG06,3.4
2022,Ошская область,Женщины,KG06,3.359846
2023,Ошская область,Женщины,KG06,1.340639
2007,Таласская область,,KG07,28.86102
2008,Таласская область,,KG07,24.548244
2009,Таласская область,,KG07,25.589948
2010,Таласская область,,KG07,19.147084
2011,Таласская область,,KG07,16.905249
2012,Таласская область,,KG07,15.341309
2013,Таласская область,,KG07,19.851852
2014,Таласская область,,KG07,16.656752
2015,Таласская область,,KG07,12.700333
2016,Таласская область,,KG07,12.33604
2017,Таласская область,,KG07,12.267905
2018,Таласская область,,KG07,16.684859
2019,Таласская область,,KG07,14.816048
2020,Таласская область,,KG07,20.6
2021,Таласская область,,KG07,15.0
2022,Таласская область,,KG07,12.808073
2023,Таласская область,,KG07,9.1131
2010,Таласская область,Мужчины,KG07,22.151899
2011,Таласская область,Мужчины,KG07,19.295958
2012,Таласская область,Мужчины,KG07,17.127072
2013,Таласская область,Мужчины,KG07,23.941606
2014,Таласская область,Мужчины,KG07,19.312695
2015,Таласская область,Мужчины,KG07,17.266608
2016,Таласская область,Мужчины,KG07,11.342735
2017,Таласская область,Мужчины,KG07,12.442698
2018,Таласская область,Мужчины,KG07,19.476567
2019,Таласская область,Мужчины,KG07,14.964216
2020,Таласская область,Мужчины,KG07,23.6
2021,Таласская область,Мужчины,KG07,17.3
2022,Таласская область,Мужчины,KG07,14.98847
2023,Таласская область,Мужчины,KG07,8.777633
2010,Таласская область,Женщины,KG07,16.091281
2011,Таласская область,Женщины,KG07,14.285714
2012,Таласская область,Женщины,KG07,13.48637
2013,Таласская область,Женщины,KG07,15.639098
2014,Таласская область,Женщины,KG07,13.737121
2015,Таласская область,Женщины,KG07,7.819831
2016,Таласская область,Женщины,KG07,13.367282
2017,Таласская область,Женщины,KG07,12.08865
2018,Таласская область,Женщины,KG07,13.751199
2019,Таласская область,Женщины,KG07,14.660757
2020,Таласская область,Женщины,KG07,17.5
2021,Таласская область,Женщины,KG07,12.7
2022,Таласская область,Женщины,KG07,10.584085
2023,Таласская область,Женщины,KG07,9.449332
2007,Чуйская область,,KG08,21.918468
2008,Чуйская область,,KG08,19.965577
2009,Чуйская область,,KG08,18.539076
2010,Чуйская область,,KG08,16.0724
2011,Чуйская область,,KG08,15.37476
2012,Чуйская область,,KG08,14.294878
2013,Чуйская область,,KG08,14.537283
2014,Чуйская область,,KG08,13.354037
2015,Чуйская область,,KG08,12.614628
2016,Чуйская область,,KG08,10.407594
2017,Чуйская область,,KG08,6.655345
2018,Чуйская область,,KG08,6.802173
2019,Чуйская область,,KG08,7.596376
2020,Чуйская область,,KG08,6.9
2021,Чуйская область,,KG08,7.9
2022,Чуйская область,,KG08,7.144295
2023,Чуйская область,,KG08,4.753115
2010,Чуйская область,Мужчины,KG08,18.399617
2011,Чуйская область,Мужчины,KG08,14.611961
2012,Чуйская область,Мужчины,KG08,16.048502
2013,Чуйская область,Мужчины,KG08,16.233478
2014,Чуйская область,Мужчины,KG08,13.941808
2015,Чуйская область,Мужчины,KG08,14.593527
2016,Чуйская область,Мужчины,KG08,11.048785
2017,Чуйская область,Мужчины,KG08,6.805767
2018,Чуйская область,Мужчины,KG08,7.498619
2019,Чуйская область,Мужчины,KG08,8.222644
2020,Чуйская область,Мужчины,KG08,7.8
2021,Чуйская область,Мужчины,KG08,8.4
2022,Чуйская область,Мужчины,KG08,7.530562
2023,Чуйская область,Мужчины,KG08,5.149982
2010,Чуйская область,Женщины,KG08,13.590844
2011,Чуйская область,Женщины,KG08,16.166282
2012,Чуйская область,Женщины,KG08,12.441093
2013,Чуйская область,Женщины,KG08,12.721922
2014,Чуйская область,Женщины,KG08,12.736536
2015,Чуйская область,Женщины,KG08,10.461424
2016,Чуйская область,Женщины,KG08,9.733881
2017,Чуйская область,Женщины,KG08,6.497175
2018,Чуйская область,Женщины,KG08,6.07753
2019,Чуйская область,Женщины,KG08,6.934581
2020,Чуйская область,Женщины,KG08,5.9
2021,Чуйская область,Женщины,KG08,7.4
2022,Чуйская область,Женщины,KG08,6.735053
2023,Чуйская область,Женщины,KG08,4.338804
2007,г. Бишкек,,KG11,31.519613
2008,г. Бишкек,,KG11,29.87456
2009,г. Бишкек,,KG11,27.261589
2010,г. Бишкек,,KG11,25.128553
2011,г. Бишкек,,KG11,24.125336
2012,г. Бишкек,,KG11,21.38653
2013,г. Бишкек,,KG11,22.854904
2014,г. Бишкек,,KG11,25.985737
2015,г. Бишкек,,KG11,23.028611
2016,г. Бишкек,,KG11,22.846558
2017,г. Бишкек,,KG11,23.162225
2018,г. Бишкек,,KG11,22.937931
2019,г. Бишкек,,KG11,19.881857
2020,г. Бишкек,,KG11,19.0
2021,г. Бишкек,,KG11,15.2
2022,г. Бишкек,,KG11,16.241806
2023,г. Бишкек,,KG11,40.755008
2010,г. Бишкек,Мужчины,KG11,25.657957
2011,г. Бишкек,Мужчины,KG11,25.966748
2012,г. Бишкек,Мужчины,KG11,22.187282
2013,г. Бишкек,Мужчины,KG11,26.051422
2014,г. Бишкек,Мужчины,KG11,27.557179
2015,г. Бишкек,Мужчины,KG11,24.599019
2016,г. Бишкек,Мужчины,KG11,25.32512
2017,г. Бишкек,Мужчины,KG11,25.975162
2018,г. Бишкек,Мужчины,KG11,25.001746
2019,г. Бишкек,Мужчины,KG11,21.589794
2020,г. Бишкек,Мужчины,KG11,19.7
2021,г. Бишкек,Мужчины,KG11,17.6
2022,г. Бишкек,Мужчины,KG11,15.61401
2023,г. Бишкек,Мужчины,KG11,39.809155
2010,г. Бишкек,Женщины,KG11,24.568062
2011,г. Бишкек,Женщины,KG11,22.173827
2012,г. Бишкек,Женщины,KG11,20.53844
2013,г. Бишкек,Женщины,KG11,19.510022
2014,г. Бишкек,Женщины,KG11,24.309673
2015,г. Бишкек,Женщины,KG11,21.294172
2016,г. Бишкек,Женщины,KG11,20.209376
2017,г. Бишкек,Женщины,KG11,20.219579
2018,г. Бишкек,Женщины,KG11,20.73389
2019,г. Бишкек,Женщины,KG11,18.061367
2020,г. Бишкек,Женщины,KG11,18.4
2021,г. Бишкек,Женщины,KG11,12.6
2022,г. Бишкек,Женщины,KG11,16.915874
2023,г. Бишкек,Женщины,KG11,41.7663
2007,г. Ош,,KG21,49.506943
2008,г. Ош,,KG21,42.992096
2009,г. Ош,,KG21,49.784765
2010,г. Ош,,KG21,42.06501
2011,г. Ош,,KG21,46.632124
2012,г. Ош,,KG21,53.846154
2013,г. Ош,,KG21,55.639098
2014,г. Ош,,KG21,63.961301
2015,г. Ош,,KG21,61.963775
2016,г. Ош,,KG21,50.222162
2017,г. Ош,,KG21,46.864858
2018,г. Ош,,KG21,34.244293
2019,г. Ош,,KG21,32.995297
2020,г. Ош,,KG21,32.9
2021,г. Ош,,KG21,27.9
2022,г. Ош,,KG21,22.910066
2023,г. Ош,,KG21,57.518248
2010,г. Ош,Мужчины,KG21,46.169287
2011,г. Ош,Мужчины,KG21,50.086356
2012,г. Ош,Мужчины,KG21,61.253973
2013,г. Ош,Мужчины,KG21,64.835787
2014,г. Ош,Мужчины,KG21,67.427386
2015,г. Ош,Мужчины,KG21,62.759336
2016,г. Ош,Мужчины,KG21,55.052985
2017,г. Ош,Мужчины,KG21,53.08642
2018,г. Ош,Мужчины,KG21,38.695235
2019,г. Ош,Мужчины,KG21,37.349742
2020,г. Ош,Мужчины,KG21,35.5
2021,г. Ош,Мужчины,KG21,32.7
2022,г. Ош,Мужчины,KG21,24.889729
2023,г. Ош,Мужчины,KG21,66.761769
2010,г. Ош,Женщины,KG21,37.626628
2011,г. Ош,Женщины,KG21,42.931162
2012,г. Ош,Женщины,KG21,45.755759
2013,г. Ош,Женщины,KG21,45.221296
2014,г. Ош,Женщины,KG21,60.234244
2015,г. Ош,Женщины,KG21,61.084026
2016,г. Ош,Женщины,KG21,44.969084
2017,г. Ош,Женщины,KG21,39.96715
2018,г. Ош,Женщины,KG21,29.401531
2019,г. Ош,Женщины,KG21,28.398792
2020,г. Ош,Женщины,KG21,30.2
2021,г. Ош,Женщины,KG21,22.8
2022,г. Ош,Женщины,KG21,20.801879
2023,г. Ош,Женщины,KG21,47.832586
