Year,Территория,Пол,GeoCode,Value
2007,,,,12.090992
2008,,,,10.585236
2009,,,,10.866987
2010,,,,9.159392
2011,,,,9.955113
2012,,,,10.075772
2013,,,,8.0
2014,,,,7.5
2015,,,,5.9
2016,,,,6.0
2017,,,,5.3
2018,,,,5.139872
2019,,,,3.918523
2020,,,,1.914845
2021,,,,1.793169
2022,,,,1.921087
2023,,,,2.33811
2024,,,,1.343143
2007,,Женщины,,10.26386
2008,,Женщины,,8.088592
2009,,Женщины,,7.22507
2010,,Женщины,,6.597241
2011,,Женщины,,7.700463
2012,,Женщины,,7.084345
2013,,Женщины,,6.4
2014,,Женщины,,5.5
2015,,Женщины,,4.2
2016,,Женщины,,4.5
2017,,Женщины,,4.3
2018,,Женщины,,3.54522
2019,,Женщины,,2.520831
2020,,Женщины,,1.745324
2021,,Женщины,,1.097714
2022,,Женщины,,1.020872
2023,,Женщины,,2.034467
2024,,Женщины,,1.041417
2007,,Мужчины,,13.967856
2008,,Мужчины,,13.149996
2009,,Мужчины,,14.604805
2010,,Мужчины,,11.787756
2011,,Мужчины,,12.267172
2012,,Мужчины,,13.139518
2013,,Мужчины,,9.5
2014,,Мужчины,,9.5
2015,,Мужчины,,7.5
2016,,Мужчины,,7.5
2017,,Мужчины,,6.2
2018,,Мужчины,,6.760797
2019,,Мужчины,,5.337712
2020,,Мужчины,,2.08189
2021,,Мужчины,,2.498928
2022,,Мужчины,,2.84155
2023,,Мужчины,,2.648375
2024,,Мужчины,,1.651277
2007,Баткенская область,,KG05,20.180533
2008,Баткенская область,,KG05,20.012808
2009,Баткенская область,,KG05,11.615832
2010,Баткенская область,,KG05,4.57193
2011,Баткенская область,,KG05,11.68605
2012,Баткенская область,,KG05,8.592769
2013,Баткенская область,,KG05,7.1
2014,Баткенская область,,KG05,5.7
2015,Баткенская область,,KG05,4.9
2016,Баткенская область,,KG05,8.6
2017,Баткенская область,,KG05,2.6
2018,Баткенская область,,KG05,3.080721
2019,Баткенская область,,KG05,4.894164
2020,Баткенская область,,KG05,1.658051
2021,Баткенская область,,KG05,2.348902
2022,Баткенская область,,KG05,1.592402
2023,Баткенская область,,KG05,3.985237
2024,Баткенская область,,KG05,1.018612
2007,Баткенская область,Женщины,KG05,18.345435
2008,Баткенская область,Женщины,KG05,17.247244
2009,Баткенская область,Женщины,KG05,9.457249
2010,Баткенская область,Женщины,KG05,3.253393
2011,Баткенская область,Женщины,KG05,8.215202
2012,Баткенская область,Женщины,KG05,6.264963
2013,Баткенская область,Женщины,KG05,7.0
2014,Баткенская область,Женщины,KG05,5.1
2015,Баткенская область,Женщины,KG05,4.2
2016,Баткенская область,Женщины,KG05,9.0
2017,Баткенская область,Женщины,KG05,2.8
2018,Баткенская область,Женщины,KG05,2.746401
2019,Баткенская область,Женщины,KG05,2.302335
2020,Баткенская область,Женщины,KG05,1.446749
2021,Баткенская область,Женщины,KG05,1.841024
2022,Баткенская область,Женщины,KG05,2.501143
2023,Баткенская область,Женщины,KG05,4.55324
2024,Баткенская область,Женщины,KG05,1.030365
2007,Баткенская область,Мужчины,KG05,21.956256
2008,Баткенская область,Мужчины,KG05,22.68529
2009,Баткенская область,Мужчины,KG05,13.700569
2010,Баткенская область,Мужчины,KG05,5.848164
2011,Баткенская область,Мужчины,KG05,15.052973
2012,Баткенская область,Мужчины,KG05,10.850459
2013,Баткенская область,Мужчины,KG05,7.2
2014,Баткенская область,Мужчины,KG05,6.2
2015,Баткенская область,Мужчины,KG05,5.7
2016,Баткенская область,Мужчины,KG05,8.3
2017,Баткенская область,Мужчины,KG05,2.3
2018,Баткенская область,Мужчины,KG05,3.402904
2019,Баткенская область,Мужчины,KG05,7.389891
2020,Баткенская область,Мужчины,KG05,1.877412
2021,Баткенская область,Мужчины,KG05,2.838268
2022,Баткенская область,Мужчины,KG05,0.700987
2023,Баткенская область,Мужчины,KG05,3.429132
2024,Баткенская область,Мужчины,KG05,1.007124
2007,Джалал-Абадская область,,KG03,5.870303
2008,Джалал-Абадская область,,KG03,6.4034
2009,Джалал-Абадская область,,KG03,6.305723
2010,Джалал-Абадская область,,KG03,5.922974
2011,Джалал-Абадская область,,KG03,4.782698
2012,Джалал-Абадская область,,KG03,8.916337
2013,Джалал-Абадская область,,KG03,7.2
2014,Джалал-Абадская область,,KG03,5.8
2015,Джалал-Абадская область,,KG03,4.4
2016,Джалал-Абадская область,,KG03,2.6
2017,Джалал-Абадская область,,KG03,3.3
2018,Джалал-Абадская область,,KG03,2.661109
2019,Джалал-Абадская область,,KG03,3.179541
2020,Джалал-Абадская область,,KG03,0.960244
2021,Джалал-Абадская область,,KG03,1.258421
2022,Джалал-Абадская область,,KG03,2.231234
2023,Джалал-Абадская область,,KG03,1.208985
2024,Джалал-Абадская область,,KG03,0.519601
2007,Джалал-Абадская область,Женщины,KG03,4.656511
2008,Джалал-Абадская область,Женщины,KG03,4.604632
2009,Джалал-Абадская область,Женщины,KG03,5.719538
2010,Джалал-Абадская область,Женщины,KG03,4.08245
2011,Джалал-Абадская область,Женщины,KG03,4.788933
2012,Джалал-Абадская область,Женщины,KG03,7.898627
2013,Джалал-Абадская область,Женщины,KG03,6.6
2014,Джалал-Абадская область,Женщины,KG03,3.3
2015,Джалал-Абадская область,Женщины,KG03,3.5
2016,Джалал-Абадская область,Женщины,KG03,2.4
2017,Джалал-Абадская область,Женщины,KG03,2.7
2018,Джалал-Абадская область,Женщины,KG03,1.673357
2019,Джалал-Абадская область,Женщины,KG03,2.297402
2020,Джалал-Абадская область,Женщины,KG03,0.635959
2021,Джалал-Абадская область,Женщины,KG03,0.792025
2022,Джалал-Абадская область,Женщины,KG03,2.476424
2023,Джалал-Абадская область,Женщины,KG03,1.521116
2024,Джалал-Абадская область,Женщины,KG03,0.598104
2007,Джалал-Абадская область,Мужчины,KG03,7.083701
2008,Джалал-Абадская область,Мужчины,KG03,8.200459
2009,Джалал-Абадская область,Мужчины,KG03,6.89089
2010,Джалал-Абадская область,Мужчины,KG03,7.759592
2011,Джалал-Абадская область,Мужчины,KG03,4.77648
2012,Джалал-Абадская область,Мужчины,KG03,9.930263
2013,Джалал-Абадская область,Мужчины,KG03,7.7
2014,Джалал-Абадская область,Мужчины,KG03,8.3
2015,Джалал-Абадская область,Мужчины,KG03,5.3
2016,Джалал-Абадская область,Мужчины,KG03,2.8
2017,Джалал-Абадская область,Мужчины,KG03,3.9
2018,Джалал-Абадская область,Мужчины,KG03,3.636935
2019,Джалал-Абадская область,Мужчины,KG03,4.050498
2020,Джалал-Абадская область,Мужчины,KG03,1.288842
2021,Джалал-Абадская область,Мужчины,KG03,1.718369
2022,Джалал-Абадская область,Мужчины,KG03,1.988875
2023,Джалал-Абадская область,Мужчины,KG03,0.900885
2024,Джалал-Абадская область,Мужчины,KG03,0.442212
2007,Иссык-Кульская область,,KG02,10.136497
2008,Иссык-Кульская область,,KG02,7.333378
2009,Иссык-Кульская область,,KG02,9.101396
2010,Иссык-Кульская область,,KG02,9.25673
2011,Иссык-Кульская область,,KG02,10.980097
2012,Иссык-Кульская область,,KG02,8.209561
2013,Иссык-Кульская область,,KG02,9.9
2014,Иссык-Кульская область,,KG02,6.9
2015,Иссык-Кульская область,,KG02,5.4
2016,Иссык-Кульская область,,KG02,4.4
2017,Иссык-Кульская область,,KG02,4.6
2018,Иссык-Кульская область,,KG02,6.168093
2019,Иссык-Кульская область,,KG02,2.231658
2020,Иссык-Кульская область,,KG02,1.603235
2021,Иссык-Кульская область,,KG02,1.786008
2022,Иссык-Кульская область,,KG02,1.305778
2023,Иссык-Кульская область,,KG02,3.694304
2024,Иссык-Кульская область,,KG02,1.096726
2007,Иссык-Кульская область,Женщины,KG02,6.813722
2008,Иссык-Кульская область,Женщины,KG02,5.881022
2009,Иссык-Кульская область,Женщины,KG02,5.848427
2010,Иссык-Кульская область,Женщины,KG02,4.917674
2011,Иссык-Кульская область,Женщины,KG02,7.995523
2012,Иссык-Кульская область,Женщины,KG02,7.042811
2013,Иссык-Кульская область,Женщины,KG02,6.5
2014,Иссык-Кульская область,Женщины,KG02,5.2
2015,Иссык-Кульская область,Женщины,KG02,4.7
2016,Иссык-Кульская область,Женщины,KG02,2.5
2017,Иссык-Кульская область,Женщины,KG02,5.4
2018,Иссык-Кульская область,Женщины,KG02,2.86608
2019,Иссык-Кульская область,Женщины,KG02,2.020684
2020,Иссык-Кульская область,Женщины,KG02,2.414672
2021,Иссык-Кульская область,Женщины,KG02,1.580709
2022,Иссык-Кульская область,Женщины,KG02,2.605679
2023,Иссык-Кульская область,Женщины,KG02,4.060749
2024,Иссык-Кульская область,Женщины,KG02,1.09739
2007,Иссык-Кульская область,Мужчины,KG02,13.555773
2008,Иссык-Кульская область,Мужчины,KG02,8.824445
2009,Иссык-Кульская область,Мужчины,KG02,12.43031
2010,Иссык-Кульская область,Мужчины,KG02,13.683759
2011,Иссык-Кульская область,Мужчины,KG02,14.018523
2012,Иссык-Кульская область,Мужчины,KG02,9.395469
2013,Иссык-Кульская область,Мужчины,KG02,13.3
2014,Иссык-Кульская область,Мужчины,KG02,8.7
2015,Иссык-Кульская область,Мужчины,KG02,6.0
2016,Иссык-Кульская область,Мужчины,KG02,6.4
2017,Иссык-Кульская область,Мужчины,KG02,3.8
2018,Иссык-Кульская область,Мужчины,KG02,9.498716
2019,Иссык-Кульская область,Мужчины,KG02,2.44433
2020,Иссык-Кульская область,Мужчины,KG02,0.798371
2021,Иссык-Кульская область,Мужчины,KG02,1.993096
2022,Иссык-Кульская область,Мужчины,KG02,0.0
2023,Иссык-Кульская область,Мужчины,KG02,3.32732
2024,Иссык-Кульская область,Мужчины,KG02,1.096063
2007,Нарынская область,,KG04,12.055783
2008,Нарынская область,,KG04,7.000704
2009,Нарынская область,,KG04,11.614177
2010,Нарынская область,,KG04,7.669976
2011,Нарынская область,,KG04,11.003939
2012,Нарынская область,,KG04,6.753639
2013,Нарынская область,,KG04,6.7
2014,Нарынская область,,KG04,4.4
2015,Нарынская область,,KG04,2.2
2016,Нарынская область,,KG04,4.3
2017,Нарынская область,,KG04,2.8
2018,Нарынская область,,KG04,3.152773
2019,Нарынская область,,KG04,1.734094
2020,Нарынская область,,KG04,1.375133
2021,Нарынская область,,KG04,1.023102
2022,Нарынская область,,KG04,0.650584
2023,Нарынская область,,KG04,0.322364
2024,Нарынская область,,KG04,1.276007
2007,Нарынская область,Женщины,KG04,10.98996
2008,Нарынская область,Женщины,KG04,7.071469
2009,Нарынская область,Женщины,KG04,3.916684
2010,Нарынская область,Женщины,KG04,4.66128
2011,Нарынская область,Женщины,KG04,9.231337
2012,Нарынская область,Женщины,KG04,5.330531
2013,Нарынская область,Женщины,KG04,4.5
2014,Нарынская область,Женщины,KG04,2.2
2015,Нарынская область,Женщины,KG04,1.5
2016,Нарынская область,Женщины,KG04,1.5
2017,Нарынская область,Женщины,KG04,3.6
2018,Нарынская область,Женщины,KG04,2.853067
2019,Нарынская область,Женщины,KG04,1.412819
2020,Нарынская область,Женщины,KG04,0.675169
2021,Нарынская область,Женщины,KG04,0.0
2022,Нарынская область,Женщины,KG04,0.656866
2023,Нарынская область,Женщины,KG04,0.0
2024,Нарынская область,Женщины,KG04,1.940441
2007,Нарынская область,Мужчины,KG04,13.10222
2008,Нарынская область,Мужчины,KG04,6.931341
2009,Нарынская область,Мужчины,KG04,19.13568
2010,Нарынская область,Мужчины,KG04,10.603089
2011,Нарынская область,Мужчины,KG04,12.729315
2012,Нарынская область,Мужчины,KG04,8.135854
2013,Нарынская область,Мужчины,KG04,8.8
2014,Нарынская область,Мужчины,KG04,6.5
2015,Нарынская область,Мужчины,KG04,2.9
2016,Нарынская область,Мужчины,KG04,7.1
2017,Нарынская область,Мужчины,KG04,2.1
2018,Нарынская область,Мужчины,KG04,3.442033
2019,Нарынская область,Мужчины,KG04,2.043959
2020,Нарынская область,Мужчины,KG04,2.101282
2021,Нарынская область,Мужчины,KG04,2.009121
2022,Нарынская область,Мужчины,KG04,0.644421
2023,Нарынская область,Мужчины,KG04,0.637568
2024,Нарынская область,Мужчины,KG04,0.62943
2007,Ошская область,,KG06,3.797045
2008,Ошская область,,KG06,4.117327
2009,Ошская область,,KG06,7.48076
2010,Ошская область,,KG06,8.360245
2011,Ошская область,,KG06,6.407336
2012,Ошская область,,KG06,4.222387
2013,Ошская область,,KG06,5.1
2014,Ошская область,,KG06,6.3
2015,Ошская область,,KG06,3.5
2016,Ошская область,,KG06,4.6
2017,Ошская область,,KG06,5.9
2018,Ошская область,,KG06,4.442955
2019,Ошская область,,KG06,3.763954
2020,Ошская область,,KG06,1.594374
2021,Ошская область,,KG06,2.209299
2022,Ошская область,,KG06,2.555337
2023,Ошская область,,KG06,2.169139
2024,Ошская область,,KG06,1.209813
2007,Ошская область,Женщины,KG06,3.920595
2008,Ошская область,Женщины,KG06,3.504507
2009,Ошская область,Женщины,KG06,5.269824
2010,Ошская область,Женщины,KG06,6.451682
2011,Ошская область,Женщины,KG06,5.833243
2012,Ошская область,Женщины,KG06,3.298262
2013,Ошская область,Женщины,KG06,4.6
2014,Ошская область,Женщины,KG06,5.0
2015,Ошская область,Женщины,KG06,2.6
2016,Ошская область,Женщины,KG06,2.4
2017,Ошская область,Женщины,KG06,5.3
2018,Ошская область,Женщины,KG06,3.043862
2019,Ошская область,Женщины,KG06,2.238799
2020,Ошская область,Женщины,KG06,1.576537
2021,Ошская область,Женщины,KG06,0.864963
2022,Ошская область,Женщины,KG06,1.807815
2023,Ошская область,Женщины,KG06,1.502457
2024,Ошская область,Женщины,KG06,1.006928
2007,Ошская область,Мужчины,KG06,3.67543
2008,Ошская область,Мужчины,KG06,4.720552
2009,Ошская область,Мужчины,KG06,9.65648
2010,Ошская область,Мужчины,KG06,10.240565
2011,Ошская область,Мужчины,KG06,6.973549
2012,Ошская область,Мужчины,KG06,5.133295
2013,Ошская область,Мужчины,KG06,5.5
2014,Ошская область,Мужчины,KG06,7.7
2015,Ошская область,Мужчины,KG06,4.5
2016,Ошская область,Мужчины,KG06,6.8
2017,Ошская область,Мужчины,KG06,6.5
2018,Ошская область,Мужчины,KG06,5.813217
2019,Ошская область,Мужчины,KG06,5.255812
2020,Ошская область,Мужчины,KG06,1.612619
2021,Ошская область,Мужчины,KG06,3.523663
2022,Ошская область,Мужчины,KG06,3.292859
2023,Ошская область,Мужчины,KG06,2.825976
2024,Ошская область,Мужчины,KG06,1.408467
2007,Таласская область,,KG07,7.635028
2008,Таласская область,,KG07,5.776699
2009,Таласская область,,KG07,4.832
2010,Таласская область,,KG07,11.284379
2011,Таласская область,,KG07,8.134502
2012,Таласская область,,KG07,8.424032
2013,Таласская область,,KG07,7.9
2014,Таласская область,,KG07,6.5
2015,Таласская область,,KG07,5.2
2016,Таласская область,,KG07,6.3
2017,Таласская область,,KG07,3.9
2018,Таласская область,,KG07,2.679877
2019,Таласская область,,KG07,1.883977
2020,Таласская область,,KG07,0.371503
2021,Таласская область,,KG07,1.467825
2022,Таласская область,,KG07,1.838796
2023,Таласская область,,KG07,6.174499
2024,Таласская область,,KG07,1.076025
2007,Таласская область,Женщины,KG07,10.776346
2008,Таласская область,Женщины,KG07,7.11383
2009,Таласская область,Женщины,KG07,3.520042
2010,Таласская область,Женщины,KG07,13.05733
2011,Таласская область,Женщины,KG07,6.020884
2012,Таласская область,Женщины,KG07,6.779718
2013,Таласская область,Женщины,KG07,5.0
2014,Таласская область,Женщины,KG07,5.8
2015,Таласская область,Женщины,KG07,2.4
2016,Таласская область,Женщины,KG07,5.6
2017,Таласская область,Женщины,KG07,1.6
2018,Таласская область,Женщины,KG07,3.096263
2019,Таласская область,Женщины,KG07,1.524239
2020,Таласская область,Женщины,KG07,0.0
2021,Таласская область,Женщины,KG07,0.741559
2022,Таласская область,Женщины,KG07,2.226081
2023,Таласская область,Женщины,KG07,4.399375
2024,Таласская область,Женщины,KG07,0.7252
2007,Таласская область,Мужчины,KG07,4.492242
2008,Таласская область,Мужчины,KG07,4.441089
2009,Таласская область,Мужчины,KG07,6.139597
2010,Таласская область,Мужчины,KG07,9.521419
2011,Таласская область,Мужчины,KG07,10.22922
2012,Таласская область,Мужчины,KG07,10.048821
2013,Таласская область,Мужчины,KG07,10.7
2014,Таласская область,Мужчины,KG07,7.3
2015,Таласская область,Мужчины,KG07,8.0
2016,Таласская область,Мужчины,KG07,7.0
2017,Таласская область,Мужчины,KG07,6.2
2018,Таласская область,Мужчины,KG07,2.272417
2019,Таласская область,Мужчины,KG07,2.235753
2020,Таласская область,Мужчины,KG07,0.751258
2021,Таласская область,Мужчины,KG07,2.179266
2022,Таласская область,Мужчины,KG07,1.458247
2023,Таласская область,Мужчины,KG07,7.916916
2024,Таласская область,Мужчины,KG07,1.419336
2007,Чуйская область,,KG08,12.255614
2008,Чуйская область,,KG08,13.153626
2009,Чуйская область,,KG08,11.182041
2010,Чуйская область,,KG08,6.530648
2011,Чуйская область,,KG08,10.259855
2012,Чуйская область,,KG08,8.790298
2013,Чуйская область,,KG08,6.6
2014,Чуйская область,,KG08,6.5
2015,Чуйская область,,KG08,5.8
2016,Чуйская область,,KG08,5.4
2017,Чуйская область,,KG08,4.8
2018,Чуйская область,,KG08,6.334346
2019,Чуйская область,,KG08,5.049926
2020,Чуйская область,,KG08,2.894254
2021,Чуйская область,,KG08,1.530289
2022,Чуйская область,,KG08,1.224589
2023,Чуйская область,,KG08,2.876304
2024,Чуйская область,,KG08,1.866411
2007,Чуйская область,Женщины,KG08,9.181073
2008,Чуйская область,Женщины,KG08,8.612184
2009,Чуйская область,Женщины,KG08,7.080216
2010,Чуйская область,Женщины,KG08,6.056436
2011,Чуйская область,Женщины,KG08,8.891004
2012,Чуйская область,Женщины,KG08,7.112005
2013,Чуйская область,Женщины,KG08,6.3
2014,Чуйская область,Женщины,KG08,3.9
2015,Чуйская область,Женщины,KG08,4.7
2016,Чуйская область,Женщины,KG08,4.2
2017,Чуйская область,Женщины,KG08,2.6
2018,Чуйская область,Женщины,KG08,4.864719
2019,Чуйская область,Женщины,KG08,3.731746
2020,Чуйская область,Женщины,KG08,2.728983
2021,Чуйская область,Женщины,KG08,0.803516
2022,Чуйская область,Женщины,KG08,1.310542
2023,Чуйская область,Женщины,KG08,1.475133
2024,Чуйская область,Женщины,KG08,1.450573
2007,Чуйская область,Мужчины,KG08,15.445168
2008,Чуйская область,Мужчины,KG08,17.863614
2009,Чуйская область,Мужчины,KG08,15.432489
2010,Чуйская область,Мужчины,KG08,7.021521
2011,Чуйская область,Мужчины,KG08,11.674872
2012,Чуйская область,Мужчины,KG08,10.522735
2013,Чуйская область,Мужчины,KG08,7.0
2014,Чуйская область,Мужчины,KG08,9.2
2015,Чуйская область,Мужчины,KG08,6.9
2016,Чуйская область,Мужчины,KG08,6.6
2017,Чуйская область,Мужчины,KG08,7.1
2018,Чуйская область,Мужчины,KG08,7.849328
2019,Чуйская область,Мужчины,KG08,6.408052
2020,Чуйская область,Мужчины,KG08,3.054579
2021,Чуйская область,Мужчины,KG08,2.280289
2022,Чуйская область,Мужчины,KG08,1.137546
2023,Чуйская область,Мужчины,KG08,4.295468
2024,Чуйская область,Мужчины,KG08,2.282868
2007,г. Бишкек,,KG11,19.444499
2008,г. Бишкек,,KG11,16.559633
2009,г. Бишкек,,KG11,18.582512
2010,г. Бишкек,,KG11,17.465079
2011,г. Бишкек,,KG11,16.607541
2012,г. Бишкек,,KG11,17.864088
2013,г. Бишкек,,KG11,10.1
2014,г. Бишкек,,KG11,9.5
2015,г. Бишкек,,KG11,7.9
2016,г. Бишкек,,KG11,10.1
2017,г. Бишкек,,KG11,10.1
2018,г. Бишкек,,KG11,8.968212
2019,г. Бишкек,,KG11,5.189414
2020,г. Бишкек,,KG11,3.947387
2021,г. Бишкек,,KG11,2.301473
2022,г. Бишкек,,KG11,2.479111
2023,г. Бишкек,,KG11,1.817757
2024,г. Бишкек,,KG11,2.292998
2007,г. Бишкек,Женщины,KG11,15.310366
2008,г. Бишкек,Женщины,KG11,11.046411
2009,г. Бишкек,Женщины,KG11,10.882674
2010,г. Бишкек,Женщины,KG11,9.84267
2011,г. Бишкек,Женщины,KG11,10.76723
2012,г. Бишкек,Женщины,KG11,7.817766
2013,г. Бишкек,Женщины,KG11,7.4
2014,г. Бишкек,Женщины,KG11,7.1
2015,г. Бишкек,Женщины,KG11,4.6
2016,г. Бишкек,Женщины,KG11,7.0
2017,г. Бишкек,Женщины,KG11,7.6
2018,г. Бишкек,Женщины,KG11,5.929539
2019,г. Бишкек,Женщины,KG11,2.894948
2020,г. Бишкек,Женщины,KG11,3.60312
2021,г. Бишкек,Женщины,KG11,1.735831
2022,г. Бишкек,Женщины,KG11,2.427958
2023,г. Бишкек,Женщины,KG11,1.58138
2024,г. Бишкек,Женщины,KG11,1.120436
2007,г. Бишкек,Мужчины,KG11,24.204157
2008,г. Бишкек,Мужчины,KG11,22.932791
2009,г. Бишкек,Мужчины,KG11,27.489325
2010,г. Бишкек,Мужчины,KG11,26.266739
2011,г. Бишкек,Мужчины,KG11,23.342207
2012,г. Бишкек,Мужчины,KG11,29.427859
2013,г. Бишкек,Мужчины,KG11,13.1
2014,г. Бишкек,Мужчины,KG11,12.3
2015,г. Бишкек,Мужчины,KG11,11.8
2016,г. Бишкек,Мужчины,KG11,13.7
2017,г. Бишкек,Мужчины,KG11,12.9
2018,г. Бишкек,Мужчины,KG11,12.420425
2019,г. Бишкек,Мужчины,KG11,7.788593
2020,г. Бишкек,Мужчины,KG11,4.252092
2021,г. Бишкек,Мужчины,KG11,2.940208
2022,г. Бишкек,Мужчины,KG11,2.540879
2023,г. Бишкек,Мужчины,KG11,2.103608
2024,г. Бишкек,Мужчины,KG11,3.701691
2007,г. Ош,,KG21,40.964579
2008,г. Ош,,KG21,24.854562
2009,г. Ош,,KG21,23.592385
2010,г. Ош,,KG21,13.593447
2011,г. Ош,,KG21,19.152071
2012,г. Ош,,KG21,29.440248
2013,г. Ош,,KG21,21.3
2014,г. Ош,,KG21,24.7
2015,г. Ош,,KG21,22.3
2016,г. Ош,,KG21,14.0
2017,г. Ош,,KG21,4.9
2018,г. Ош,,KG21,7.479508
2019,г. Ош,,KG21,4.575268
2020,г. Ош,,KG21,0.0
2021,г. Ош,,KG21,1.219899
2022,г. Ош,,KG21,1.123832
2023,г. Ош,,KG21,1.373604
2024,г. Ош,,KG21,1.281085
2007,г. Ош,Женщины,KG21,35.243744
2008,г. Ош,Женщины,KG21,19.402116
2009,г. Ош,Женщины,KG21,14.139324
2010,г. Ош,Женщины,KG21,11.947431
2011,г. Ош,Женщины,KG21,11.255262
2012,г. Ош,Женщины,KG21,20.837209
2013,г. Ош,Женщины,KG21,12.4
2014,г. Ош,Женщины,KG21,20.9
2015,г. Ош,Женщины,KG21,14.9
2016,г. Ош,Женщины,KG21,12.5
2017,г. Ош,Женщины,KG21,4.1
2018,г. Ош,Женщины,KG21,3.953533
2019,г. Ош,Женщины,KG21,2.537202
2020,г. Ош,Женщины,KG21,0.0
2021,г. Ош,Женщины,KG21,1.187832
2022,г. Ош,Женщины,KG21,0.57554
2023,г. Ош,Женщины,KG21,2.24982
2024,г. Ош,Женщины,KG21,0.864663
2007,г. Ош,Мужчины,KG21,47.169044
2008,г. Ош,Мужчины,KG21,30.771224
2009,г. Ош,Мужчины,KG21,33.821599
2010,г. Ош,Мужчины,KG21,15.377518
2011,г. Ош,Мужчины,KG21,27.737893
2012,г. Ош,Мужчины,KG21,38.780044
2013,г. Ош,Мужчины,KG21,30.9
2014,г. Ош,Мужчины,KG21,28.7
2015,г. Ош,Мужчины,KG21,30.4
2016,г. Ош,Мужчины,KG21,15.6
2017,г. Ош,Мужчины,KG21,5.8
2018,г. Ош,Мужчины,KG21,11.238007
2019,г. Ош,Мужчины,KG21,6.741316
2020,г. Ош,Мужчины,KG21,0.0
2021,г. Ош,Мужчины,KG21,1.253746
2022,г. Ош,Мужчины,KG21,1.646768
2023,г. Ош,Мужчины,KG21,0.537017
2024,г. Ош,Мужчины,KG21,1.687415
