Year,Территория,Пол,Возраст,GeoCode,Value
2007,,,,,0.077639
2008,,,,,0.103795
2009,,,,,0.124661
2010,,,,,0.1017
2011,,,,,0.107723
2012,,,,,0.125562
2013,,,,,0.083925
2014,,,,,0.104881
2015,,,,,0.101567
2016,,,,,0.117451
2017,,,,,0.128435
2018,,,,,0.1297
2019,,,,,0.1
2020,,,,,0.1
2021,,,,,0.126418
2022,,,,,0.156866
2023,,,,,0.1
2024,,,,,0.145828
2007,,Женщины,,,0.041956
2008,,Женщины,,,0.067162
2009,,Женщины,,,0.064553
2010,,Женщины,,,0.060539
2011,,Женщины,,,0.064473
2012,,Женщины,,,0.105748
2013,,Женщины,,,0.070194
2014,,Женщины,,,0.090885
2015,,Женщины,,,0.091088
2016,,Женщины,,,0.097137
2017,,Женщины,,,0.106527
2018,,Женщины,,,0.097582
2019,,Женщины,,,0.1
2020,,Женщины,,,0.1
2021,,Женщины,,,0.14923
2022,,Женщины,,,0.187479
2023,,Женщины,,,0.1
2024,,Женщины,,,0.177895
2007,,Мужчины,,,0.114296
2008,,Мужчины,,,0.14143
2009,,Мужчины,,,0.186359
2010,,Мужчины,,,0.143928
2011,,Мужчины,,,0.152077
2012,,Мужчины,,,0.145855
2013,,Мужчины,,,0.09797
2014,,Мужчины,,,0.119179
2015,,Мужчины,,,0.112257
2016,,Мужчины,,,0.138147
2017,,Мужчины,,,0.150731
2018,,Мужчины,,,0.162349
2019,,Мужчины,,,0.2
2020,,Мужчины,,,0.1
2021,,Мужчины,,,0.103269
2022,,Мужчины,,,0.125566
2023,,Мужчины,,,0.2
2024,,Мужчины,,,0.113083
2007,Баткенская область,,,KG05,0.018994
2008,Баткенская область,,,KG05,0.037673
2009,Баткенская область,,,KG05,0.016262
2010,Баткенская область,,,KG05,0.01143
2011,Баткенская область,,,KG05,0.024721
2012,Баткенская область,,,KG05,0.039661
2013,Баткенская область,,,KG05,0.038771
2014,Баткенская область,,,KG05,0.071558
2015,Баткенская область,,,KG05,0.051375
2016,Баткенская область,,,KG05,0.034134
2017,Баткенская область,,,KG05,0.051128
2018,Баткенская область,,,KG05,0.040436
2019,Баткенская область,,,KG05,0.0
2020,Баткенская область,,,KG05,0.0
2021,Баткенская область,,,KG05,0.03433
2022,Баткенская область,,,KG05,0.051313
2023,Баткенская область,,,KG05,0.051313
2024,Баткенская область,,,KG05,0.059423
2007,Баткенская область,Женщины,,KG05,0.014483
2008,Баткенская область,Женщины,,KG05,0.033537
2009,Баткенская область,Женщины,,KG05,0.004729
2010,Баткенская область,Женщины,,KG05,0.013943
2011,Баткенская область,Женщины,,KG05,0.022821
2012,Баткенская область,Женщины,,KG05,0.040276
2013,Баткенская область,Женщины,,KG05,0.043779
2014,Баткенская область,Женщины,,KG05,0.077046
2015,Баткенская область,Женщины,,KG05,0.062727
2016,Баткенская область,Женщины,,KG05,0.032703
2017,Баткенская область,Женщины,,KG05,0.044051
2018,Баткенская область,Женщины,,KG05,0.035312
2019,Баткенская область,Женщины,,KG05,0.0
2020,Баткенская область,Женщины,,KG05,0.0
2021,Баткенская область,Женщины,,KG05,0.03682
2022,Баткенская область,Женщины,,KG05,0.060746
2023,Баткенская область,Женщины,,KG05,0.0
2024,Баткенская область,Женщины,,KG05,0.079001
2007,Баткенская область,Мужчины,,KG05,0.023358
2008,Баткенская область,Мужчины,,KG05,0.041669
2009,Баткенская область,Мужчины,,KG05,0.027402
2010,Баткенская область,Мужчины,,KG05,0.008997
2011,Баткенская область,Мужчины,,KG05,0.026565
2012,Баткенская область,Мужчины,,KG05,0.039063
2013,Баткенская область,Мужчины,,KG05,0.033922
2014,Баткенская область,Мужчины,,KG05,0.066249
2015,Баткенская область,Мужчины,,KG05,0.040406
2016,Баткенская область,Мужчины,,KG05,0.035516
2017,Баткенская область,Мужчины,,KG05,0.057957
2018,Баткенская область,Мужчины,,KG05,0.045374
2019,Баткенская область,Мужчины,,KG05,0.0
2020,Баткенская область,Мужчины,,KG05,0.0
2021,Баткенская область,Мужчины,,KG05,0.031931
2022,Баткенская область,Мужчины,,KG05,0.042061
2023,Баткенская область,Мужчины,,KG05,0.1
2024,Баткенская область,Мужчины,,KG05,0.040287
2007,Джалал-Абадская область,,,KG03,0.044535
2008,Джалал-Абадская область,,,KG03,0.070042
2009,Джалал-Абадская область,,,KG03,0.060105
2010,Джалал-Абадская область,,,KG03,0.059233
2011,Джалал-Абадская область,,,KG03,0.048786
2012,Джалал-Абадская область,,,KG03,0.091049
2013,Джалал-Абадская область,,,KG03,0.04688
2014,Джалал-Абадская область,,,KG03,0.072026
2015,Джалал-Абадская область,,,KG03,0.082866
2016,Джалал-Абадская область,,,KG03,0.063928
2017,Джалал-Абадская область,,,KG03,0.102583
2018,Джалал-Абадская область,,,KG03,0.061542
2019,Джалал-Абадская область,,,KG03,0.1
2020,Джалал-Абадская область,,,KG03,0.0
2021,Джалал-Абадская область,,,KG03,0.087303
2022,Джалал-Абадская область,,,KG03,0.092022
2023,Джалал-Абадская область,,,KG03,0.092809
2024,Джалал-Абадская область,,,KG03,0.083143
2007,Джалал-Абадская область,Женщины,,KG03,0.038468
2008,Джалал-Абадская область,Женщины,,KG03,0.05606
2009,Джалал-Абадская область,Женщины,,KG03,0.047336
2010,Джалал-Абадская область,Женщины,,KG03,0.058324
2011,Джалал-Абадская область,Женщины,,KG03,0.036397
2012,Джалал-Абадская область,Женщины,,KG03,0.095921
2013,Джалал-Абадская область,Женщины,,KG03,0.051601
2014,Джалал-Абадская область,Женщины,,KG03,0.065024
2015,Джалал-Абадская область,Женщины,,KG03,0.081428
2016,Джалал-Абадская область,Женщины,,KG03,0.043401
2017,Джалал-Абадская область,Женщины,,KG03,0.107411
2018,Джалал-Абадская область,Женщины,,KG03,0.061918
2019,Джалал-Абадская область,Женщины,,KG03,0.1
2020,Джалал-Абадская область,Женщины,,KG03,0.0
2021,Джалал-Абадская область,Женщины,,KG03,0.102963
2022,Джалал-Абадская область,Женщины,,KG03,0.078942
2023,Джалал-Абадская область,Женщины,,KG03,0.105114
2024,Джалал-Абадская область,Женщины,,KG03,0.09421
2007,Джалал-Абадская область,Мужчины,,KG03,0.0506
2008,Джалал-Абадская область,Мужчины,,KG03,0.084012
2009,Джалал-Абадская область,Мужчины,,KG03,0.072852
2010,Джалал-Абадская область,Мужчины,,KG03,0.06014
2011,Джалал-Абадская область,Мужчины,,KG03,0.061143
2012,Джалал-Абадская область,Мужчины,,KG03,0.086195
2013,Джалал-Абадская область,Мужчины,,KG03,0.042181
2014,Джалал-Абадская область,Мужчины,,KG03,0.078984
2015,Джалал-Абадская область,Мужчины,,KG03,0.084292
2016,Джалал-Абадская область,Мужчины,,KG03,0.084261
2017,Джалал-Абадская область,Мужчины,,KG03,0.097808
2018,Джалал-Абадская область,Мужчины,,KG03,0.06117
2019,Джалал-Абадская область,Мужчины,,KG03,0.0
2020,Джалал-Абадская область,Мужчины,,KG03,0.0
2021,Джалал-Абадская область,Мужчины,,KG03,0.071859
2022,Джалал-Абадская область,Мужчины,,KG03,0.100984
2023,Джалал-Абадская область,Мужчины,,KG03,0.073019
2024,Джалал-Абадская область,Мужчины,,KG03,0.072233
2007,Иссык-Кульская область,,,KG02,0.004608
2008,Иссык-Кульская область,,,KG02,0.027501
2009,Иссык-Кульская область,,,KG02,0.027305
2010,Иссык-Кульская область,,,KG02,0.018062
2011,Иссык-Кульская область,,,KG02,0.053783
2012,Иссык-Кульская область,,,KG02,0.031064
2013,Иссык-Кульская область,,,KG02,0.028512
2014,Иссык-Кульская область,,,KG02,0.062882
2015,Иссык-Кульская область,,,KG02,0.066387
2016,Иссык-Кульская область,,,KG02,0.082386
2017,Иссык-Кульская область,,,KG02,0.087531
2018,Иссык-Кульская область,,,KG02,0.057572
2019,Иссык-Кульская область,,,KG02,0.1
2020,Иссык-Кульская область,,,KG02,0.0
2021,Иссык-Кульская область,,,KG02,0.107161
2022,Иссык-Кульская область,,,KG02,0.09701
2023,Иссык-Кульская область,,,KG02,0.13486
2024,Иссык-Кульская область,,,KG02,0.091402
2007,Иссык-Кульская область,Женщины,,KG02,0.0
2008,Иссык-Кульская область,Женщины,,KG02,0.02262
2009,Иссык-Кульская область,Женщины,,KG02,0.013497
2010,Иссык-Кульская область,Женщины,,KG02,0.0
2011,Иссык-Кульская область,Женщины,,KG02,0.035537
2012,Иссык-Кульская область,Женщины,,KG02,0.026411
2013,Иссык-Кульская область,Женщины,,KG02,0.026123
2014,Иссык-Кульская область,Женщины,,KG02,0.064607
2015,Иссык-Кульская область,Женщины,,KG02,0.046817
2016,Иссык-Кульская область,Женщины,,KG02,0.07142
2017,Иссык-Кульская область,Женщины,,KG02,0.058072
2018,Иссык-Кульская область,Женщины,,KG02,0.020472
2019,Иссык-Кульская область,Женщины,,KG02,0.1
2020,Иссык-Кульская область,Женщины,,KG02,0.1
2021,Иссык-Кульская область,Женщины,,KG02,0.079035
2022,Иссык-Кульская область,Женщины,,KG02,0.126578
2023,Иссык-Кульская область,Женщины,,KG02,0.107068
2024,Иссык-Кульская область,Женщины,,KG02,0.106092
2007,Иссык-Кульская область,Мужчины,,KG02,0.009349
2008,Иссык-Кульская область,Мужчины,,KG02,0.032512
2009,Иссык-Кульская область,Мужчины,,KG02,0.041436
2010,Иссык-Кульская область,Мужчины,,KG02,0.036491
2011,Иссык-Кульская область,Мужчины,,KG02,0.072359
2012,Иссык-Кульская область,Мужчины,,KG02,0.035794
2013,Иссык-Кульская область,Мужчины,,KG02,0.030939
2014,Иссык-Кульская область,Мужчины,,KG02,0.061134
2015,Иссык-Кульская область,Мужчины,,KG02,0.086207
2016,Иссык-Кульская область,Мужчины,,KG02,0.093477
2017,Иссык-Кульская область,Мужчины,,KG02,0.117277
2018,Иссык-Кульская область,Мужчины,,KG02,0.094996
2019,Иссык-Кульская область,Мужчины,,KG02,0.1
2020,Иссык-Кульская область,Мужчины,,KG02,0.0
2021,Иссык-Кульская область,Мужчины,,KG02,0.135531
2022,Иссык-Кульская область,Мужчины,,KG02,0.067311
2023,Иссык-Кульская область,Мужчины,,KG02,0.2
2024,Иссык-Кульская область,Мужчины,,KG02,0.07673
2007,Нарынская область,,,KG04,0.0
2008,Нарынская область,,,KG04,0.003889
2009,Нарынская область,,,KG04,0.007743
2010,Нарынская область,,,KG04,0.02301
2011,Нарынская область,,,KG04,0.094871
2012,Нарынская область,,,KG04,0.045026
2013,Нарынская область,,,KG04,0.040785
2014,Нарынская область,,,KG04,0.087939
2015,Нарынская область,,,KG04,0.072443
2016,Нарынская область,,,KG04,0.089502
2017,Нарынская область,,,KG04,0.123926
2018,Нарынская область,,,KG04,0.021019
2019,Нарынская область,,,KG04,0.1
2020,Нарынская область,,,KG04,0.0
2021,Нарынская область,,,KG04,0.064796
2022,Нарынская область,,,KG04,0.126183
2023,Нарынская область,,,KG04,0.081848
2024,Нарынская область,,,KG04,0.086138
2007,Нарынская область,Женщины,,KG04,0.0
2008,Нарынская область,Женщины,,KG04,0.0
2009,Нарынская область,Женщины,,KG04,0.007654
2010,Нарынская область,Женщины,,KG04,0.03787
2011,Нарынская область,Женщины,,KG04,0.149779
2012,Нарынская область,Женщины,,KG04,0.059173
2013,Нарынская область,Женщины,,KG04,0.043827
2014,Нарынская область,Женщины,,KG04,0.129979
2015,Нарынская область,Женщины,,KG04,0.107097
2016,Нарынская область,Женщины,,KG04,0.112825
2017,Нарынская область,Женщины,,KG04,0.139296
2018,Нарынская область,Женщины,,KG04,0.006884
2019,Нарынская область,Женщины,,KG04,0.0
2020,Нарынская область,Женщины,,KG04,0.0
2021,Нарынская область,Женщины,,KG04,0.076438
2022,Нарынская область,Женщины,,KG04,0.157673
2023,Нарынская область,Женщины,,KG04,0.095644
2024,Нарынская область,Женщины,,KG04,0.090562
2007,Нарынская область,Мужчины,,KG04,0.0
2008,Нарынская область,Мужчины,,KG04,0.007702
2009,Нарынская область,Мужчины,,KG04,0.007654
2010,Нарынская область,Мужчины,,KG04,0.03787
2011,Нарынская область,Мужчины,,KG04,0.149779
2012,Нарынская область,Мужчины,,KG04,0.059173
2013,Нарынская область,Мужчины,,KG04,0.043827
2014,Нарынская область,Мужчины,,KG04,0.129979
2015,Нарынская область,Мужчины,,KG04,0.107097
2016,Нарынская область,Мужчины,,KG04,0.112825
2017,Нарынская область,Мужчины,,KG04,0.139296
2018,Нарынская область,Мужчины,,KG04,0.006884
2019,Нарынская область,Мужчины,,KG04,0.1
2020,Нарынская область,Мужчины,,KG04,0.0
2021,Нарынская область,Мужчины,,KG04,0.053577
2022,Нарынская область,Мужчины,,KG04,0.083782
2023,Нарынская область,Мужчины,,KG04,0.058688
2024,Нарынская область,Мужчины,,KG04,0.081833
2007,Ошская область,,,KG06,0.095398
2008,Ошская область,,,KG06,0.118959
2009,Ошская область,,,KG06,0.10997
2010,Ошская область,,,KG06,0.090726
2011,Ошская область,,,KG06,0.087779
2012,Ошская область,,,KG06,0.17151
2013,Ошская область,,,KG06,0.061526
2014,Ошская область,,,KG06,0.077427
2015,Ошская область,,,KG06,0.078784
2016,Ошская область,,,KG06,0.078524
2017,Ошская область,,,KG06,0.080728
2018,Ошская область,,,KG06,0.068532
2019,Ошская область,,,KG06,0.1
2020,Ошская область,,,KG06,0.0
2021,Ошская область,,,KG06,0.054163
2022,Ошская область,,,KG06,0.08979
2023,Ошская область,,,KG06,0.091519
2024,Ошская область,,,KG06,0.074729
2007,Ошская область,Женщины,,KG06,0.069082
2008,Ошская область,Женщины,,KG06,0.12175
2009,Ошская область,Женщины,,KG06,0.107225
2010,Ошская область,Женщины,,KG06,0.0932
2011,Ошская область,Женщины,,KG06,0.090158
2012,Ошская область,Женщины,,KG06,0.151048
2013,Ошская область,Женщины,,KG06,0.064548
2014,Ошская область,Женщины,,KG06,0.073072
2015,Ошская область,Женщины,,KG06,0.077833
2016,Ошская область,Женщины,,KG06,0.085588
2017,Ошская область,Женщины,,KG06,0.085417
2018,Ошская область,Женщины,,KG06,0.057837
2019,Ошская область,Женщины,,KG06,0.1
2020,Ошская область,Женщины,,KG06,0.0
2021,Ошская область,Женщины,,KG06,0.064872
2022,Ошская область,Женщины,,KG06,0.115435
2023,Ошская область,Женщины,,KG06,0.113052
2024,Ошская область,Женщины,,KG06,0.100703
2007,Ошская область,Мужчины,,KG06,0.121304
2008,Ошская область,Мужчины,,KG06,0.116212
2009,Ошская область,Мужчины,,KG06,0.112672
2010,Ошская область,Мужчины,,KG06,0.088289
2011,Ошская область,Мужчины,,KG06,0.085433
2012,Ошская область,Мужчины,,KG06,0.19168
2013,Ошская область,Мужчины,,KG06,0.058549
2014,Ошская область,Мужчины,,KG06,0.081713
2015,Ошская область,Мужчины,,KG06,0.07972
2016,Ошская область,Мужчины,,KG06,0.071589
2017,Ошская область,Мужчины,,KG06,0.07613
2018,Ошская область,Мужчины,,KG06,0.079006
2019,Ошская область,Мужчины,,KG06,0.1
2020,Ошская область,Мужчины,,KG06,0.0
2021,Ошская область,Мужчины,,KG06,0.043693
2022,Ошская область,Мужчины,,KG06,0.064489
2023,Ошская область,Мужчины,,KG06,0.069664
2024,Ошская область,Мужчины,,KG06,0.049299
2007,Таласская область,,,KG07,0.013474
2008,Таласская область,,,KG07,0.017775
2009,Таласская область,,,KG07,0.03075
2010,Таласская область,,,KG07,0.021701
2011,Таласская область,,,KG07,0.042815
2012,Таласская область,,,KG07,0.067397
2013,Таласская область,,,KG07,0.045567
2014,Таласская область,,,KG07,0.048927
2015,Таласская область,,,KG07,0.056171
2016,Таласская область,,,KG07,0.055292
2017,Таласская область,,,KG07,0.058354
2018,Таласская область,,,KG07,0.057429
2019,Таласская область,,,KG07,0.0
2020,Таласская область,,,KG07,0.0
2021,Таласская область,,,KG07,0.051374
2022,Таласская область,,,KG07,0.077235
2023,Таласская область,,,KG07,0.072646
2024,Таласская область,,,KG07,0.068153
2007,Таласская область,Женщины,,KG07,0.00898
2008,Таласская область,Женщины,,KG07,0.008892
2009,Таласская область,Женщины,,KG07,0.017601
2010,Таласская область,Женщины,,KG07,0.008705
2011,Таласская область,Женщины,,KG07,0.017203
2012,Таласская область,Женщины,,KG07,0.067802
2013,Таласская область,Женщины,,KG07,0.05005
2014,Таласская область,Женщины,,KG07,0.041101
2015,Таласская область,Женщины,,KG07,0.04859
2016,Таласская область,Женщины,,KG07,0.04787
2017,Таласская область,Женщины,,KG07,0.055043
2018,Таласская область,Женщины,,KG07,0.046446
2019,Таласская область,Женщины,,KG07,0.0
2020,Таласская область,Женщины,,KG07,0.0
2021,Таласская область,Женщины,,KG07,0.029662
2022,Таласская область,Женщины,,KG07,0.133583
2023,Таласская область,Женщины,,KG07,0.071977
2024,Таласская область,Женщины,,KG07,0.058019
2007,Таласская область,Мужчины,,KG07,0.017969
2008,Таласская область,Мужчины,,KG07,0.026647
2009,Таласская область,Мужчины,,KG07,0.043856
2010,Таласская область,Мужчины,,KG07,0.034625
2011,Таласская область,Мужчины,,KG07,0.068199
2012,Таласская область,Мужчины,,KG07,0.066997
2013,Таласская область,Мужчины,,KG07,0.041144
2014,Таласская область,Мужчины,,KG07,0.056629
2015,Таласская область,Мужчины,,KG07,0.063615
2016,Таласская область,Мужчины,,KG07,0.062567
2017,Таласская область,Мужчины,,KG07,0.061597
2018,Таласская область,Мужчины,,KG07,0.068177
2019,Таласская область,Мужчины,,KG07,0.0
2020,Таласская область,Мужчины,,KG07,0.0
2021,Таласская область,Мужчины,,KG07,0.072642
2022,Таласская область,Мужчины,,KG07,0.021874
2023,Таласская область,Мужчины,,KG07,0.073328
2024,Таласская область,Мужчины,,KG07,0.07807
2007,Чуйская область,,,KG08,0.120044
2008,Чуйская область,,,KG08,0.211756
2009,Чуйская область,,,KG08,0.316925
2010,Чуйская область,,,KG08,0.2465
2011,Чуйская область,,,KG08,0.251674
2012,Чуйская область,,,KG08,0.245707
2013,Чуйская область,,,KG08,0.185606
2014,Чуйская область,,,KG08,0.222782
2015,Чуйская область,,,KG08,0.188909
2016,Чуйская область,,,KG08,0.293505
2017,Чуйская область,,,KG08,0.306622
2018,Чуйская область,,,KG08,0.235178
2019,Чуйская область,,,KG08,0.2
2020,Чуйская область,,,KG08,0.1
2021,Чуйская область,,,KG08,0.137726
2022,Чуйская область,,,KG08,0.138492
2023,Чуйская область,,,KG08,0.116922
2024,Чуйская область,,,KG08,0.154521
2007,Чуйская область,Женщины,,KG08,0.044667
2008,Чуйская область,Женщины,,KG08,0.078746
2009,Чуйская область,Женщины,,KG08,0.083016
2010,Чуйская область,Женщины,,KG08,0.084797
2011,Чуйская область,Женщины,,KG08,0.105742
2012,Чуйская область,Женщины,,KG08,0.208662
2013,Чуйская область,Женщины,,KG08,0.139698
2014,Чуйская область,Женщины,,KG08,0.157694
2015,Чуйская область,Женщины,,KG08,0.186081
2016,Чуйская область,Женщины,,KG08,0.224264
2017,Чуйская область,Женщины,,KG08,0.224326
2018,Чуйская область,Женщины,,KG08,0.1777
2019,Чуйская область,Женщины,,KG08,0.2
2020,Чуйская область,Женщины,,KG08,0.2
2021,Чуйская область,Женщины,,KG08,0.156686
2022,Чуйская область,Женщины,,KG08,0.155417
2023,Чуйская область,Женщины,,KG08,0.092204
2024,Чуйская область,Женщины,,KG08,0.157516
2007,Чуйская область,Мужчины,,KG08,0.198252
2008,Чуйская область,Мужчины,,KG08,0.349739
2009,Чуйская область,Мужчины,,KG08,0.559424
2010,Чуйская область,Мужчины,,KG08,0.413939
2011,Чуйская область,Мужчины,,KG08,0.402572
2012,Чуйская область,Мужчины,,KG08,0.28395
2013,Чуйская область,Мужчины,,KG08,0.232961
2014,Чуйская область,Мужчины,,KG08,0.289906
2015,Чуйская область,Мужчины,,KG08,0.191824
2016,Чуйская область,Мужчины,,KG08,0.364877
2017,Чуйская область,Мужчины,,KG08,0.391491
2018,Чуйская область,Мужчины,,KG08,0.294436
2019,Чуйская область,Мужчины,,KG08,0.3
2020,Чуйская область,Мужчины,,KG08,0.1
2021,Чуйская область,Мужчины,,KG08,0.11816
2022,Чуйская область,Мужчины,,KG08,0.121353
2023,Чуйская область,Мужчины,,KG08,0.141957
2024,Чуйская область,Мужчины,,KG08,0.151522
2007,г. Бишкек,,,KG11,0.055035
2008,г. Бишкек,,,KG11,0.080992
2009,г. Бишкек,,,KG11,0.09173
2010,г. Бишкек,,,KG11,0.106677
2011,г. Бишкек,,,KG11,0.123418
2012,г. Бишкек,,,KG11,0.088198
2013,г. Бишкек,,,KG11,0.106075
2014,г. Бишкек,,,KG11,0.097148
2015,г. Бишкек,,,KG11,0.12239
2016,г. Бишкек,,,KG11,0.133088
2017,г. Бишкек,,,KG11,0.130155
2018,г. Бишкек,,,KG11,0.312507
2019,г. Бишкек,,,KG11,0.3
2020,г. Бишкек,,,KG11,0.3
2021,г. Бишкек,,,KG11,0.334174
2022,г. Бишкек,,,KG11,0.430488
2023,г. Бишкек,,,KG11,0.393136
2024,г. Бишкек,,,KG11,0.376193
2007,г. Бишкек,Женщины,,KG11,0.029708
2008,г. Бишкек,Женщины,,KG11,0.054108
2009,г. Бишкек,Женщины,,KG11,0.037758
2010,г. Бишкек,Женщины,,KG11,0.045935
2011,г. Бишкек,Женщины,,KG11,0.051685
2012,г. Бишкек,Женщины,,KG11,0.040147
2013,г. Бишкек,Женщины,,KG11,0.049603
2014,г. Бишкек,Женщины,,KG11,0.086917
2015,г. Бишкек,Женщины,,KG11,0.085076
2016,г. Бишкек,Женщины,,KG11,0.096837
2017,г. Бишкек,Женщины,,KG11,0.081494
2018,г. Бишкек,Женщины,,KG11,0.192747
2019,г. Бишкек,Женщины,,KG11,0.3
2020,г. Бишкек,Женщины,,KG11,0.4
2021,г. Бишкек,Женщины,,KG11,0.411392
2022,г. Бишкек,Женщины,,KG11,0.495549
2023,г. Бишкек,Женщины,,KG11,0.260996
2024,г. Бишкек,Женщины,,KG11,0.458188
2007,г. Бишкек,Мужчины,,KG11,0.084195
2008,г. Бишкек,Мужчины,,KG11,0.112071
2009,г. Бишкек,Мужчины,,KG11,0.15417
2010,г. Бишкек,Мужчины,,KG11,0.176827
2011,г. Бишкек,Мужчины,,KG11,0.206149
2012,г. Бишкек,Мужчины,,KG11,0.143512
2013,г. Бишкек,Мужчины,,KG11,0.17095
2014,г. Бишкек,Мужчины,,KG11,0.108873
2015,г. Бишкек,Мужчины,,KG11,0.165022
2016,г. Бишкек,Мужчины,,KG11,0.174411
2017,г. Бишкек,Мужчины,,KG11,0.185553
2018,г. Бишкек,Мужчины,,KG11,0.4486
2019,г. Бишкек,Мужчины,,KG11,0.5
2020,г. Бишкек,Мужчины,,KG11,0.2
2021,г. Бишкек,Мужчины,,KG11,0.246977
2022,г. Бишкек,Мужчины,,KG11,0.351938
2023,г. Бишкек,Мужчины,,KG11,0.6
2024,г. Бишкек,Мужчины,,KG11,0.277704
2007,г. Ош,,,KG21,0.34344
2008,г. Ош,,,KG21,0.244722
2009,г. Ош,,,KG21,0.495299
2010,г. Ош,,,KG21,0.295259
2011,г. Ош,,,KG21,0.23457
2012,г. Ош,,,KG21,0.255731
2013,г. Ош,,,KG21,0.190275
2014,г. Ош,,,KG21,0.212932
2015,г. Ош,,,KG21,0.150194
2016,г. Ош,,,KG21,0.190109
2017,г. Ош,,,KG21,0.150703
2018,г. Ош,,,KG21,0.166617
2019,г. Ош,,,KG21,0.2
2020,г. Ош,,,KG21,0.2
2021,г. Ош,,,KG21,0.167736
2022,г. Ош,,,KG21,0.210763
2023,г. Ош,,,KG21,0.19509
2024,г. Ош,,,KG21,0.136668
2007,г. Ош,Женщины,,KG21,0.127494
2008,г. Ош,Женщины,,KG21,0.119412
2009,г. Ош,Женщины,,KG21,0.260529
2010,г. Ош,Женщины,,KG21,0.179244
2011,г. Ош,Женщины,,KG21,0.165104
2012,г. Ош,Женщины,,KG21,0.208416
2013,г. Ош,Женщины,,KG21,0.190447
2014,г. Ош,Женщины,,KG21,0.230489
2015,г. Ош,Женщины,,KG21,0.120243
2016,г. Ош,Женщины,,KG21,0.187213
2017,г. Ош,Женщины,,KG21,0.14241
2018,г. Ош,Женщины,,KG21,0.151575
2019,г. Ош,Женщины,,KG21,0.1
2020,г. Ош,Женщины,,KG21,0.2
2021,г. Ош,Женщины,,KG21,0.195992
2022,г. Ош,Женщины,,KG21,0.25906
2023,г. Ош,Женщины,,KG21,0.168765
2024,г. Ош,Женщины,,KG21,0.168638
2007,г. Ош,Мужчины,,KG21,0.577748
2008,г. Ош,Мужчины,,KG21,0.380736
2009,г. Ош,Мужчины,,KG21,0.749468
2010,г. Ош,Мужчины,,KG21,0.421036
2011,г. Ош,Мужчины,,KG21,0.310108
2012,г. Ош,Мужчины,,KG21,0.307103
2013,г. Ош,Мужчины,,KG21,0.19009
2014,г. Ош,Мужчины,,KG21,0.194015
2015,г. Ош,Мужчины,,KG21,0.182369
2016,г. Ош,Мужчины,,KG21,0.193214
2017,г. Ош,Мужчины,,KG21,0.159574
2018,г. Ош,Мужчины,,KG21,0.182651
2019,г. Ош,Мужчины,,KG21,0.2
2020,г. Ош,Мужчины,,KG21,0.1
2021,г. Ош,Мужчины,,KG21,0.137912
2022,г. Ош,Мужчины,,KG21,0.164704
2023,г. Ош,Мужчины,,KG21,0.220225
2024,г. Ош,Мужчины,,KG21,0.105475
2007,,,до 14 лет,,0.028575
2008,,,до 14 лет,,0.060681
2009,,,до 14 лет,,0.030757
2010,,,до 14 лет,,0.026761
2011,,,до 14 лет,,0.034624
2012,,,до 14 лет,,0.091373
2013,,,до 14 лет,,0.01358
2014,,,до 14 лет,,0.019784
2015,,,до 14 лет,,0.016499
2016,,,до 14 лет,,0.0165
2017,,,до 14 лет,,0.015035
2018,,,до 14 лет,,0.016559
2019,,,до 14 лет,,0.013237
2020,,,до 14 лет,,0.0
2021,,,до 14 лет,,0.0
2022,,,до 14 лет,,0.0
2023,,,до 14 лет,,0.0
2024,,,до 14 лет,,0.0
2007,,,от 15 до 24 лет,,0.11669
2008,,,от 15 до 24 лет,,0.148212
2009,,,от 15 до 24 лет,,0.214585
2010,,,от 15 до 24 лет,,0.174198
2011,,,от 15 до 24 лет,,0.177296
2012,,,от 15 до 24 лет,,0.178004
2013,,,от 15 до 24 лет,,0.14731
2014,,,от 15 до 24 лет,,0.173101
2015,,,от 15 до 24 лет,,0.165554
2016,,,от 15 до 24 лет,,0.199817
2017,,,от 15 до 24 лет,,0.220635
2018,,,от 15 до 24 лет,,0.216018
2019,,,от 15 до 24 лет,,0.067974
2020,,,от 15 до 24 лет,,0.1
2021,,,от 15 до 24 лет,,0.1
2022,,,от 15 до 24 лет,,0.1
2023,,,от 15 до 24 лет,,0.1
2007,,,25 лет и старше,,0.11669
2008,,,25 лет и старше,,0.148212
2009,,,25 лет и старше,,0.214585
2010,,,25 лет и старше,,0.174198
2011,,,25 лет и старше,,0.177296
2012,,,25 лет и старше,,0.178004
2013,,,25 лет и старше,,0.14731
2014,,,25 лет и старше,,0.173101
2015,,,25 лет и старше,,0.165554
2016,,,25 лет и старше,,0.199817
2017,,,25 лет и старше,,0.220635
2018,,,25 лет и старше,,0.216018
2019,,,25 лет и старше,,0.136237
2020,,,25 лет и старше,,0.2
2021,,,25 лет и старше,,0.2
2022,,,25 лет и старше,,0.2
2023,,,25 лет и старше,,0.2
2024,,,25 лет и старше,,0.3
