Year,Территория,Возраст,Value
2007,,,0.077639
2008,,,0.103795
2009,,,0.124661
2010,,,0.1017
2011,,,0.107723
2012,,,0.12556199999999998
2013,,,0.083925
2014,,,0.10488099999999999
2015,,,0.10156699999999999
2016,,,0.117451
2017,,,0.128435
2018,,,0.1297
2019,,,0.1
2007,,,0.041956
2008,,,0.067162
2009,,,0.064553
2010,,,0.060538999999999996
2011,,,0.064473
2012,,,0.10574800000000001
2013,,,0.070194
2014,,,0.09088500000000001
2015,,,0.091088
2016,,,0.097137
2017,,,0.106527
2018,,,0.097582
2019,,,0.1
2007,,,0.11429600000000001
2008,,,0.14143
2009,,,0.186359
2010,,,0.143928
2011,,,0.152077
2012,,,0.14585499999999998
2013,,,0.09797
2014,,,0.119179
2015,,,0.112257
2016,,,0.138147
2017,,,0.150731
2018,,,0.162349
2019,,,0.2
2007,Баткенская область,,0.018994
2008,Баткенская область,,0.037673000000000005
2009,Баткенская область,,0.016262000000000002
2010,Баткенская область,,0.01143
2011,Баткенская область,,0.024721
2012,Баткенская область,,0.039661
2013,Баткенская область,,0.038771
2014,Баткенская область,,0.07155800000000001
2015,Баткенская область,,0.051375
2016,Баткенская область,,0.034134
2017,Баткенская область,,0.051128
2018,Баткенская область,,0.040436
2019,Баткенская область,,0.0
2007,Баткенская область,,0.014483000000000001
2008,Баткенская область,,0.033537
2009,Баткенская область,,0.004729
2010,Баткенская область,,0.013943
2011,Баткенская область,,0.022821
2012,Баткенская область,,0.040276
2013,Баткенская область,,0.043779000000000005
2014,Баткенская область,,0.077046
2015,Баткенская область,,0.062727
2016,Баткенская область,,0.032702999999999996
2017,Баткенская область,,0.044051
2018,Баткенская область,,0.035312
2019,Баткенская область,,0.0
2007,Баткенская область,,0.023358
2008,Баткенская область,,0.041669
2009,Баткенская область,,0.027402
2010,Баткенская область,,0.008997
2011,Баткенская область,,0.026565
2012,Баткенская область,,0.039063
2013,Баткенская область,,0.033922
2014,Баткенская область,,0.066249
2015,Баткенская область,,0.040406
2016,Баткенская область,,0.035516000000000006
2017,Баткенская область,,0.057957
2018,Баткенская область,,0.045374
2019,Баткенская область,,0.0
2007,Джалал-Абадская область,,0.044535000000000005
2008,Джалал-Абадская область,,0.070042
2009,Джалал-Абадская область,,0.060105
2010,Джалал-Абадская область,,0.059233
2011,Джалал-Абадская область,,0.048786
2012,Джалал-Абадская область,,0.091049
2013,Джалал-Абадская область,,0.04688
2014,Джалал-Абадская область,,0.07202599999999999
2015,Джалал-Абадская область,,0.082866
2016,Джалал-Абадская область,,0.063928
2017,Джалал-Абадская область,,0.102583
2018,Джалал-Абадская область,,0.06154199999999999
2019,Джалал-Абадская область,,0.1
2007,Джалал-Абадская область,,0.038468
2008,Джалал-Абадская область,,0.056060000000000006
2009,Джалал-Абадская область,,0.047336
2010,Джалал-Абадская область,,0.058324
2011,Джалал-Абадская область,,0.036397000000000006
2012,Джалал-Абадская область,,0.095921
2013,Джалал-Абадская область,,0.051601
2014,Джалал-Абадская область,,0.065024
2015,Джалал-Абадская область,,0.081428
2016,Джалал-Абадская область,,0.043401
2017,Джалал-Абадская область,,0.10741099999999999
2018,Джалал-Абадская область,,0.061917999999999994
2019,Джалал-Абадская область,,0.1
2007,Джалал-Абадская область,,0.0506
2008,Джалал-Абадская область,,0.084012
2009,Джалал-Абадская область,,0.072852
2010,Джалал-Абадская область,,0.06014
2011,Джалал-Абадская область,,0.061142999999999996
2012,Джалал-Абадская область,,0.08619500000000001
2013,Джалал-Абадская область,,0.042181
2014,Джалал-Абадская область,,0.078984
2015,Джалал-Абадская область,,0.08429199999999999
2016,Джалал-Абадская область,,0.084261
2017,Джалал-Абадская область,,0.097808
2018,Джалал-Абадская область,,0.06117
2019,Джалал-Абадская область,,0.0
2007,Иссык-Кульская область,,0.004608
2008,Иссык-Кульская область,,0.027500999999999998
2009,Иссык-Кульская область,,0.027305
2010,Иссык-Кульская область,,0.018062
2011,Иссык-Кульская область,,0.053783000000000004
2012,Иссык-Кульская область,,0.031063999999999998
2013,Иссык-Кульская область,,0.028512
2014,Иссык-Кульская область,,0.06288200000000001
2015,Иссык-Кульская область,,0.066387
2016,Иссык-Кульская область,,0.082386
2017,Иссык-Кульская область,,0.087531
2018,Иссык-Кульская область,,0.057572000000000005
2019,Иссык-Кульская область,,0.1
2007,Иссык-Кульская область,,0.0
2008,Иссык-Кульская область,,0.022619999999999998
2009,Иссык-Кульская область,,0.013497
2010,Иссык-Кульская область,,0.0
2011,Иссык-Кульская область,,0.035537
2012,Иссык-Кульская область,,0.026411
2013,Иссык-Кульская область,,0.026123
2014,Иссык-Кульская область,,0.06460700000000001
2015,Иссык-Кульская область,,0.046817000000000004
2016,Иссык-Кульская область,,0.07142000000000001
2017,Иссык-Кульская область,,0.058072000000000006
2018,Иссык-Кульская область,,0.020472
2019,Иссык-Кульская область,,0.1
2007,Иссык-Кульская область,,0.009349
2008,Иссык-Кульская область,,0.032512
2009,Иссык-Кульская область,,0.041436
2010,Иссык-Кульская область,,0.036491
2011,Иссык-Кульская область,,0.072359
2012,Иссык-Кульская область,,0.035794
2013,Иссык-Кульская область,,0.030938999999999998
2014,Иссык-Кульская область,,0.061134
2015,Иссык-Кульская область,,0.086207
2016,Иссык-Кульская область,,0.093477
2017,Иссык-Кульская область,,0.11727699999999999
2018,Иссык-Кульская область,,0.094996
2019,Иссык-Кульская область,,0.1
2007,Нарынская область,,0.0
2008,Нарынская область,,0.003889
2009,Нарынская область,,0.007743000000000001
2010,Нарынская область,,0.02301
2011,Нарынская область,,0.094871
2012,Нарынская область,,0.045026
2013,Нарынская область,,0.040785
2014,Нарынская область,,0.087939
2015,Нарынская область,,0.072443
2016,Нарынская область,,0.089502
2017,Нарынская область,,0.123926
2018,Нарынская область,,0.021019
2019,Нарынская область,,0.1
2007,Нарынская область,,0.0
2008,Нарынская область,,0.0
2009,Нарынская область,,0.007654
2010,Нарынская область,,0.03787
2011,Нарынская область,,0.149779
2012,Нарынская область,,0.059173
2013,Нарынская область,,0.043827
2014,Нарынская область,,0.12997899999999998
2015,Нарынская область,,0.107097
2016,Нарынская область,,0.112825
2017,Нарынская область,,0.139296
2018,Нарынская область,,0.006884
2019,Нарынская область,,0.0
2007,Нарынская область,,0.0
2008,Нарынская область,,0.007702
2009,Нарынская область,,0.007654
2010,Нарынская область,,0.03787
2011,Нарынская область,,0.149779
2012,Нарынская область,,0.059173
2013,Нарынская область,,0.043827
2014,Нарынская область,,0.12997899999999998
2015,Нарынская область,,0.107097
2016,Нарынская область,,0.112825
2017,Нарынская область,,0.139296
2018,Нарынская область,,0.006884
2019,Нарынская область,,0.1
2007,Ошская область,,0.095398
2008,Ошская область,,0.118959
2009,Ошская область,,0.10997
2010,Ошская область,,0.090726
2011,Ошская область,,0.087779
2012,Ошская область,,0.17151
2013,Ошская область,,0.061526
2014,Ошская область,,0.077427
2015,Ошская область,,0.078784
2016,Ошская область,,0.078524
2017,Ошская область,,0.080728
2018,Ошская область,,0.06853200000000001
2019,Ошская область,,0.1
2007,Ошская область,,0.069082
2008,Ошская область,,0.12175
2009,Ошская область,,0.107225
2010,Ошская область,,0.0932
2011,Ошская область,,0.090158
2012,Ошская область,,0.15104800000000002
2013,Ошская область,,0.06454800000000001
2014,Ошская область,,0.073072
2015,Ошская область,,0.077833
2016,Ошская область,,0.085588
2017,Ошская область,,0.08541699999999999
2018,Ошская область,,0.057837
2019,Ошская область,,0.1
2007,Ошская область,,0.121304
2008,Ошская область,,0.116212
2009,Ошская область,,0.11267200000000001
2010,Ошская область,,0.08828899999999999
2011,Ошская область,,0.08543300000000001
2012,Ошская область,,0.19168
2013,Ошская область,,0.058549000000000004
2014,Ошская область,,0.081713
2015,Ошская область,,0.07972
2016,Ошская область,,0.071589
2017,Ошская область,,0.07612999999999999
2018,Ошская область,,0.07900599999999999
2019,Ошская область,,0.1
2007,Таласская область,,0.013474000000000002
2008,Таласская область,,0.017775
2009,Таласская область,,0.03075
2010,Таласская область,,0.021700999999999998
2011,Таласская область,,0.042815
2012,Таласская область,,0.067397
2013,Таласская область,,0.045567
2014,Таласская область,,0.048927
2015,Таласская область,,0.056171000000000006
2016,Таласская область,,0.055291999999999994
2017,Таласская область,,0.058353999999999996
2018,Таласская область,,0.057428999999999994
2019,Таласская область,,0.0
2007,Таласская область,,0.00898
2008,Таласская область,,0.008892
2009,Таласская область,,0.017601
2010,Таласская область,,0.008705
2011,Таласская область,,0.017203
2012,Таласская область,,0.067802
2013,Таласская область,,0.05005
2014,Таласская область,,0.041101
2015,Таласская область,,0.048589999999999994
2016,Таласская область,,0.047869999999999996
2017,Таласская область,,0.055042999999999995
2018,Таласская область,,0.046446
2019,Таласская область,,0.0
2007,Таласская область,,0.017969
2008,Таласская область,,0.026647000000000004
2009,Таласская область,,0.043856
2010,Таласская область,,0.034625
2011,Таласская область,,0.068199
2012,Таласская область,,0.066997
2013,Таласская область,,0.041144
2014,Таласская область,,0.056629
2015,Таласская область,,0.06361499999999999
2016,Таласская область,,0.062567
2017,Таласская область,,0.061597000000000006
2018,Таласская область,,0.068177
2019,Таласская область,,0.0
2007,Чуйская область,,0.12004400000000001
2008,Чуйская область,,0.211756
2009,Чуйская область,,0.316925
2010,Чуйская область,,0.2465
2011,Чуйская область,,0.25167399999999995
2012,Чуйская область,,0.245707
2013,Чуйская область,,0.185606
2014,Чуйская область,,0.222782
2015,Чуйская область,,0.188909
2016,Чуйская область,,0.293505
2017,Чуйская область,,0.306622
2018,Чуйская область,,0.23517800000000003
2019,Чуйская область,,0.2
2007,Чуйская область,,0.044667
2008,Чуйская область,,0.07874600000000001
2009,Чуйская область,,0.08301599999999999
2010,Чуйская область,,0.084797
2011,Чуйская область,,0.105742
2012,Чуйская область,,0.208662
2013,Чуйская область,,0.139698
2014,Чуйская область,,0.157694
2015,Чуйская область,,0.186081
2016,Чуйская область,,0.224264
2017,Чуйская область,,0.22432600000000003
2018,Чуйская область,,0.1777
2019,Чуйская область,,0.2
2007,Чуйская область,,0.198252
2008,Чуйская область,,0.34973899999999997
2009,Чуйская область,,0.559424
2010,Чуйская область,,0.41393900000000006
2011,Чуйская область,,0.402572
2012,Чуйская область,,0.28395
2013,Чуйская область,,0.232961
2014,Чуйская область,,0.289906
2015,Чуйская область,,0.191824
2016,Чуйская область,,0.364877
2017,Чуйская область,,0.391491
2018,Чуйская область,,0.29443600000000003
2019,Чуйская область,,0.3
2007,г. Бишкек,,0.055035
2008,г. Бишкек,,0.080992
2009,г. Бишкек,,0.09172999999999999
2010,г. Бишкек,,0.106677
2011,г. Бишкек,,0.123418
2012,г. Бишкек,,0.088198
2013,г. Бишкек,,0.106075
2014,г. Бишкек,,0.097148
2015,г. Бишкек,,0.12239000000000001
2016,г. Бишкек,,0.133088
2017,г. Бишкек,,0.130155
2018,г. Бишкек,,0.31250700000000003
2019,г. Бишкек,,0.3
2007,г. Бишкек,,0.029708
2008,г. Бишкек,,0.054108
2009,г. Бишкек,,0.037758
2010,г. Бишкек,,0.045935000000000004
2011,г. Бишкек,,0.051685
2012,г. Бишкек,,0.040147
2013,г. Бишкек,,0.049602999999999994
2014,г. Бишкек,,0.086917
2015,г. Бишкек,,0.085076
2016,г. Бишкек,,0.096837
2017,г. Бишкек,,0.08149400000000001
2018,г. Бишкек,,0.192747
2019,г. Бишкек,,0.3
2007,г. Бишкек,,0.084195
2008,г. Бишкек,,0.112071
2009,г. Бишкек,,0.15417
2010,г. Бишкек,,0.176827
2011,г. Бишкек,,0.20614899999999997
2012,г. Бишкек,,0.143512
2013,г. Бишкек,,0.17095
2014,г. Бишкек,,0.108873
2015,г. Бишкек,,0.165022
2016,г. Бишкек,,0.17441099999999998
2017,г. Бишкек,,0.185553
2018,г. Бишкек,,0.4486
2019,г. Бишкек,,0.5
2007,г. Ош,,0.34344
2008,г. Ош,,0.24472199999999997
2009,г. Ош,,0.495299
2010,г. Ош,,0.295259
2011,г. Ош,,0.23456999999999997
2012,г. Ош,,0.255731
2013,г. Ош,,0.190275
2014,г. Ош,,0.212932
2015,г. Ош,,0.150194
2016,г. Ош,,0.190109
2017,г. Ош,,0.150703
2018,г. Ош,,0.16661700000000002
2019,г. Ош,,0.2
2007,г. Ош,,0.127494
2008,г. Ош,,0.11941199999999999
2009,г. Ош,,0.260529
2010,г. Ош,,0.17924400000000001
2011,г. Ош,,0.165104
2012,г. Ош,,0.208416
2013,г. Ош,,0.190447
2014,г. Ош,,0.230489
2015,г. Ош,,0.120243
2016,г. Ош,,0.18721300000000002
2017,г. Ош,,0.14240999999999998
2018,г. Ош,,0.151575
2019,г. Ош,,0.1
2007,г. Ош,,0.5777479999999999
2008,г. Ош,,0.380736
2009,г. Ош,,0.749468
2010,г. Ош,,0.42103599999999997
2011,г. Ош,,0.310108
2012,г. Ош,,0.307103
2013,г. Ош,,0.19009
2014,г. Ош,,0.19401500000000002
2015,г. Ош,,0.182369
2016,г. Ош,,0.193214
2017,г. Ош,,0.159574
2018,г. Ош,,0.182651
2019,г. Ош,,0.2
2007,,до 15 лет,0.028575
2008,,до 15 лет,0.06068099999999999
2009,,до 15 лет,0.030757
2010,,до 15 лет,0.026761
2011,,до 15 лет,0.034624
2012,,до 15 лет,0.091373
2013,,до 15 лет,0.013580000000000002
2014,,до 15 лет,0.019784
2015,,до 15 лет,0.016499
2016,,до 15 лет,0.0165
2017,,до 15 лет,0.015035
2018,,до 15 лет,0.016559
2019,,до 15 лет,0.013237
2007,,от 15 до 24 лет ,0.11669000000000002
2008,,от 15 до 24 лет ,0.14821199999999998
2009,,от 15 до 24 лет ,0.214585
2010,,от 15 до 24 лет ,0.174198
2011,,от 15 до 24 лет ,0.177296
2012,,от 15 до 24 лет ,0.178004
2013,,от 15 до 24 лет ,0.14731
2014,,от 15 до 24 лет ,0.173101
2015,,от 15 до 24 лет ,0.165554
2016,,от 15 до 24 лет ,0.199817
2017,,от 15 до 24 лет ,0.220635
2018,,от 15 до 24 лет ,0.216018
2019,,от 15 до 24 лет ,0.067974
2007,,25 лет и старше ,0.11669000000000002
2008,,25 лет и старше ,0.14821199999999998
2009,,25 лет и старше ,0.214585
2010,,25 лет и старше ,0.174198
2011,,25 лет и старше ,0.177296
2012,,25 лет и старше ,0.178004
2013,,25 лет и старше ,0.14731
2014,,25 лет и старше ,0.173101
2015,,25 лет и старше ,0.165554
2016,,25 лет и старше ,0.199817
2017,,25 лет и старше ,0.220635
2018,,25 лет и старше ,0.216018
2019,,25 лет и старше ,0.136237
