Year,Территория,Пол,GeoCode,Value
2007,,,,92
2008,,,,89
2009,,,,85
2010,,,,92
2011,,,,85
2012,,,,93
2013,,,,78
2014,,,,79
2015,,,,70
2016,,,,69
2017,,,,63
2018,,,,60
2019,,,,58
2020,,,,46
2021,,,,58
2022,,,,49
2023,,,,48
2007,,Мужчины,,142
2008,,Мужчины,,144
2009,,Мужчины,,136
2010,,Мужчины,,147
2011,,Мужчины,,133
2012,,Мужчины,,145
2013,,Мужчины,,123
2014,,Мужчины,,124
2015,,Мужчины,,111
2016,,Мужчины,,110
2017,,Мужчины,,102
2018,,Мужчины,,97
2019,,Мужчины,,94
2020,,Мужчины,,71
2021,,Мужчины,,88
2022,,Мужчины,,81
2023,,Мужчины,,78
2007,,Женщины,,43
2008,,Женщины,,35
2009,,Женщины,,35
2010,,Женщины,,38
2011,,Женщины,,39
2012,,Женщины,,43
2013,,Женщины,,34
2014,,Женщины,,35
2015,,Женщины,,30
2016,,Женщины,,29
2017,,Женщины,,25
2018,,Женщины,,24
2019,,Женщины,,23
2020,,Женщины,,21
2021,,Женщины,,28
2022,,Женщины,,18
2023,,Женщины,,19
2007,Баткенская область,,KG05,66
2008,Баткенская область,,KG05,85
2009,Баткенская область,,KG05,74
2010,Баткенская область,,KG05,64
2011,Баткенская область,,KG05,85
2012,Баткенская область,,KG05,97
2013,Баткенская область,,KG05,69
2014,Баткенская область,,KG05,61
2015,Баткенская область,,KG05,82
2016,Баткенская область,,KG05,58
2017,Баткенская область,,KG05,61
2018,Баткенская область,,KG05,75
2019,Баткенская область,,KG05,68
2020,Баткенская область,,KG05,42
2021,Баткенская область,,KG05,47
2022,Баткенская область,,KG05,34
2023,Баткенская область,,KG05,57
2007,Баткенская область,Мужчины,KG05,93
2008,Баткенская область,Мужчины,KG05,134
2009,Баткенская область,Мужчины,KG05,91
2010,Баткенская область,Мужчины,KG05,76
2011,Баткенская область,Мужчины,KG05,133
2012,Баткенская область,Мужчины,KG05,143
2013,Баткенская область,Мужчины,KG05,102
2014,Баткенская область,Мужчины,KG05,83
2015,Баткенская область,Мужчины,KG05,109
2016,Баткенская область,Мужчины,KG05,95
2017,Баткенская область,Мужчины,KG05,89
2018,Баткенская область,Мужчины,KG05,98
2019,Баткенская область,Мужчины,KG05,96
2020,Баткенская область,Мужчины,KG05,58
2021,Баткенская область,Мужчины,KG05,43
2022,Баткенская область,Мужчины,KG05,42
2023,Баткенская область,Мужчины,KG05,93
2007,Баткенская область,Женщины,KG05,39
2008,Баткенская область,Женщины,KG05,34
2009,Баткенская область,Женщины,KG05,57
2010,Баткенская область,Женщины,KG05,51
2011,Баткенская область,Женщины,KG05,37
2012,Баткенская область,Женщины,KG05,49
2013,Баткенская область,Женщины,KG05,35
2014,Баткенская область,Женщины,KG05,39
2015,Баткенская область,Женщины,KG05,54
2016,Баткенская область,Женщины,KG05,20
2017,Баткенская область,Женщины,KG05,32
2018,Баткенская область,Женщины,KG05,51
2019,Баткенская область,Женщины,KG05,38
2020,Баткенская область,Женщины,KG05,26
2021,Баткенская область,Женщины,KG05,52
2022,Баткенская область,Женщины,KG05,25
2023,Баткенская область,Женщины,KG05,21
2007,Джалал-Абадская область,,KG03,57
2008,Джалал-Абадская область,,KG03,47
2009,Джалал-Абадская область,,KG03,24
2010,Джалал-Абадская область,,KG03,15
2011,Джалал-Абадская область,,KG03,23
2012,Джалал-Абадская область,,KG03,38
2013,Джалал-Абадская область,,KG03,28
2014,Джалал-Абадская область,,KG03,39
2015,Джалал-Абадская область,,KG03,27
2016,Джалал-Абадская область,,KG03,29
2017,Джалал-Абадская область,,KG03,14
2018,Джалал-Абадская область,,KG03,15
2019,Джалал-Абадская область,,KG03,26
2020,Джалал-Абадская область,,KG03,13
2021,Джалал-Абадская область,,KG03,16
2022,Джалал-Абадская область,,KG03,35
2023,Джалал-Абадская область,,KG03,19
2007,Джалал-Абадская область,Мужчины,KG03,99
2008,Джалал-Абадская область,Мужчины,KG03,68
2009,Джалал-Абадская область,Мужчины,KG03,39
2010,Джалал-Абадская область,Мужчины,KG03,29
2011,Джалал-Абадская область,Мужчины,KG03,29
2012,Джалал-Абадская область,Мужчины,KG03,56
2013,Джалал-Абадская область,Мужчины,KG03,42
2014,Джалал-Абадская область,Мужчины,KG03,50
2015,Джалал-Абадская область,Мужчины,KG03,42
2016,Джалал-Абадская область,Мужчины,KG03,40
2017,Джалал-Абадская область,Мужчины,KG03,20
2018,Джалал-Абадская область,Мужчины,KG03,18
2019,Джалал-Абадская область,Мужчины,KG03,39
2020,Джалал-Абадская область,Мужчины,KG03,21
2021,Джалал-Абадская область,Мужчины,KG03,19
2022,Джалал-Абадская область,Мужчины,KG03,44
2023,Джалал-Абадская область,Мужчины,KG03,32
2007,Джалал-Абадская область,Женщины,KG03,14
2008,Джалал-Абадская область,Женщины,KG03,26
2009,Джалал-Абадская область,Женщины,KG03,8
2011,Джалал-Абадская область,Женщины,KG03,17
2012,Джалал-Абадская область,Женщины,KG03,19
2013,Джалал-Абадская область,Женщины,KG03,15
2014,Джалал-Абадская область,Женщины,KG03,27
2015,Джалал-Абадская область,Женщины,KG03,12
2016,Джалал-Абадская область,Женщины,KG03,19
2017,Джалал-Абадская область,Женщины,KG03,9
2018,Джалал-Абадская область,Женщины,KG03,12
2019,Джалал-Абадская область,Женщины,KG03,13
2020,Джалал-Абадская область,Женщины,KG03,5
2021,Джалал-Абадская область,Женщины,KG03,13
2022,Джалал-Абадская область,Женщины,KG03,25
2023,Джалал-Абадская область,Женщины,KG03,6
2007,Иссык-Кульская область,,KG02,200
2008,Иссык-Кульская область,,KG02,215
2009,Иссык-Кульская область,,KG02,212
2010,Иссык-Кульская область,,KG02,230
2011,Иссык-Кульская область,,KG02,220
2012,Иссык-Кульская область,,KG02,251
2013,Иссык-Кульская область,,KG02,191
2014,Иссык-Кульская область,,KG02,210
2015,Иссык-Кульская область,,KG02,176
2016,Иссык-Кульская область,,KG02,156
2017,Иссык-Кульская область,,KG02,150
2018,Иссык-Кульская область,,KG02,195
2019,Иссык-Кульская область,,KG02,156
2020,Иссык-Кульская область,,KG02,108
2021,Иссык-Кульская область,,KG02,129
2022,Иссык-Кульская область,,KG02,131
2023,Иссык-Кульская область,,KG02,89
2007,Иссык-Кульская область,Мужчины,KG02,299
2008,Иссык-Кульская область,Мужчины,KG02,348
2009,Иссык-Кульская область,Мужчины,KG02,345
2010,Иссык-Кульская область,Мужчины,KG02,370
2011,Иссык-Кульская область,Мужчины,KG02,344
2012,Иссык-Кульская область,Мужчины,KG02,407
2013,Иссык-Кульская область,Мужчины,KG02,318
2014,Иссык-Кульская область,Мужчины,KG02,345
2015,Иссык-Кульская область,Мужчины,KG02,297
2016,Иссык-Кульская область,Мужчины,KG02,242
2017,Иссык-Кульская область,Мужчины,KG02,255
2018,Иссык-Кульская область,Мужчины,KG02,326
2019,Иссык-Кульская область,Мужчины,KG02,220
2020,Иссык-Кульская область,Мужчины,KG02,185
2021,Иссык-Кульская область,Мужчины,KG02,207
2022,Иссык-Кульская область,Мужчины,KG02,232
2023,Иссык-Кульская область,Мужчины,KG02,137
2007,Иссык-Кульская область,Женщины,KG02,104
2008,Иссык-Кульская область,Женщины,KG02,86
2009,Иссык-Кульская область,Женщины,KG02,81
2010,Иссык-Кульская область,Женщины,KG02,94
2011,Иссык-Кульская область,Женщины,KG02,98
2012,Иссык-Кульская область,Женщины,KG02,97
2013,Иссык-Кульская область,Женщины,KG02,65
2014,Иссык-Кульская область,Женщины,KG02,78
2015,Иссык-Кульская область,Женщины,KG02,55
2016,Иссык-Кульская область,Женщины,KG02,71
2017,Иссык-Кульская область,Женщины,KG02,46
2018,Иссык-Кульская область,Женщины,KG02,66
2019,Иссык-Кульская область,Женщины,KG02,93
2020,Иссык-Кульская область,Женщины,KG02,32
2021,Иссык-Кульская область,Женщины,KG02,51
2022,Иссык-Кульская область,Женщины,KG02,30
2023,Иссык-Кульская область,Женщины,KG02,41
2007,Нарынская область,,KG04,148
2008,Нарынская область,,KG04,163
2009,Нарынская область,,KG04,155
2010,Нарынская область,,KG04,192
2011,Нарынская область,,KG04,167
2012,Нарынская область,,KG04,146
2013,Нарынская область,,KG04,130
2014,Нарынская область,,KG04,172
2015,Нарынская область,,KG04,138
2016,Нарынская область,,KG04,132
2017,Нарынская область,,KG04,152
2018,Нарынская область,,KG04,102
2019,Нарынская область,,KG04,104
2020,Нарынская область,,KG04,65
2021,Нарынская область,,KG04,102
2022,Нарынская область,,KG04,81
2023,Нарынская область,,KG04,119
2007,Нарынская область,Мужчины,KG04,239
2008,Нарынская область,Мужчины,KG04,285
2009,Нарынская область,Мужчины,KG04,245
2010,Нарынская область,Мужчины,KG04,295
2011,Нарынская область,Мужчины,KG04,277
2012,Нарынская область,Мужчины,KG04,244
2013,Нарынская область,Мужчины,KG04,212
2014,Нарынская область,Мужчины,KG04,282
2015,Нарынская область,Мужчины,KG04,207
2016,Нарынская область,Мужчины,KG04,197
2017,Нарынская область,Мужчины,KG04,258
2018,Нарынская область,Мужчины,KG04,165
2019,Нарынская область,Мужчины,KG04,157
2020,Нарынская область,Мужчины,KG04,115
2021,Нарынская область,Мужчины,KG04,167
2022,Нарынская область,Мужчины,KG04,135
2023,Нарынская область,Мужчины,KG04,191
2007,Нарынская область,Женщины,KG04,55
2008,Нарынская область,Женщины,KG04,39
2009,Нарынская область,Женщины,KG04,63
2010,Нарынская область,Женщины,KG04,85
2011,Нарынская область,Женщины,KG04,54
2012,Нарынская область,Женщины,KG04,46
2013,Нарынская область,Женщины,KG04,45
2014,Нарынская область,Женщины,KG04,59
2015,Нарынская область,Женщины,KG04,66
2016,Нарынская область,Женщины,KG04,65
2017,Нарынская область,Женщины,KG04,43
2018,Нарынская область,Женщины,KG04,36
2019,Нарынская область,Женщины,KG04,49
2020,Нарынская область,Женщины,KG04,14
2021,Нарынская область,Женщины,KG04,35
2022,Нарынская область,Женщины,KG04,26
2023,Нарынская область,Женщины,KG04,46
2007,Ошская область,,KG06,46
2008,Ошская область,,KG06,44
2009,Ошская область,,KG06,45
2010,Ошская область,,KG06,42
2011,Ошская область,,KG06,47
2012,Ошская область,,KG06,53
2013,Ошская область,,KG06,62
2014,Ошская область,,KG06,58
2015,Ошская область,,KG06,44
2016,Ошская область,,KG06,39
2017,Ошская область,,KG06,38
2018,Ошская область,,KG06,29
2019,Ошская область,,KG06,35
2020,Ошская область,,KG06,29
2021,Ошская область,,KG06,42
2022,Ошская область,,KG06,25
2023,Ошская область,,KG06,25
2007,Ошская область,Мужчины,KG06,59
2008,Ошская область,Мужчины,KG06,76
2009,Ошская область,Мужчины,KG06,79
2010,Ошская область,Мужчины,KG06,64
2011,Ошская область,Мужчины,KG06,66
2012,Ошская область,Мужчины,KG06,82
2013,Ошская область,Мужчины,KG06,95
2014,Ошская область,Мужчины,KG06,82
2015,Ошская область,Мужчины,KG06,73
2016,Ошская область,Мужчины,KG06,56
2017,Ошская область,Мужчины,KG06,59
2018,Ошская область,Мужчины,KG06,42
2019,Ошская область,Мужчины,KG06,61
2020,Ошская область,Мужчины,KG06,42
2021,Ошская область,Мужчины,KG06,66
2022,Ошская область,Мужчины,KG06,40
2023,Ошская область,Мужчины,KG06,40
2007,Ошская область,Женщины,KG06,34
2008,Ошская область,Женщины,KG06,11
2009,Ошская область,Женщины,KG06,11
2010,Ошская область,Женщины,KG06,20
2011,Ошская область,Женщины,KG06,28
2012,Ошская область,Женщины,KG06,24
2013,Ошская область,Женщины,KG06,29
2014,Ошская область,Женщины,KG06,33
2015,Ошская область,Женщины,KG06,15
2016,Ошская область,Женщины,KG06,22
2017,Ошская область,Женщины,KG06,16
2018,Ошская область,Женщины,KG06,15
2019,Ошская область,Женщины,KG06,9
2020,Ошская область,Женщины,KG06,16
2021,Ошская область,Женщины,KG06,17
2022,Ошская область,Женщины,KG06,10
2023,Ошская область,Женщины,KG06,10
2007,Таласская область,,KG07,49
2008,Таласская область,,KG07,40
2009,Таласская область,,KG07,75
2010,Таласская область,,KG07,78
2011,Таласская область,,KG07,51
2012,Таласская область,,KG07,51
2013,Таласская область,,KG07,124
2014,Таласская область,,KG07,61
2015,Таласская область,,KG07,84
2016,Таласская область,,KG07,43
2017,Таласская область,,KG07,31
2018,Таласская область,,KG07,38
2019,Таласская область,,KG07,30
2020,Таласская область,,KG07,26
2021,Таласская область,,KG07,33
2022,Таласская область,,KG07,26
2023,Таласская область,,KG07,7
2007,Таласская область,Мужчины,KG07,72
2008,Таласская область,Мужчины,KG07,62
2009,Таласская область,Мужчины,KG07,140
2010,Таласская область,Мужчины,KG07,130
2011,Таласская область,Мужчины,KG07,68
2012,Таласская область,Мужчины,KG07,59
2013,Таласская область,Мужчины,KG07,173
2014,Таласская область,Мужчины,KG07,97
2015,Таласская область,Мужчины,KG07,143
2016,Таласская область,Мужчины,KG07,78
2017,Таласская область,Мужчины,KG07,23
2018,Таласская область,Мужчины,KG07,61
2019,Таласская область,Мужчины,KG07,60
2020,Таласская область,Мужчины,KG07,37
2021,Таласская область,Мужчины,KG07,58
2022,Таласская область,Мужчины,KG07,44
2023,Таласская область,Мужчины,KG07,14
2007,Таласская область,Женщины,KG07,27
2008,Таласская область,Женщины,KG07,18
2009,Таласская область,Женщины,KG07,9
2010,Таласская область,Женщины,KG07,26
2011,Таласская область,Женщины,KG07,34
2012,Таласская область,Женщины,KG07,42
2013,Таласская область,Женщины,KG07,75
2014,Таласская область,Женщины,KG07,25
2015,Таласская область,Женщины,KG07,24
2016,Таласская область,Женщины,KG07,8
2017,Таласская область,Женщины,KG07,39
2018,Таласская область,Женщины,KG07,15
2020,Таласская область,Женщины,KG07,15
2021,Таласская область,Женщины,KG07,7
2022,Таласская область,Женщины,KG07,7
2007,Чуйская область,,KG08,158
2008,Чуйская область,,KG08,179
2009,Чуйская область,,KG08,178
2010,Чуйская область,,KG08,201
2011,Чуйская область,,KG08,172
2012,Чуйская область,,KG08,205
2013,Чуйская область,,KG08,142
2014,Чуйская область,,KG08,144
2015,Чуйская область,,KG08,138
2016,Чуйская область,,KG08,167
2017,Чуйская область,,KG08,152
2018,Чуйская область,,KG08,137
2019,Чуйская область,,KG08,116
2020,Чуйская область,,KG08,131
2021,Чуйская область,,KG08,152
2022,Чуйская область,,KG08,106
2023,Чуйская область,,KG08,127
2007,Чуйская область,Мужчины,KG08,250
2008,Чуйская область,Мужчины,KG08,286
2009,Чуйская область,Мужчины,KG08,288
2010,Чуйская область,Мужчины,KG08,326
2011,Чуйская область,Мужчины,KG08,273
2012,Чуйская область,Мужчины,KG08,313
2013,Чуйская область,Мужчины,KG08,228
2014,Чуйская область,Мужчины,KG08,245
2015,Чуйская область,Мужчины,KG08,215
2016,Чуйская область,Мужчины,KG08,279
2017,Чуйская область,Мужчины,KG08,251
2018,Чуйская область,Мужчины,KG08,240
2019,Чуйская область,Мужчины,KG08,196
2020,Чуйская область,Мужчины,KG08,206
2021,Чуйская область,Мужчины,KG08,240
2022,Чуйская область,Мужчины,KG08,186
2023,Чуйская область,Мужчины,KG08,209
2007,Чуйская область,Женщины,KG08,69
2008,Чуйская область,Женщины,KG08,76
2009,Чуйская область,Женщины,KG08,71
2010,Чуйская область,Женщины,KG08,80
2011,Чуйская область,Женщины,KG08,74
2012,Чуйская область,Женщины,KG08,100
2013,Чуйская область,Женщины,KG08,58
2014,Чуйская область,Женщины,KG08,46
2015,Чуйская область,Женщины,KG08,63
2016,Чуйская область,Женщины,KG08,59
2017,Чуйская область,Женщины,KG08,56
2018,Чуйская область,Женщины,KG08,38
2019,Чуйская область,Женщины,KG08,37
2020,Чуйская область,Женщины,KG08,59
2021,Чуйская область,Женщины,KG08,66
2022,Чуйская область,Женщины,KG08,26
2023,Чуйская область,Женщины,KG08,46
2007,г. Бишкек,,KG11,103
2008,г. Бишкек,,KG11,53
2009,г. Бишкек,,KG11,57
2010,г. Бишкек,,KG11,86
2011,г. Бишкек,,KG11,65
2012,г. Бишкек,,KG11,42
2013,г. Бишкек,,KG11,38
2014,г. Бишкек,,KG11,32
2015,г. Бишкек,,KG11,25
2016,г. Бишкек,,KG11,28
2017,г. Бишкек,,KG11,24
2018,г. Бишкек,,KG11,18
2019,г. Бишкек,,KG11,26
2020,г. Бишкек,,KG11,10
2021,г. Бишкек,,KG11,24
2022,г. Бишкек,,KG11,20
2023,г. Бишкек,,KG11,11
2007,г. Бишкек,Мужчины,KG11,171
2008,г. Бишкек,Мужчины,KG11,96
2009,г. Бишкек,Мужчины,KG11,82
2010,г. Бишкек,Мужчины,KG11,149
2011,г. Бишкек,Мужчины,KG11,114
2012,г. Бишкек,Мужчины,KG11,63
2013,г. Бишкек,Мужчины,KG11,64
2014,г. Бишкек,Мужчины,KG11,53
2015,г. Бишкек,Мужчины,KG11,38
2016,г. Бишкек,Мужчины,KG11,49
2017,г. Бишкек,Мужчины,KG11,37
2018,г. Бишкек,Мужчины,KG11,32
2019,г. Бишкек,Мужчины,KG11,47
2020,г. Бишкек,Мужчины,KG11,12
2021,г. Бишкек,Мужчины,KG11,35
2022,г. Бишкек,Мужчины,KG11,33
2023,г. Бишкек,Мужчины,KG11,17
2007,г. Бишкек,Женщины,KG11,43
2008,г. Бишкек,Женщины,KG11,16
2009,г. Бишкек,Женщины,KG11,36
2010,г. Бишкек,Женщины,KG11,31
2011,г. Бишкек,Женщины,KG11,22
2012,г. Бишкек,Женщины,KG11,23
2013,г. Бишкек,Женщины,KG11,14
2014,г. Бишкек,Женщины,KG11,14
2015,г. Бишкек,Женщины,KG11,14
2016,г. Бишкек,Женщины,KG11,10
2017,г. Бишкек,Женщины,KG11,13
2018,г. Бишкек,Женщины,KG11,6
2019,г. Бишкек,Женщины,KG11,7
2020,г. Бишкек,Женщины,KG11,9
2021,г. Бишкек,Женщины,KG11,14
2022,г. Бишкек,Женщины,KG11,10
2023,г. Бишкек,Женщины,KG11,6
2007,г. Ош,,KG21,23
2008,г. Ош,,KG21,39
2009,г. Ош,,KG21,43
2010,г. Ош,,KG21,16
2011,г. Ош,,KG21,16
2012,г. Ош,,KG21,27
2013,г. Ош,,KG21,11
2014,г. Ош,,KG21,22
2015,г. Ош,,KG21,18
2016,г. Ош,,KG21,25
2017,г. Ош,,KG21,25
2018,г. Ош,,KG21,17
2019,г. Ош,,KG21,29
2020,г. Ош,,KG21,13
2021,г. Ош,,KG21,6
2022,г. Ош,,KG21,11
2023,г. Ош,,KG21,22
2007,г. Ош,Мужчины,KG21,24
2008,г. Ош,Мужчины,KG21,49
2009,г. Ош,Мужчины,KG21,72
2010,г. Ош,Мужчины,KG21,24
2011,г. Ош,Мужчины,KG21,24
2012,г. Ош,Мужчины,KG21,48
2013,г. Ош,Мужчины,KG21,8
2014,г. Ош,Мужчины,KG21,23
2015,г. Ош,Мужчины,KG21,30
2016,г. Ош,Мужчины,KG21,52
2017,г. Ош,Мужчины,KG21,51
2018,г. Ош,Мужчины,KG21,28
2019,г. Ош,Мужчины,KG21,61
2020,г. Ош,Мужчины,KG21,13
2021,г. Ош,Мужчины,KG21,13
2022,г. Ош,Мужчины,KG21,22
2023,г. Ош,Мужчины,KG21,27
2007,г. Ош,Женщины,KG21,22
2008,г. Ош,Женщины,KG21,30
2009,г. Ош,Женщины,KG21,15
2010,г. Ош,Женщины,KG21,7
2011,г. Ош,Женщины,KG21,8
2012,г. Ош,Женщины,KG21,7
2013,г. Ош,Женщины,KG21,15
2014,г. Ош,Женщины,KG21,22
2015,г. Ош,Женщины,KG21,7
2018,г. Ош,Женщины,KG21,7
2020,г. Ош,Женщины,KG21,12
2023,г. Ош,Женщины,KG21,17
