Year,SERIES,Территория,Value
2007,Доля целевой группы населения с доступом к 3 дозам дифтерии-столбняка-коклюша (АКДС3),,94.1
2008,Доля целевой группы населения с доступом к 3 дозам дифтерии-столбняка-коклюша (АКДС3),,95.3
2009,Доля целевой группы населения с доступом к 3 дозам дифтерии-столбняка-коклюша (АКДС3),,95.4
2010,Доля целевой группы населения с доступом к 3 дозам дифтерии-столбняка-коклюша (АКДС3),,96.5
2011,Доля целевой группы населения с доступом к 3 дозам дифтерии-столбняка-коклюша (АКДС3),,95.1
2012,Доля целевой группы населения с доступом к 3 дозам дифтерии-столбняка-коклюша (АКДС3),,96.2
2013,Доля целевой группы населения с доступом к 3 дозам дифтерии-столбняка-коклюша (АКДС3),,96.9
2014,Доля целевой группы населения с доступом к 3 дозам дифтерии-столбняка-коклюша (АКДС3),,95.8
2015,Доля целевой группы населения с доступом к 3 дозам дифтерии-столбняка-коклюша (АКДС3),,96.6
2016,Доля целевой группы населения с доступом к 3 дозам дифтерии-столбняка-коклюша (АКДС3),,96.1
2017,Доля целевой группы населения с доступом к 3 дозам дифтерии-столбняка-коклюша (АКДС3),,93.4
2018,Доля целевой группы населения с доступом к 3 дозам дифтерии-столбняка-коклюша (АКДС3),,94.5
2019,Доля целевой группы населения с доступом к 3 дозам дифтерии-столбняка-коклюша (АКДС3),,94.351083
2020,Доля целевой группы населения с доступом к 3 дозам дифтерии-столбняка-коклюша (АКДС3),,88.157251
2021,Доля целевой группы населения с доступом к 3 дозам дифтерии-столбняка-коклюша (АКДС3),,88.796593
2007,Доля целевой группы населения с доступом к 3 дозам дифтерии-столбняка-коклюша (АКДС3),Баткенская область,93.4
2008,Доля целевой группы населения с доступом к 3 дозам дифтерии-столбняка-коклюша (АКДС3),Баткенская область,96.8
2009,Доля целевой группы населения с доступом к 3 дозам дифтерии-столбняка-коклюша (АКДС3),Баткенская область,95.4
2010,Доля целевой группы населения с доступом к 3 дозам дифтерии-столбняка-коклюша (АКДС3),Баткенская область,96.8
2011,Доля целевой группы населения с доступом к 3 дозам дифтерии-столбняка-коклюша (АКДС3),Баткенская область,96.7
2012,Доля целевой группы населения с доступом к 3 дозам дифтерии-столбняка-коклюша (АКДС3),Баткенская область,98.3
2013,Доля целевой группы населения с доступом к 3 дозам дифтерии-столбняка-коклюша (АКДС3),Баткенская область,97.7
2014,Доля целевой группы населения с доступом к 3 дозам дифтерии-столбняка-коклюша (АКДС3),Баткенская область,98.9
2015,Доля целевой группы населения с доступом к 3 дозам дифтерии-столбняка-коклюша (АКДС3),Баткенская область,98.6
2016,Доля целевой группы населения с доступом к 3 дозам дифтерии-столбняка-коклюша (АКДС3),Баткенская область,98.1
2017,Доля целевой группы населения с доступом к 3 дозам дифтерии-столбняка-коклюша (АКДС3),Баткенская область,96.7
2018,Доля целевой группы населения с доступом к 3 дозам дифтерии-столбняка-коклюша (АКДС3),Баткенская область,96.6
2019,Доля целевой группы населения с доступом к 3 дозам дифтерии-столбняка-коклюша (АКДС3),Баткенская область,98.322619
2020,Доля целевой группы населения с доступом к 3 дозам дифтерии-столбняка-коклюша (АКДС3),Баткенская область,91.684706
2021,Доля целевой группы населения с доступом к 3 дозам дифтерии-столбняка-коклюша (АКДС3),Баткенская область,86.908583
2007,Доля целевой группы населения с доступом к 3 дозам дифтерии-столбняка-коклюша (АКДС3),Джалал-Абадская область,93.6
2008,Доля целевой группы населения с доступом к 3 дозам дифтерии-столбняка-коклюша (АКДС3),Джалал-Абадская область,95.6
2009,Доля целевой группы населения с доступом к 3 дозам дифтерии-столбняка-коклюша (АКДС3),Джалал-Абадская область,95.9
2010,Доля целевой группы населения с доступом к 3 дозам дифтерии-столбняка-коклюша (АКДС3),Джалал-Абадская область,95.9
2011,Доля целевой группы населения с доступом к 3 дозам дифтерии-столбняка-коклюша (АКДС3),Джалал-Абадская область,94.2
2012,Доля целевой группы населения с доступом к 3 дозам дифтерии-столбняка-коклюша (АКДС3),Джалал-Абадская область,95.9
2013,Доля целевой группы населения с доступом к 3 дозам дифтерии-столбняка-коклюша (АКДС3),Джалал-Абадская область,97.8
2014,Доля целевой группы населения с доступом к 3 дозам дифтерии-столбняка-коклюша (АКДС3),Джалал-Абадская область,94.8
2015,Доля целевой группы населения с доступом к 3 дозам дифтерии-столбняка-коклюша (АКДС3),Джалал-Абадская область,96.1
2016,Доля целевой группы населения с доступом к 3 дозам дифтерии-столбняка-коклюша (АКДС3),Джалал-Абадская область,95.8
2017,Доля целевой группы населения с доступом к 3 дозам дифтерии-столбняка-коклюша (АКДС3),Джалал-Абадская область,93.8
2018,Доля целевой группы населения с доступом к 3 дозам дифтерии-столбняка-коклюша (АКДС3),Джалал-Абадская область,96.1
2019,Доля целевой группы населения с доступом к 3 дозам дифтерии-столбняка-коклюша (АКДС3),Джалал-Абадская область,90.174029
2020,Доля целевой группы населения с доступом к 3 дозам дифтерии-столбняка-коклюша (АКДС3),Джалал-Абадская область,87.415504
2021,Доля целевой группы населения с доступом к 3 дозам дифтерии-столбняка-коклюша (АКДС3),Джалал-Абадская область,89.680107
2007,Доля целевой группы населения с доступом к 3 дозам дифтерии-столбняка-коклюша (АКДС3),Иссык-Кульская область,93.9
2008,Доля целевой группы населения с доступом к 3 дозам дифтерии-столбняка-коклюша (АКДС3),Иссык-Кульская область,95.2
2009,Доля целевой группы населения с доступом к 3 дозам дифтерии-столбняка-коклюша (АКДС3),Иссык-Кульская область,95.3
2010,Доля целевой группы населения с доступом к 3 дозам дифтерии-столбняка-коклюша (АКДС3),Иссык-Кульская область,97.2
2011,Доля целевой группы населения с доступом к 3 дозам дифтерии-столбняка-коклюша (АКДС3),Иссык-Кульская область,93.6
2012,Доля целевой группы населения с доступом к 3 дозам дифтерии-столбняка-коклюша (АКДС3),Иссык-Кульская область,96.9
2013,Доля целевой группы населения с доступом к 3 дозам дифтерии-столбняка-коклюша (АКДС3),Иссык-Кульская область,97.3
2014,Доля целевой группы населения с доступом к 3 дозам дифтерии-столбняка-коклюша (АКДС3),Иссык-Кульская область,91.3
2015,Доля целевой группы населения с доступом к 3 дозам дифтерии-столбняка-коклюша (АКДС3),Иссык-Кульская область,98.0
2016,Доля целевой группы населения с доступом к 3 дозам дифтерии-столбняка-коклюша (АКДС3),Иссык-Кульская область,95.9
2017,Доля целевой группы населения с доступом к 3 дозам дифтерии-столбняка-коклюша (АКДС3),Иссык-Кульская область,96.1
2018,Доля целевой группы населения с доступом к 3 дозам дифтерии-столбняка-коклюша (АКДС3),Иссык-Кульская область,95.0
2019,Доля целевой группы населения с доступом к 3 дозам дифтерии-столбняка-коклюша (АКДС3),Иссык-Кульская область,94.575714
2020,Доля целевой группы населения с доступом к 3 дозам дифтерии-столбняка-коклюша (АКДС3),Иссык-Кульская область,87.604354
2021,Доля целевой группы населения с доступом к 3 дозам дифтерии-столбняка-коклюша (АКДС3),Иссык-Кульская область,95.77591
2007,Доля целевой группы населения с доступом к 3 дозам дифтерии-столбняка-коклюша (АКДС3),Нарынская область,94.4
2008,Доля целевой группы населения с доступом к 3 дозам дифтерии-столбняка-коклюша (АКДС3),Нарынская область,95.2
2009,Доля целевой группы населения с доступом к 3 дозам дифтерии-столбняка-коклюша (АКДС3),Нарынская область,95.3
2010,Доля целевой группы населения с доступом к 3 дозам дифтерии-столбняка-коклюша (АКДС3),Нарынская область,96.8
2011,Доля целевой группы населения с доступом к 3 дозам дифтерии-столбняка-коклюша (АКДС3),Нарынская область,95.5
2012,Доля целевой группы населения с доступом к 3 дозам дифтерии-столбняка-коклюша (АКДС3),Нарынская область,97.4
2013,Доля целевой группы населения с доступом к 3 дозам дифтерии-столбняка-коклюша (АКДС3),Нарынская область,98.0
2014,Доля целевой группы населения с доступом к 3 дозам дифтерии-столбняка-коклюша (АКДС3),Нарынская область,97.6
2015,Доля целевой группы населения с доступом к 3 дозам дифтерии-столбняка-коклюша (АКДС3),Нарынская область,97.2
2016,Доля целевой группы населения с доступом к 3 дозам дифтерии-столбняка-коклюша (АКДС3),Нарынская область,96.8
2017,Доля целевой группы населения с доступом к 3 дозам дифтерии-столбняка-коклюша (АКДС3),Нарынская область,97.0
2018,Доля целевой группы населения с доступом к 3 дозам дифтерии-столбняка-коклюша (АКДС3),Нарынская область,94.8
2019,Доля целевой группы населения с доступом к 3 дозам дифтерии-столбняка-коклюша (АКДС3),Нарынская область,97.59292
2020,Доля целевой группы населения с доступом к 3 дозам дифтерии-столбняка-коклюша (АКДС3),Нарынская область,90.958705
2021,Доля целевой группы населения с доступом к 3 дозам дифтерии-столбняка-коклюша (АКДС3),Нарынская область,96.517042
2007,Доля целевой группы населения с доступом к 3 дозам дифтерии-столбняка-коклюша (АКДС3),Ошская область,94.4
2008,Доля целевой группы населения с доступом к 3 дозам дифтерии-столбняка-коклюша (АКДС3),Ошская область,94.5
2009,Доля целевой группы населения с доступом к 3 дозам дифтерии-столбняка-коклюша (АКДС3),Ошская область,95.1
2010,Доля целевой группы населения с доступом к 3 дозам дифтерии-столбняка-коклюша (АКДС3),Ошская область,95.5
2011,Доля целевой группы населения с доступом к 3 дозам дифтерии-столбняка-коклюша (АКДС3),Ошская область,93.6
2012,Доля целевой группы населения с доступом к 3 дозам дифтерии-столбняка-коклюша (АКДС3),Ошская область,93.0
2013,Доля целевой группы населения с доступом к 3 дозам дифтерии-столбняка-коклюша (АКДС3),Ошская область,96.2
2014,Доля целевой группы населения с доступом к 3 дозам дифтерии-столбняка-коклюша (АКДС3),Ошская область,98.3
2015,Доля целевой группы населения с доступом к 3 дозам дифтерии-столбняка-коклюша (АКДС3),Ошская область,97.1
2016,Доля целевой группы населения с доступом к 3 дозам дифтерии-столбняка-коклюша (АКДС3),Ошская область,98.5
2017,Доля целевой группы населения с доступом к 3 дозам дифтерии-столбняка-коклюша (АКДС3),Ошская область,96.6
2018,Доля целевой группы населения с доступом к 3 дозам дифтерии-столбняка-коклюша (АКДС3),Ошская область,95.8
2019,Доля целевой группы населения с доступом к 3 дозам дифтерии-столбняка-коклюша (АКДС3),Ошская область,99.33564
2020,Доля целевой группы населения с доступом к 3 дозам дифтерии-столбняка-коклюша (АКДС3),Ошская область,95.543628
2021,Доля целевой группы населения с доступом к 3 дозам дифтерии-столбняка-коклюша (АКДС3),Ошская область,90.31153
2007,Доля целевой группы населения с доступом к 3 дозам дифтерии-столбняка-коклюша (АКДС3),Таласская область,94.0
2008,Доля целевой группы населения с доступом к 3 дозам дифтерии-столбняка-коклюша (АКДС3),Таласская область,94.8
2009,Доля целевой группы населения с доступом к 3 дозам дифтерии-столбняка-коклюша (АКДС3),Таласская область,94.6
2010,Доля целевой группы населения с доступом к 3 дозам дифтерии-столбняка-коклюша (АКДС3),Таласская область,96.8
2011,Доля целевой группы населения с доступом к 3 дозам дифтерии-столбняка-коклюша (АКДС3),Таласская область,95.3
2012,Доля целевой группы населения с доступом к 3 дозам дифтерии-столбняка-коклюша (АКДС3),Таласская область,96.0
2013,Доля целевой группы населения с доступом к 3 дозам дифтерии-столбняка-коклюша (АКДС3),Таласская область,96.2
2014,Доля целевой группы населения с доступом к 3 дозам дифтерии-столбняка-коклюша (АКДС3),Таласская область,93.4
2015,Доля целевой группы населения с доступом к 3 дозам дифтерии-столбняка-коклюша (АКДС3),Таласская область,96.8
2016,Доля целевой группы населения с доступом к 3 дозам дифтерии-столбняка-коклюша (АКДС3),Таласская область,95.2
2017,Доля целевой группы населения с доступом к 3 дозам дифтерии-столбняка-коклюша (АКДС3),Таласская область,93.1
2018,Доля целевой группы населения с доступом к 3 дозам дифтерии-столбняка-коклюша (АКДС3),Таласская область,95.3
2019,Доля целевой группы населения с доступом к 3 дозам дифтерии-столбняка-коклюша (АКДС3),Таласская область,92.698706
2020,Доля целевой группы населения с доступом к 3 дозам дифтерии-столбняка-коклюша (АКДС3),Таласская область,94.171956
2021,Доля целевой группы населения с доступом к 3 дозам дифтерии-столбняка-коклюша (АКДС3),Таласская область,90.746325
2007,Доля целевой группы населения с доступом к 3 дозам дифтерии-столбняка-коклюша (АКДС3),Чуйская область,94.0
2008,Доля целевой группы населения с доступом к 3 дозам дифтерии-столбняка-коклюша (АКДС3),Чуйская область,95.5
2009,Доля целевой группы населения с доступом к 3 дозам дифтерии-столбняка-коклюша (АКДС3),Чуйская область,95.5
2010,Доля целевой группы населения с доступом к 3 дозам дифтерии-столбняка-коклюша (АКДС3),Чуйская область,96.3
2011,Доля целевой группы населения с доступом к 3 дозам дифтерии-столбняка-коклюша (АКДС3),Чуйская область,96.8
2012,Доля целевой группы населения с доступом к 3 дозам дифтерии-столбняка-коклюша (АКДС3),Чуйская область,97.6
2013,Доля целевой группы населения с доступом к 3 дозам дифтерии-столбняка-коклюша (АКДС3),Чуйская область,96.3
2014,Доля целевой группы населения с доступом к 3 дозам дифтерии-столбняка-коклюша (АКДС3),Чуйская область,96.0
2015,Доля целевой группы населения с доступом к 3 дозам дифтерии-столбняка-коклюша (АКДС3),Чуйская область,97.0
2016,Доля целевой группы населения с доступом к 3 дозам дифтерии-столбняка-коклюша (АКДС3),Чуйская область,97.5
2017,Доля целевой группы населения с доступом к 3 дозам дифтерии-столбняка-коклюша (АКДС3),Чуйская область,91.8
2018,Доля целевой группы населения с доступом к 3 дозам дифтерии-столбняка-коклюша (АКДС3),Чуйская область,92.5
2019,Доля целевой группы населения с доступом к 3 дозам дифтерии-столбняка-коклюша (АКДС3),Чуйская область,91.652622
2020,Доля целевой группы населения с доступом к 3 дозам дифтерии-столбняка-коклюша (АКДС3),Чуйская область,89.92219
2021,Доля целевой группы населения с доступом к 3 дозам дифтерии-столбняка-коклюша (АКДС3),Чуйская область,90.894108
2007,Доля целевой группы населения с доступом к 3 дозам дифтерии-столбняка-коклюша (АКДС3),г. Бишкек,95.0
2008,Доля целевой группы населения с доступом к 3 дозам дифтерии-столбняка-коклюша (АКДС3),г. Бишкек,94.9
2009,Доля целевой группы населения с доступом к 3 дозам дифтерии-столбняка-коклюша (АКДС3),г. Бишкек,95.5
2010,Доля целевой группы населения с доступом к 3 дозам дифтерии-столбняка-коклюша (АКДС3),г. Бишкек,96.8
2011,Доля целевой группы населения с доступом к 3 дозам дифтерии-столбняка-коклюша (АКДС3),г. Бишкек,96.4
2012,Доля целевой группы населения с доступом к 3 дозам дифтерии-столбняка-коклюша (АКДС3),г. Бишкек,97.2
2013,Доля целевой группы населения с доступом к 3 дозам дифтерии-столбняка-коклюша (АКДС3),г. Бишкек,96.6
2014,Доля целевой группы населения с доступом к 3 дозам дифтерии-столбняка-коклюша (АКДС3),г. Бишкек,93.7
2015,Доля целевой группы населения с доступом к 3 дозам дифтерии-столбняка-коклюша (АКДС3),г. Бишкек,94.0
2016,Доля целевой группы населения с доступом к 3 дозам дифтерии-столбняка-коклюша (АКДС3),г. Бишкек,90.5
2017,Доля целевой группы населения с доступом к 3 дозам дифтерии-столбняка-коклюша (АКДС3),г. Бишкек,86.5
2018,Доля целевой группы населения с доступом к 3 дозам дифтерии-столбняка-коклюша (АКДС3),г. Бишкек,90.3
2019,Доля целевой группы населения с доступом к 3 дозам дифтерии-столбняка-коклюша (АКДС3),г. Бишкек,92.018905
2020,Доля целевой группы населения с доступом к 3 дозам дифтерии-столбняка-коклюша (АКДС3),г. Бишкек,73.377391
2021,Доля целевой группы населения с доступом к 3 дозам дифтерии-столбняка-коклюша (АКДС3),г. Бишкек,81.065681
2007,Доля целевой группы населения с доступом к 3 дозам дифтерии-столбняка-коклюша (АКДС3),г. Ош,95.2
2008,Доля целевой группы населения с доступом к 3 дозам дифтерии-столбняка-коклюша (АКДС3),г. Ош,96.7
2009,Доля целевой группы населения с доступом к 3 дозам дифтерии-столбняка-коклюша (АКДС3),г. Ош,95.4
2010,Доля целевой группы населения с доступом к 3 дозам дифтерии-столбняка-коклюша (АКДС3),г. Ош,95.7
2011,Доля целевой группы населения с доступом к 3 дозам дифтерии-столбняка-коклюша (АКДС3),г. Ош,95.2
2012,Доля целевой группы населения с доступом к 3 дозам дифтерии-столбняка-коклюша (АКДС3),г. Ош,98.5
2013,Доля целевой группы населения с доступом к 3 дозам дифтерии-столбняка-коклюша (АКДС3),г. Ош,99.2
2014,Доля целевой группы населения с доступом к 3 дозам дифтерии-столбняка-коклюша (АКДС3),г. Ош,96.0
2015,Доля целевой группы населения с доступом к 3 дозам дифтерии-столбняка-коклюша (АКДС3),г. Ош,97.6
2016,Доля целевой группы населения с доступом к 3 дозам дифтерии-столбняка-коклюша (АКДС3),г. Ош,96.7
2017,Доля целевой группы населения с доступом к 3 дозам дифтерии-столбняка-коклюша (АКДС3),г. Ош,98.0
2018,Доля целевой группы населения с доступом к 3 дозам дифтерии-столбняка-коклюша (АКДС3),г. Ош,95.2
2019,Доля целевой группы населения с доступом к 3 дозам дифтерии-столбняка-коклюша (АКДС3),г. Ош,95.586032
2020,Доля целевой группы населения с доступом к 3 дозам дифтерии-столбняка-коклюша (АКДС3),г. Ош,87.340379
2021,Доля целевой группы населения с доступом к 3 дозам дифтерии-столбняка-коклюша (АКДС3),г. Ош,85.088889
2007,"Доля целевой группы населения, имеющей доступ ко второй дозе вакцины против кори (MCV2)",,98.8
2008,"Доля целевой группы населения, имеющей доступ ко второй дозе вакцины против кори (MCV2)",,99.1
2009,"Доля целевой группы населения, имеющей доступ ко второй дозе вакцины против кори (MCV2)",,98.9
2010,"Доля целевой группы населения, имеющей доступ ко второй дозе вакцины против кори (MCV2)",,98.3
2011,"Доля целевой группы населения, имеющей доступ ко второй дозе вакцины против кори (MCV2)",,97.2
2012,"Доля целевой группы населения, имеющей доступ ко второй дозе вакцины против кори (MCV2)",,97.7
2013,"Доля целевой группы населения, имеющей доступ ко второй дозе вакцины против кори (MCV2)",,98.666102
2014,"Доля целевой группы населения, имеющей доступ ко второй дозе вакцины против кори (MCV2)",,95.6
2015,"Доля целевой группы населения, имеющей доступ ко второй дозе вакцины против кори (MCV2)",,99.1
2016,"Доля целевой группы населения, имеющей доступ ко второй дозе вакцины против кори (MCV2)",,97.0
2017,"Доля целевой группы населения, имеющей доступ ко второй дозе вакцины против кори (MCV2)",,94.7
2018,"Доля целевой группы населения, имеющей доступ ко второй дозе вакцины против кори (MCV2)",,96.244215
2019,"Доля целевой группы населения, имеющей доступ ко второй дозе вакцины против кори (MCV2)",,97.245414
2020,"Доля целевой группы населения, имеющей доступ ко второй дозе вакцины против кори (MCV2)",,93.789319
2021,"Доля целевой группы населения, имеющей доступ ко второй дозе вакцины против кори (MCV2)",,93.378399
2007,"Доля целевой группы населения, имеющей доступ ко второй дозе вакцины против кори (MCV2)",Баткенская область,99.2
2008,"Доля целевой группы населения, имеющей доступ ко второй дозе вакцины против кори (MCV2)",Баткенская область,99.0
2009,"Доля целевой группы населения, имеющей доступ ко второй дозе вакцины против кори (MCV2)",Баткенская область,99.9
2010,"Доля целевой группы населения, имеющей доступ ко второй дозе вакцины против кори (MCV2)",Баткенская область,97.2
2011,"Доля целевой группы населения, имеющей доступ ко второй дозе вакцины против кори (MCV2)",Баткенская область,95.7
2012,"Доля целевой группы населения, имеющей доступ ко второй дозе вакцины против кори (MCV2)",Баткенская область,100.0
2013,"Доля целевой группы населения, имеющей доступ ко второй дозе вакцины против кори (MCV2)",Баткенская область,99.9
2014,"Доля целевой группы населения, имеющей доступ ко второй дозе вакцины против кори (MCV2)",Баткенская область,98.9
2015,"Доля целевой группы населения, имеющей доступ ко второй дозе вакцины против кори (MCV2)",Баткенская область,97.6
2016,"Доля целевой группы населения, имеющей доступ ко второй дозе вакцины против кори (MCV2)",Баткенская область,99.9
2017,"Доля целевой группы населения, имеющей доступ ко второй дозе вакцины против кори (MCV2)",Баткенская область,98.7
2018,"Доля целевой группы населения, имеющей доступ ко второй дозе вакцины против кори (MCV2)",Баткенская область,92.454654
2019,"Доля целевой группы населения, имеющей доступ ко второй дозе вакцины против кори (MCV2)",Баткенская область,98.254513
2020,"Доля целевой группы населения, имеющей доступ ко второй дозе вакцины против кори (MCV2)",Баткенская область,98.728939
2021,"Доля целевой группы населения, имеющей доступ ко второй дозе вакцины против кори (MCV2)",Баткенская область,93.091417
2007,"Доля целевой группы населения, имеющей доступ ко второй дозе вакцины против кори (MCV2)",Джалал-Абадская область,97.8
2008,"Доля целевой группы населения, имеющей доступ ко второй дозе вакцины против кори (MCV2)",Джалал-Абадская область,99.2
2009,"Доля целевой группы населения, имеющей доступ ко второй дозе вакцины против кори (MCV2)",Джалал-Абадская область,98.3
2010,"Доля целевой группы населения, имеющей доступ ко второй дозе вакцины против кори (MCV2)",Джалал-Абадская область,98.3
2011,"Доля целевой группы населения, имеющей доступ ко второй дозе вакцины против кори (MCV2)",Джалал-Абадская область,100.0
2012,"Доля целевой группы населения, имеющей доступ ко второй дозе вакцины против кори (MCV2)",Джалал-Абадская область,99.0
2013,"Доля целевой группы населения, имеющей доступ ко второй дозе вакцины против кори (MCV2)",Джалал-Абадская область,99.6
2014,"Доля целевой группы населения, имеющей доступ ко второй дозе вакцины против кори (MCV2)",Джалал-Абадская область,91.7
2015,"Доля целевой группы населения, имеющей доступ ко второй дозе вакцины против кори (MCV2)",Джалал-Абадская область,100.0
2016,"Доля целевой группы населения, имеющей доступ ко второй дозе вакцины против кори (MCV2)",Джалал-Абадская область,95.7
2017,"Доля целевой группы населения, имеющей доступ ко второй дозе вакцины против кори (MCV2)",Джалал-Абадская область,88.8
2018,"Доля целевой группы населения, имеющей доступ ко второй дозе вакцины против кори (MCV2)",Джалал-Абадская область,93.49863
2019,"Доля целевой группы населения, имеющей доступ ко второй дозе вакцины против кори (MCV2)",Джалал-Абадская область,93.035179
2020,"Доля целевой группы населения, имеющей доступ ко второй дозе вакцины против кори (MCV2)",Джалал-Абадская область,91.334273
2021,"Доля целевой группы населения, имеющей доступ ко второй дозе вакцины против кори (MCV2)",Джалал-Абадская область,94.815062
2007,"Доля целевой группы населения, имеющей доступ ко второй дозе вакцины против кори (MCV2)",Иссык-Кульская область,99.0
2008,"Доля целевой группы населения, имеющей доступ ко второй дозе вакцины против кори (MCV2)",Иссык-Кульская область,99.7
2009,"Доля целевой группы населения, имеющей доступ ко второй дозе вакцины против кори (MCV2)",Иссык-Кульская область,99.7
2010,"Доля целевой группы населения, имеющей доступ ко второй дозе вакцины против кори (MCV2)",Иссык-Кульская область,99.2
2011,"Доля целевой группы населения, имеющей доступ ко второй дозе вакцины против кори (MCV2)",Иссык-Кульская область,96.9
2012,"Доля целевой группы населения, имеющей доступ ко второй дозе вакцины против кори (MCV2)",Иссык-Кульская область,95.7
2013,"Доля целевой группы населения, имеющей доступ ко второй дозе вакцины против кори (MCV2)",Иссык-Кульская область,97.4
2014,"Доля целевой группы населения, имеющей доступ ко второй дозе вакцины против кори (MCV2)",Иссык-Кульская область,95.6
2015,"Доля целевой группы населения, имеющей доступ ко второй дозе вакцины против кори (MCV2)",Иссык-Кульская область,98.9
2016,"Доля целевой группы населения, имеющей доступ ко второй дозе вакцины против кори (MCV2)",Иссык-Кульская область,97.7
2017,"Доля целевой группы населения, имеющей доступ ко второй дозе вакцины против кори (MCV2)",Иссык-Кульская область,95.1
2018,"Доля целевой группы населения, имеющей доступ ко второй дозе вакцины против кори (MCV2)",Иссык-Кульская область,96.51199
2019,"Доля целевой группы населения, имеющей доступ ко второй дозе вакцины против кори (MCV2)",Иссык-Кульская область,97.67698
2020,"Доля целевой группы населения, имеющей доступ ко второй дозе вакцины против кори (MCV2)",Иссык-Кульская область,96.09807
2021,"Доля целевой группы населения, имеющей доступ ко второй дозе вакцины против кори (MCV2)",Иссык-Кульская область,100.537815
2007,"Доля целевой группы населения, имеющей доступ ко второй дозе вакцины против кори (MCV2)",Нарынская область,99.4
2008,"Доля целевой группы населения, имеющей доступ ко второй дозе вакцины против кори (MCV2)",Нарынская область,99.1
2009,"Доля целевой группы населения, имеющей доступ ко второй дозе вакцины против кори (MCV2)",Нарынская область,98.9
2010,"Доля целевой группы населения, имеющей доступ ко второй дозе вакцины против кори (MCV2)",Нарынская область,99.5
2011,"Доля целевой группы населения, имеющей доступ ко второй дозе вакцины против кори (MCV2)",Нарынская область,96.7
2012,"Доля целевой группы населения, имеющей доступ ко второй дозе вакцины против кори (MCV2)",Нарынская область,97.6
2013,"Доля целевой группы населения, имеющей доступ ко второй дозе вакцины против кори (MCV2)",Нарынская область,97.3
2014,"Доля целевой группы населения, имеющей доступ ко второй дозе вакцины против кори (MCV2)",Нарынская область,97.7
2015,"Доля целевой группы населения, имеющей доступ ко второй дозе вакцины против кори (MCV2)",Нарынская область,98.1
2016,"Доля целевой группы населения, имеющей доступ ко второй дозе вакцины против кори (MCV2)",Нарынская область,98.1
2017,"Доля целевой группы населения, имеющей доступ ко второй дозе вакцины против кори (MCV2)",Нарынская область,97.0
2018,"Доля целевой группы населения, имеющей доступ ко второй дозе вакцины против кори (MCV2)",Нарынская область,97.646444
2019,"Доля целевой группы населения, имеющей доступ ко второй дозе вакцины против кори (MCV2)",Нарынская область,98.140747
2020,"Доля целевой группы населения, имеющей доступ ко второй дозе вакцины против кори (MCV2)",Нарынская область,96.233184
2021,"Доля целевой группы населения, имеющей доступ ко второй дозе вакцины против кори (MCV2)",Нарынская область,100.335258
2007,"Доля целевой группы населения, имеющей доступ ко второй дозе вакцины против кори (MCV2)",Ошская область,98.9
2008,"Доля целевой группы населения, имеющей доступ ко второй дозе вакцины против кори (MCV2)",Ошская область,99.5
2009,"Доля целевой группы населения, имеющей доступ ко второй дозе вакцины против кори (MCV2)",Ошская область,99.8
2010,"Доля целевой группы населения, имеющей доступ ко второй дозе вакцины против кори (MCV2)",Ошская область,99.7
2011,"Доля целевой группы населения, имеющей доступ ко второй дозе вакцины против кори (MCV2)",Ошская область,94.7
2012,"Доля целевой группы населения, имеющей доступ ко второй дозе вакцины против кори (MCV2)",Ошская область,96.6
2013,"Доля целевой группы населения, имеющей доступ ко второй дозе вакцины против кори (MCV2)",Ошская область,97.9
2014,"Доля целевой группы населения, имеющей доступ ко второй дозе вакцины против кори (MCV2)",Ошская область,96.1
2015,"Доля целевой группы населения, имеющей доступ ко второй дозе вакцины против кори (MCV2)",Ошская область,99.0
2016,"Доля целевой группы населения, имеющей доступ ко второй дозе вакцины против кори (MCV2)",Ошская область,99.2
2017,"Доля целевой группы населения, имеющей доступ ко второй дозе вакцины против кори (MCV2)",Ошская область,96.8
2018,"Доля целевой группы населения, имеющей доступ ко второй дозе вакцины против кори (MCV2)",Ошская область,98.10916
2019,"Доля целевой группы населения, имеющей доступ ко второй дозе вакцины против кори (MCV2)",Ошская область,99.619945
2020,"Доля целевой группы населения, имеющей доступ ко второй дозе вакцины против кори (MCV2)",Ошская область,97.454999
2021,"Доля целевой группы населения, имеющей доступ ко второй дозе вакцины против кори (MCV2)",Ошская область,93.789893
2007,"Доля целевой группы населения, имеющей доступ ко второй дозе вакцины против кори (MCV2)",Таласская область,98.6
2008,"Доля целевой группы населения, имеющей доступ ко второй дозе вакцины против кори (MCV2)",Таласская область,99.2
2009,"Доля целевой группы населения, имеющей доступ ко второй дозе вакцины против кори (MCV2)",Таласская область,97.6
2010,"Доля целевой группы населения, имеющей доступ ко второй дозе вакцины против кори (MCV2)",Таласская область,97.1
2011,"Доля целевой группы населения, имеющей доступ ко второй дозе вакцины против кори (MCV2)",Таласская область,97.7
2012,"Доля целевой группы населения, имеющей доступ ко второй дозе вакцины против кори (MCV2)",Таласская область,98.8
2013,"Доля целевой группы населения, имеющей доступ ко второй дозе вакцины против кори (MCV2)",Таласская область,97.7
2014,"Доля целевой группы населения, имеющей доступ ко второй дозе вакцины против кори (MCV2)",Таласская область,94.3
2015,"Доля целевой группы населения, имеющей доступ ко второй дозе вакцины против кори (MCV2)",Таласская область,97.1
2016,"Доля целевой группы населения, имеющей доступ ко второй дозе вакцины против кори (MCV2)",Таласская область,97.0
2017,"Доля целевой группы населения, имеющей доступ ко второй дозе вакцины против кори (MCV2)",Таласская область,95.6
2018,"Доля целевой группы населения, имеющей доступ ко второй дозе вакцины против кори (MCV2)",Таласская область,98.413291
2019,"Доля целевой группы населения, имеющей доступ ко второй дозе вакцины против кори (MCV2)",Таласская область,95.974889
2020,"Доля целевой группы населения, имеющей доступ ко второй дозе вакцины против кори (MCV2)",Таласская область,95.177033
2021,"Доля целевой группы населения, имеющей доступ ко второй дозе вакцины против кори (MCV2)",Таласская область,95.401432
2007,"Доля целевой группы населения, имеющей доступ ко второй дозе вакцины против кори (MCV2)",Чуйская область,99.1
2008,"Доля целевой группы населения, имеющей доступ ко второй дозе вакцины против кори (MCV2)",Чуйская область,97.4
2009,"Доля целевой группы населения, имеющей доступ ко второй дозе вакцины против кори (MCV2)",Чуйская область,98.7
2010,"Доля целевой группы населения, имеющей доступ ко второй дозе вакцины против кори (MCV2)",Чуйская область,96.4
2011,"Доля целевой группы населения, имеющей доступ ко второй дозе вакцины против кори (MCV2)",Чуйская область,97.1
2012,"Доля целевой группы населения, имеющей доступ ко второй дозе вакцины против кори (MCV2)",Чуйская область,96.4
2013,"Доля целевой группы населения, имеющей доступ ко второй дозе вакцины против кори (MCV2)",Чуйская область,99.3
2014,"Доля целевой группы населения, имеющей доступ ко второй дозе вакцины против кори (MCV2)",Чуйская область,96.5
2015,"Доля целевой группы населения, имеющей доступ ко второй дозе вакцины против кори (MCV2)",Чуйская область,98.6
2016,"Доля целевой группы населения, имеющей доступ ко второй дозе вакцины против кори (MCV2)",Чуйская область,95.0
2017,"Доля целевой группы населения, имеющей доступ ко второй дозе вакцины против кори (MCV2)",Чуйская область,96.3
2018,"Доля целевой группы населения, имеющей доступ ко второй дозе вакцины против кори (MCV2)",Чуйская область,97.43813
2019,"Доля целевой группы населения, имеющей доступ ко второй дозе вакцины против кори (MCV2)",Чуйская область,99.450649
2020,"Доля целевой группы населения, имеющей доступ ко второй дозе вакцины против кори (MCV2)",Чуйская область,97.514722
2021,"Доля целевой группы населения, имеющей доступ ко второй дозе вакцины против кори (MCV2)",Чуйская область,92.308749
2007,"Доля целевой группы населения, имеющей доступ ко второй дозе вакцины против кори (MCV2)",г. Бишкек,99.8
2008,"Доля целевой группы населения, имеющей доступ ко второй дозе вакцины против кори (MCV2)",г. Бишкек,99.9
2009,"Доля целевой группы населения, имеющей доступ ко второй дозе вакцины против кори (MCV2)",г. Бишкек,98.6
2010,"Доля целевой группы населения, имеющей доступ ко второй дозе вакцины против кори (MCV2)",г. Бишкек,99.0
2011,"Доля целевой группы населения, имеющей доступ ко второй дозе вакцины против кори (MCV2)",г. Бишкек,97.4
2012,"Доля целевой группы населения, имеющей доступ ко второй дозе вакцины против кори (MCV2)",г. Бишкек,97.7
2013,"Доля целевой группы населения, имеющей доступ ко второй дозе вакцины против кори (MCV2)",г. Бишкек,98.4
2014,"Доля целевой группы населения, имеющей доступ ко второй дозе вакцины против кори (MCV2)",г. Бишкек,95.6
2015,"Доля целевой группы населения, имеющей доступ ко второй дозе вакцины против кори (MCV2)",г. Бишкек,99.8
2016,"Доля целевой группы населения, имеющей доступ ко второй дозе вакцины против кори (MCV2)",г. Бишкек,95.1
2017,"Доля целевой группы населения, имеющей доступ ко второй дозе вакцины против кори (MCV2)",г. Бишкек,91.7
2018,"Доля целевой группы населения, имеющей доступ ко второй дозе вакцины против кори (MCV2)",г. Бишкек,96.281062
2019,"Доля целевой группы населения, имеющей доступ ко второй дозе вакцины против кори (MCV2)",г. Бишкек,96.444387
2020,"Доля целевой группы населения, имеющей доступ ко второй дозе вакцины против кори (MCV2)",г. Бишкек,83.697508
2021,"Доля целевой группы населения, имеющей доступ ко второй дозе вакцины против кори (MCV2)",г. Бишкек,89.338843
2007,"Доля целевой группы населения, имеющей доступ ко второй дозе вакцины против кори (MCV2)",г. Ош,98.8
2008,"Доля целевой группы населения, имеющей доступ ко второй дозе вакцины против кори (MCV2)",г. Ош,98.9
2009,"Доля целевой группы населения, имеющей доступ ко второй дозе вакцины против кори (MCV2)",г. Ош,98.2
2010,"Доля целевой группы населения, имеющей доступ ко второй дозе вакцины против кори (MCV2)",г. Ош,97.4
2011,"Доля целевой группы населения, имеющей доступ ко второй дозе вакцины против кори (MCV2)",г. Ош,99.7
2012,"Доля целевой группы населения, имеющей доступ ко второй дозе вакцины против кори (MCV2)",г. Ош,98.1
2013,"Доля целевой группы населения, имеющей доступ ко второй дозе вакцины против кори (MCV2)",г. Ош,98.7
2014,"Доля целевой группы населения, имеющей доступ ко второй дозе вакцины против кори (MCV2)",г. Ош,99.9
2015,"Доля целевой группы населения, имеющей доступ ко второй дозе вакцины против кори (MCV2)",г. Ош,99.7
2016,"Доля целевой группы населения, имеющей доступ ко второй дозе вакцины против кори (MCV2)",г. Ош,96.8
2017,"Доля целевой группы населения, имеющей доступ ко второй дозе вакцины против кори (MCV2)",г. Ош,97.7
2018,"Доля целевой группы населения, имеющей доступ ко второй дозе вакцины против кори (MCV2)",г. Ош,99.425085
2019,"Доля целевой группы населения, имеющей доступ ко второй дозе вакцины против кори (MCV2)",г. Ош,97.981883
2020,"Доля целевой группы населения, имеющей доступ ко второй дозе вакцины против кори (MCV2)",г. Ош,93.662127
2021,"Доля целевой группы населения, имеющей доступ ко второй дозе вакцины против кори (MCV2)",г. Ош,87.955556
2015,Доля целевой популяции с доступом к 3-й дозе пневмококкового конъюгата (PCV3),,96.8
2016,Доля целевой популяции с доступом к 3-й дозе пневмококкового конъюгата (PCV3),,97.2
2017,Доля целевой популяции с доступом к 3-й дозе пневмококкового конъюгата (PCV3),,94.2
2018,Доля целевой популяции с доступом к 3-й дозе пневмококкового конъюгата (PCV3),,92.0
2019,Доля целевой популяции с доступом к 3-й дозе пневмококкового конъюгата (PCV3),,95.083643
2020,Доля целевой популяции с доступом к 3-й дозе пневмококкового конъюгата (PCV3),,88.782542
2021,Доля целевой популяции с доступом к 3-й дозе пневмококкового конъюгата (PCV3),,89.631204
2015,Доля целевой популяции с доступом к 3-й дозе пневмококкового конъюгата (PCV3),Баткенская область,97.3
2016,Доля целевой популяции с доступом к 3-й дозе пневмококкового конъюгата (PCV3),Баткенская область,99.3
2017,Доля целевой популяции с доступом к 3-й дозе пневмококкового конъюгата (PCV3),Баткенская область,96.3
2018,Доля целевой популяции с доступом к 3-й дозе пневмококкового конъюгата (PCV3),Баткенская область,94.6
2019,Доля целевой популяции с доступом к 3-й дозе пневмококкового конъюгата (PCV3),Баткенская область,99.597512
2020,Доля целевой популяции с доступом к 3-й дозе пневмококкового конъюгата (PCV3),Баткенская область,83.440107
2021,Доля целевой популяции с доступом к 3-й дозе пневмококкового конъюгата (PCV3),Баткенская область,89.204466
2015,Доля целевой популяции с доступом к 3-й дозе пневмококкового конъюгата (PCV3),Джалал-Абадская область,97.3
2016,Доля целевой популяции с доступом к 3-й дозе пневмококкового конъюгата (PCV3),Джалал-Абадская область,95.9
2017,Доля целевой популяции с доступом к 3-й дозе пневмококкового конъюгата (PCV3),Джалал-Абадская область,94.5
2018,Доля целевой популяции с доступом к 3-й дозе пневмококкового конъюгата (PCV3),Джалал-Абадская область,93.8
2019,Доля целевой популяции с доступом к 3-й дозе пневмококкового конъюгата (PCV3),Джалал-Абадская область,90.089857
2020,Доля целевой популяции с доступом к 3-й дозе пневмококкового конъюгата (PCV3),Джалал-Абадская область,88.195819
2021,Доля целевой популяции с доступом к 3-й дозе пневмококкового конъюгата (PCV3),Джалал-Абадская область,84.751749
2015,Доля целевой популяции с доступом к 3-й дозе пневмококкового конъюгата (PCV3),Иссык-Кульская область,98.2
2016,Доля целевой популяции с доступом к 3-й дозе пневмококкового конъюгата (PCV3),Иссык-Кульская область,96.4
2017,Доля целевой популяции с доступом к 3-й дозе пневмококкового конъюгата (PCV3),Иссык-Кульская область,96.3
2018,Доля целевой популяции с доступом к 3-й дозе пневмококкового конъюгата (PCV3),Иссык-Кульская область,95.0
2019,Доля целевой популяции с доступом к 3-й дозе пневмококкового конъюгата (PCV3),Иссык-Кульская область,94.992818
2020,Доля целевой популяции с доступом к 3-й дозе пневмококкового конъюгата (PCV3),Иссык-Кульская область,88.268865
2021,Доля целевой популяции с доступом к 3-й дозе пневмококкового конъюгата (PCV3),Иссык-Кульская область,96.201681
2015,Доля целевой популяции с доступом к 3-й дозе пневмококкового конъюгата (PCV3),Нарынская область,96.8
2016,Доля целевой популяции с доступом к 3-й дозе пневмококкового конъюгата (PCV3),Нарынская область,96.7
2017,Доля целевой популяции с доступом к 3-й дозе пневмококкового конъюгата (PCV3),Нарынская область,97.0
2018,Доля целевой популяции с доступом к 3-й дозе пневмококкового конъюгата (PCV3),Нарынская область,95.1
2019,Доля целевой популяции с доступом к 3-й дозе пневмококкового конъюгата (PCV3),Нарынская область,97.283381
2020,Доля целевой популяции с доступом к 3-й дозе пневмококкового конъюгата (PCV3),Нарынская область,91.250904
2021,Доля целевой популяции с доступом к 3-й дозе пневмококкового конъюгата (PCV3),Нарынская область,95.567145
2015,Доля целевой популяции с доступом к 3-й дозе пневмококкового конъюгата (PCV3),Ошская область,96.3
2016,Доля целевой популяции с доступом к 3-й дозе пневмококкового конъюгата (PCV3),Ошская область,98.8
2017,Доля целевой популяции с доступом к 3-й дозе пневмококкового конъюгата (PCV3),Ошская область,97.2
2018,Доля целевой популяции с доступом к 3-й дозе пневмококкового конъюгата (PCV3),Ошская область,92.1
2019,Доля целевой популяции с доступом к 3-й дозе пневмококкового конъюгата (PCV3),Ошская область,98.41451
2020,Доля целевой популяции с доступом к 3-й дозе пневмококкового конъюгата (PCV3),Ошская область,95.711275
2021,Доля целевой популяции с доступом к 3-й дозе пневмококкового конъюгата (PCV3),Ошская область,91.330444
2015,Доля целевой популяции с доступом к 3-й дозе пневмококкового конъюгата (PCV3),Таласская область,97.2
2016,Доля целевой популяции с доступом к 3-й дозе пневмококкового конъюгата (PCV3),Таласская область,96.1
2017,Доля целевой популяции с доступом к 3-й дозе пневмококкового конъюгата (PCV3),Таласская область,94.0
2018,Доля целевой популяции с доступом к 3-й дозе пневмококкового конъюгата (PCV3),Таласская область,96.0
2019,Доля целевой популяции с доступом к 3-й дозе пневмококкового конъюгата (PCV3),Таласская область,94.297841
2020,Доля целевой популяции с доступом к 3-й дозе пневмококкового конъюгата (PCV3),Таласская область,95.762224
2021,Доля целевой популяции с доступом к 3-й дозе пневмококкового конъюгата (PCV3),Таласская область,91.368262
2015,Доля целевой популяции с доступом к 3-й дозе пневмококкового конъюгата (PCV3),Чуйская область,97.6
2016,Доля целевой популяции с доступом к 3-й дозе пневмококкового конъюгата (PCV3),Чуйская область,98.7
2017,Доля целевой популяции с доступом к 3-й дозе пневмококкового конъюгата (PCV3),Чуйская область,92.6
2018,Доля целевой популяции с доступом к 3-й дозе пневмококкового конъюгата (PCV3),Чуйская область,92.1
2019,Доля целевой популяции с доступом к 3-й дозе пневмококкового конъюгата (PCV3),Чуйская область,94.916128
2020,Доля целевой популяции с доступом к 3-й дозе пневмококкового конъюгата (PCV3),Чуйская область,90.955903
2021,Доля целевой популяции с доступом к 3-й дозе пневмококкового конъюгата (PCV3),Чуйская область,92.345374
2015,Доля целевой популяции с доступом к 3-й дозе пневмококкового конъюгата (PCV3),г. Бишкек,95.0
2016,Доля целевой популяции с доступом к 3-й дозе пневмококкового конъюгата (PCV3),г. Бишкек,94.8
2017,Доля целевой популяции с доступом к 3-й дозе пневмококкового конъюгата (PCV3),г. Бишкек,90.4
2018,Доля целевой популяции с доступом к 3-й дозе пневмококкового конъюгата (PCV3),г. Бишкек,83.4
2019,Доля целевой популяции с доступом к 3-й дозе пневмококкового конъюгата (PCV3),г. Бишкек,93.823491
2020,Доля целевой популяции с доступом к 3-й дозе пневмококкового конъюгата (PCV3),г. Бишкек,79.378126
2021,Доля целевой популяции с доступом к 3-й дозе пневмококкового конъюгата (PCV3),г. Бишкек,88.660287
2015,Доля целевой популяции с доступом к 3-й дозе пневмококкового конъюгата (PCV3),г. Ош,97.9
2016,Доля целевой популяции с доступом к 3-й дозе пневмококкового конъюгата (PCV3),г. Ош,96.8
2017,Доля целевой популяции с доступом к 3-й дозе пневмококкового конъюгата (PCV3),г. Ош,90.0
2018,Доля целевой популяции с доступом к 3-й дозе пневмококкового конъюгата (PCV3),г. Ош,93.9
2019,Доля целевой популяции с доступом к 3-й дозе пневмококкового конъюгата (PCV3),г. Ош,95.896254
2020,Доля целевой популяции с доступом к 3-й дозе пневмококкового конъюгата (PCV3),г. Ош,87.352779
2021,Доля целевой популяции с доступом к 3-й дозе пневмококкового конъюгата (PCV3),г. Ош,84.944444
