Year,concept.AGE,concept.EDUCATION_LEV,concept.COMPOSITE_BREAKDOWN,Value
2018,от 7 до 14 лет,,Навык: Функциональная грамотность,57.9
2018,от 8 до 9 лет,,Навык: Функциональная грамотность,47.4
2018,,"Некоторые программы начального образования, 2 или 3 классы",Навык: Функциональная грамотность,38.7
2018,от 7 до 14 лет,,Навык: Функциональный счет,51.3
2018,от 8 до 9 лет,,Навык: Функциональный счет,41.8
2018,,"Некоторые программы начального образования, 2 или 3 классы",Навык: Функциональный счет,30.1
