Year,SERIES,Территория,Пол,Возраст,Тип местности,Уровень дохода или квантиль благосостояния,Уровень образования,COMPOSITE_BREAKDOWN,Статус инвалидности,GeoCode,Value
2018,"Процентная доля детей в возрасте от 7 до 14 лет, кто успешно выполнил три задания на основополагающие умения и навыки чтения",,,,,,,,,,57.9
2023,"Процентная доля детей в возрасте от 7 до 14 лет, кто успешно выполнил три задания на основополагающие умения и навыки чтения",,,,,,,,,,68.5
2018,"Процентная доля детей в возрасте от 7 до 14 лет, кто успешно выполнил три задания на основополагающие умения и навыки чтения",,,,Городская,,,,,,66.7
2023,"Процентная доля детей в возрасте от 7 до 14 лет, кто успешно выполнил три задания на основополагающие умения и навыки чтения",,,,Городская,,,,,,75.3
2018,"Процентная доля детей в возрасте от 7 до 14 лет, кто успешно выполнил три задания на основополагающие умения и навыки чтения",,,,Сельская,,,,,,53.8
2023,"Процентная доля детей в возрасте от 7 до 14 лет, кто успешно выполнил три задания на основополагающие умения и навыки чтения",,,,Сельская,,,,,,65.6
2018,"Процентная доля детей в возрасте от 7 до 14 лет, кто успешно выполнил три задания на основополагающие умения и навыки чтения",,Мужчины,,,,,,,,55.8
2023,"Процентная доля детей в возрасте от 7 до 14 лет, кто успешно выполнил три задания на основополагающие умения и навыки чтения",,Мужчины,,,,,,,,66.9
2018,"Процентная доля детей в возрасте от 7 до 14 лет, кто успешно выполнил три задания на основополагающие умения и навыки чтения",,Женщины,,,,,,,,60.1
2023,"Процентная доля детей в возрасте от 7 до 14 лет, кто успешно выполнил три задания на основополагающие умения и навыки чтения",,Женщины,,,,,,,,70.1
2018,"Процентная доля детей в возрасте от 7 до 14 лет, кто успешно выполнил три задания на основополагающие умения и навыки чтения",Баткенская область,,,,,,,,KG05,66.0
2023,"Процентная доля детей в возрасте от 7 до 14 лет, кто успешно выполнил три задания на основополагающие умения и навыки чтения",Баткенская область,,,,,,,,KG05,81.1
2018,"Процентная доля детей в возрасте от 7 до 14 лет, кто успешно выполнил три задания на основополагающие умения и навыки чтения",Джалал-Абадская область,,,,,,,,KG03,50.0
2023,"Процентная доля детей в возрасте от 7 до 14 лет, кто успешно выполнил три задания на основополагающие умения и навыки чтения",Джалал-Абадская область,,,,,,,,KG03,76.5
2018,"Процентная доля детей в возрасте от 7 до 14 лет, кто успешно выполнил три задания на основополагающие умения и навыки чтения",Иссык-Кульская область,,,,,,,,KG02,65.0
2023,"Процентная доля детей в возрасте от 7 до 14 лет, кто успешно выполнил три задания на основополагающие умения и навыки чтения",Иссык-Кульская область,,,,,,,,KG02,84.4
2018,"Процентная доля детей в возрасте от 7 до 14 лет, кто успешно выполнил три задания на основополагающие умения и навыки чтения",Нарынская область,,,,,,,,KG04,39.0
2023,"Процентная доля детей в возрасте от 7 до 14 лет, кто успешно выполнил три задания на основополагающие умения и навыки чтения",Нарынская область,,,,,,,,KG04,58.2
2018,"Процентная доля детей в возрасте от 7 до 14 лет, кто успешно выполнил три задания на основополагающие умения и навыки чтения",Ошская область,,,,,,,,KG06,55.0
2023,"Процентная доля детей в возрасте от 7 до 14 лет, кто успешно выполнил три задания на основополагающие умения и навыки чтения",Ошская область,,,,,,,,KG06,56.6
2018,"Процентная доля детей в возрасте от 7 до 14 лет, кто успешно выполнил три задания на основополагающие умения и навыки чтения",Таласская область,,,,,,,,KG07,65.0
2023,"Процентная доля детей в возрасте от 7 до 14 лет, кто успешно выполнил три задания на основополагающие умения и навыки чтения",Таласская область,,,,,,,,KG07,75.5
2018,"Процентная доля детей в возрасте от 7 до 14 лет, кто успешно выполнил три задания на основополагающие умения и навыки чтения",Чуйская область,,,,,,,,KG08,49.0
2023,"Процентная доля детей в возрасте от 7 до 14 лет, кто успешно выполнил три задания на основополагающие умения и навыки чтения",Чуйская область,,,,,,,,KG08,58.1
2018,"Процентная доля детей в возрасте от 7 до 14 лет, кто успешно выполнил три задания на основополагающие умения и навыки чтения",г. Бишкек,,,,,,,,KG11,74.0
2023,"Процентная доля детей в возрасте от 7 до 14 лет, кто успешно выполнил три задания на основополагающие умения и навыки чтения",г. Бишкек,,,,,,,,KG11,85.7
2018,"Процентная доля детей в возрасте от 7 до 14 лет, кто успешно выполнил три задания на основополагающие умения и навыки чтения",г. Ош,,,,,,,,KG21,72.0
2023,"Процентная доля детей в возрасте от 7 до 14 лет, кто успешно выполнил три задания на основополагающие умения и навыки чтения",г. Ош,,,,,,,,KG21,57.0
2018,"Процентная доля детей в возрасте от 7 до 14 лет, кто успешно выполнил три задания на основополагающие умения и навыки чтения",,,,,,,В возрасте посещения 2-го/3-го класса,,,47.4
2023,"Процентная доля детей в возрасте от 7 до 14 лет, кто успешно выполнил три задания на основополагающие умения и навыки чтения",,,,,,,В возрасте посещения 2-го/3-го класса,,,53.7
2018,"Процентная доля детей в возрасте от 7 до 14 лет, кто успешно выполнил три задания на основополагающие умения и навыки чтения",,,8 лет,,,,,,,43.0
2023,"Процентная доля детей в возрасте от 7 до 14 лет, кто успешно выполнил три задания на основополагающие умения и навыки чтения",,,8 лет,,,,,,,46.6
2018,"Процентная доля детей в возрасте от 7 до 14 лет, кто успешно выполнил три задания на основополагающие умения и навыки чтения",,,9 лет,,,,,,,52.3
2023,"Процентная доля детей в возрасте от 7 до 14 лет, кто успешно выполнил три задания на основополагающие умения и навыки чтения",,,9 лет,,,,,,,60.5
2018,"Процентная доля детей в возрасте от 7 до 14 лет, кто успешно выполнил три задания на основополагающие умения и навыки чтения",,,,,,,Посещающие 4-й класс,,,58.1
2023,"Процентная доля детей в возрасте от 7 до 14 лет, кто успешно выполнил три задания на основополагающие умения и навыки чтения",,,,,,,Посещающие 4-й класс,,,67.6
2018,"Процентная доля детей в возрасте от 7 до 14 лет, кто успешно выполнил три задания на основополагающие умения и навыки чтения",,,,,,,Посещающие 9-й класс,,,78.6
2023,"Процентная доля детей в возрасте от 7 до 14 лет, кто успешно выполнил три задания на основополагающие умения и навыки чтения",,,,,,,Посещающие 9-й класс,,,89.1
2018,"Процентная доля детей в возрасте от 7 до 14 лет, кто успешно выполнил три задания на основополагающие умения и навыки чтения",,,,,,Первый этап среднего образования,,,,51.7
2023,"Процентная доля детей в возрасте от 7 до 14 лет, кто успешно выполнил три задания на основополагающие умения и навыки чтения",,,,,,Первый этап среднего образования,,,,51.6
2018,"Процентная доля детей в возрасте от 7 до 14 лет, кто успешно выполнил три задания на основополагающие умения и навыки чтения",,,,,,Второй этап среднего образования,,,,55.2
2023,"Процентная доля детей в возрасте от 7 до 14 лет, кто успешно выполнил три задания на основополагающие умения и навыки чтения",,,,,,Второй этап среднего образования,,,,66.8
2018,"Процентная доля детей в возрасте от 7 до 14 лет, кто успешно выполнил три задания на основополагающие умения и навыки чтения",,,,,,Послесреднее нетретичное образование,,,,59.6
2023,"Процентная доля детей в возрасте от 7 до 14 лет, кто успешно выполнил три задания на основополагающие умения и навыки чтения",,,,,,Послесреднее нетретичное образование,,,,73.4
2018,"Процентная доля детей в возрасте от 7 до 14 лет, кто успешно выполнил три задания на основополагающие умения и навыки чтения",,,,,,Высшее образование (бакалавриат и магистратура или эквиваленты),,,,64.0
2023,"Процентная доля детей в возрасте от 7 до 14 лет, кто успешно выполнил три задания на основополагающие умения и навыки чтения",,,,,,Высшее образование (бакалавриат и магистратура или эквиваленты),,,,72.6
2018,"Процентная доля детей в возрасте от 7 до 14 лет, кто успешно выполнил три задания на основополагающие умения и навыки чтения",,,,,,,,Ребенок с инвалидностью,,42.3
2023,"Процентная доля детей в возрасте от 7 до 14 лет, кто успешно выполнил три задания на основополагающие умения и навыки чтения",,,,,,,,Ребенок с инвалидностью,,70.1
2018,"Процентная доля детей в возрасте от 7 до 14 лет, кто успешно выполнил три задания на основополагающие умения и навыки чтения",,,,,,,,Ребенок без инвалидности,,59.4
2023,"Процентная доля детей в возрасте от 7 до 14 лет, кто успешно выполнил три задания на основополагающие умения и навыки чтения",,,,,,,,Ребенок без инвалидности,,68.4
2018,"Процентная доля детей в возрасте от 7 до 14 лет, кто успешно выполнил три задания на основополагающие умения и навыки чтения",,,,,,,,Наличие инвалидности у матери,,43.4
2023,"Процентная доля детей в возрасте от 7 до 14 лет, кто успешно выполнил три задания на основополагающие умения и навыки чтения",,,,,,,,Наличие инвалидности у матери,,58.9
2018,"Процентная доля детей в возрасте от 7 до 14 лет, кто успешно выполнил три задания на основополагающие умения и навыки чтения",,,,,,,,Отсутствие инвалидности у матери,,57.8
2023,"Процентная доля детей в возрасте от 7 до 14 лет, кто успешно выполнил три задания на основополагающие умения и навыки чтения",,,,,,,,Отсутствие инвалидности у матери,,66.8
2018,"Процентная доля детей в возрасте от 7 до 14 лет, кто успешно выполнил три задания на основополагающие умения и навыки чтения",,,,,,,,Нет информации,,61.0
2018,"Процентная доля детей в возрасте от 7 до 14 лет, кто успешно выполнил три задания на основополагающие умения и навыки чтения",,,,,Квинтиль 1 (беднейшие),,,,,53.1
2023,"Процентная доля детей в возрасте от 7 до 14 лет, кто успешно выполнил три задания на основополагающие умения и навыки чтения",,,,,Квинтиль 1 (беднейшие),,,,,59.5
2018,"Процентная доля детей в возрасте от 7 до 14 лет, кто успешно выполнил три задания на основополагающие умения и навыки чтения",,,,,Квинтиль 2,,,,,52.1
2023,"Процентная доля детей в возрасте от 7 до 14 лет, кто успешно выполнил три задания на основополагающие умения и навыки чтения",,,,,Квинтиль 2,,,,,67.3
2018,"Процентная доля детей в возрасте от 7 до 14 лет, кто успешно выполнил три задания на основополагающие умения и навыки чтения",,,,,Квинтиль 3,,,,,52.9
2023,"Процентная доля детей в возрасте от 7 до 14 лет, кто успешно выполнил три задания на основополагающие умения и навыки чтения",,,,,Квинтиль 3,,,,,67.0
2018,"Процентная доля детей в возрасте от 7 до 14 лет, кто успешно выполнил три задания на основополагающие умения и навыки чтения",,,,,Квинтиль 4,,,,,60.3
2023,"Процентная доля детей в возрасте от 7 до 14 лет, кто успешно выполнил три задания на основополагающие умения и навыки чтения",,,,,Квинтиль 4,,,,,73.0
2018,"Процентная доля детей в возрасте от 7 до 14 лет, кто успешно выполнил три задания на основополагающие умения и навыки чтения",,,,,Квинтиль 5 (богатейшие),,,,,76.6
2023,"Процентная доля детей в возрасте от 7 до 14 лет, кто успешно выполнил три задания на основополагающие умения и навыки чтения",,,,,Квинтиль 5 (богатейшие),,,,,78.2
2018,"Процентная доля детей в возрасте от 7 до 14 лет, кто успешно выполнил три задания на основополагающие умения и навыки счета",,,,,,,,,,51.3
2023,"Процентная доля детей в возрасте от 7 до 14 лет, кто успешно выполнил три задания на основополагающие умения и навыки счета",,,,,,,,,,57.0
2018,"Процентная доля детей в возрасте от 7 до 14 лет, кто успешно выполнил три задания на основополагающие умения и навыки счета",,,,Городская,,,,,,56.4
2023,"Процентная доля детей в возрасте от 7 до 14 лет, кто успешно выполнил три задания на основополагающие умения и навыки счета",,,,Городская,,,,,,62.7
2018,"Процентная доля детей в возрасте от 7 до 14 лет, кто успешно выполнил три задания на основополагающие умения и навыки счета",,,,Сельская,,,,,,49.0
2023,"Процентная доля детей в возрасте от 7 до 14 лет, кто успешно выполнил три задания на основополагающие умения и навыки счета",,,,Сельская,,,,,,54.6
2018,"Процентная доля детей в возрасте от 7 до 14 лет, кто успешно выполнил три задания на основополагающие умения и навыки счета",,Мужчины,,,,,,,,49.3
2023,"Процентная доля детей в возрасте от 7 до 14 лет, кто успешно выполнил три задания на основополагающие умения и навыки счета",,Мужчины,,,,,,,,57.0
2018,"Процентная доля детей в возрасте от 7 до 14 лет, кто успешно выполнил три задания на основополагающие умения и навыки счета",,Женщины,,,,,,,,53.5
2023,"Процентная доля детей в возрасте от 7 до 14 лет, кто успешно выполнил три задания на основополагающие умения и навыки счета",,Женщины,,,,,,,,56.9
2018,"Процентная доля детей в возрасте от 7 до 14 лет, кто успешно выполнил три задания на основополагающие умения и навыки счета",Баткенская область,,,,,,,,KG05,66.7
2023,"Процентная доля детей в возрасте от 7 до 14 лет, кто успешно выполнил три задания на основополагающие умения и навыки счета",Баткенская область,,,,,,,,KG05,73.9
2018,"Процентная доля детей в возрасте от 7 до 14 лет, кто успешно выполнил три задания на основополагающие умения и навыки счета",Джалал-Абадская область,,,,,,,,KG03,42.9
2023,"Процентная доля детей в возрасте от 7 до 14 лет, кто успешно выполнил три задания на основополагающие умения и навыки счета",Джалал-Абадская область,,,,,,,,KG03,61.6
2018,"Процентная доля детей в возрасте от 7 до 14 лет, кто успешно выполнил три задания на основополагающие умения и навыки счета",Иссык-Кульская область,,,,,,,,KG02,54.5
2023,"Процентная доля детей в возрасте от 7 до 14 лет, кто успешно выполнил три задания на основополагающие умения и навыки счета",Иссык-Кульская область,,,,,,,,KG02,69.6
2018,"Процентная доля детей в возрасте от 7 до 14 лет, кто успешно выполнил три задания на основополагающие умения и навыки счета",Нарынская область,,,,,,,,KG04,41.4
2023,"Процентная доля детей в возрасте от 7 до 14 лет, кто успешно выполнил три задания на основополагающие умения и навыки счета",Нарынская область,,,,,,,,KG04,50.9
2018,"Процентная доля детей в возрасте от 7 до 14 лет, кто успешно выполнил три задания на основополагающие умения и навыки счета",Ошская область,,,,,,,,KG06,49.2
2023,"Процентная доля детей в возрасте от 7 до 14 лет, кто успешно выполнил три задания на основополагающие умения и навыки счета",Ошская область,,,,,,,,KG06,51.2
2018,"Процентная доля детей в возрасте от 7 до 14 лет, кто успешно выполнил три задания на основополагающие умения и навыки счета",Таласская область,,,,,,,,KG07,49.3
2023,"Процентная доля детей в возрасте от 7 до 14 лет, кто успешно выполнил три задания на основополагающие умения и навыки счета",Таласская область,,,,,,,,KG07,65.3
2018,"Процентная доля детей в возрасте от 7 до 14 лет, кто успешно выполнил три задания на основополагающие умения и навыки счета",Чуйская область,,,,,,,,KG08,46.0
2023,"Процентная доля детей в возрасте от 7 до 14 лет, кто успешно выполнил три задания на основополагающие умения и навыки счета",Чуйская область,,,,,,,,KG08,37.8
2018,"Процентная доля детей в возрасте от 7 до 14 лет, кто успешно выполнил три задания на основополагающие умения и навыки счета",г. Бишкек,,,,,,,,KG11,64.5
2023,"Процентная доля детей в возрасте от 7 до 14 лет, кто успешно выполнил три задания на основополагающие умения и навыки счета",г. Бишкек,,,,,,,,KG11,73.8
2018,"Процентная доля детей в возрасте от 7 до 14 лет, кто успешно выполнил три задания на основополагающие умения и навыки счета",г. Ош,,,,,,,,KG21,54.2
2023,"Процентная доля детей в возрасте от 7 до 14 лет, кто успешно выполнил три задания на основополагающие умения и навыки счета",г. Ош,,,,,,,,KG21,51.5
2018,"Процентная доля детей в возрасте от 7 до 14 лет, кто успешно выполнил три задания на основополагающие умения и навыки счета",,,,,,,В возрасте посещения 2-го/3-го класса,,,41.8
2023,"Процентная доля детей в возрасте от 7 до 14 лет, кто успешно выполнил три задания на основополагающие умения и навыки счета",,,,,,,В возрасте посещения 2-го/3-го класса,,,41.9
2018,"Процентная доля детей в возрасте от 7 до 14 лет, кто успешно выполнил три задания на основополагающие умения и навыки счета",,,8 лет,,,,,,,32.6
2023,"Процентная доля детей в возрасте от 7 до 14 лет, кто успешно выполнил три задания на основополагающие умения и навыки счета",,,8 лет,,,,,,,34.1
2018,"Процентная доля детей в возрасте от 7 до 14 лет, кто успешно выполнил три задания на основополагающие умения и навыки счета",,,9 лет,,,,,,,52.0
2023,"Процентная доля детей в возрасте от 7 до 14 лет, кто успешно выполнил три задания на основополагающие умения и навыки счета",,,9 лет,,,,,,,49.4
2018,"Процентная доля детей в возрасте от 7 до 14 лет, кто успешно выполнил три задания на основополагающие умения и навыки счета",,,,,,,Посещающие 4-й класс,,,54.9
2023,"Процентная доля детей в возрасте от 7 до 14 лет, кто успешно выполнил три задания на основополагающие умения и навыки счета",,,,,,,Посещающие 4-й класс,,,58.0
2018,"Процентная доля детей в возрасте от 7 до 14 лет, кто успешно выполнил три задания на основополагающие умения и навыки счета",,,,,,,Посещающие 9-й класс,,,67.8
2023,"Процентная доля детей в возрасте от 7 до 14 лет, кто успешно выполнил три задания на основополагающие умения и навыки счета",,,,,,,Посещающие 9-й класс,,,80.1
2018,"Процентная доля детей в возрасте от 7 до 14 лет, кто успешно выполнил три задания на основополагающие умения и навыки счета",,,,,,Первый этап среднего образования,,,,40.3
2023,"Процентная доля детей в возрасте от 7 до 14 лет, кто успешно выполнил три задания на основополагающие умения и навыки счета",,,,,,Первый этап среднего образования,,,,42.0
2018,"Процентная доля детей в возрасте от 7 до 14 лет, кто успешно выполнил три задания на основополагающие умения и навыки счета",,,,,,Второй этап среднего образования,,,,51.3
2023,"Процентная доля детей в возрасте от 7 до 14 лет, кто успешно выполнил три задания на основополагающие умения и навыки счета",,,,,,Второй этап среднего образования,,,,55.5
2018,"Процентная доля детей в возрасте от 7 до 14 лет, кто успешно выполнил три задания на основополагающие умения и навыки счета",,,,,,Послесреднее нетретичное образование,,,,49.5
2023,"Процентная доля детей в возрасте от 7 до 14 лет, кто успешно выполнил три задания на основополагающие умения и навыки счета",,,,,,Послесреднее нетретичное образование,,,,62.5
2018,"Процентная доля детей в возрасте от 7 до 14 лет, кто успешно выполнил три задания на основополагающие умения и навыки счета",,,,,,Высшее образование (бакалавриат и магистратура или эквиваленты),,,,58.2
2023,"Процентная доля детей в возрасте от 7 до 14 лет, кто успешно выполнил три задания на основополагающие умения и навыки счета",,,,,,Высшее образование (бакалавриат и магистратура или эквиваленты),,,,60.1
2018,"Процентная доля детей в возрасте от 7 до 14 лет, кто успешно выполнил три задания на основополагающие умения и навыки счета",,,,,,,,Ребенок с инвалидностью,,39.0
2023,"Процентная доля детей в возрасте от 7 до 14 лет, кто успешно выполнил три задания на основополагающие умения и навыки счета",,,,,,,,Ребенок с инвалидностью,,44.9
2018,"Процентная доля детей в возрасте от 7 до 14 лет, кто успешно выполнил три задания на основополагающие умения и навыки счета",,,,,,,,Ребенок без инвалидности,,52.6
2023,"Процентная доля детей в возрасте от 7 до 14 лет, кто успешно выполнил три задания на основополагающие умения и навыки счета",,,,,,,,Ребенок без инвалидности,,57.7
2018,"Процентная доля детей в возрасте от 7 до 14 лет, кто успешно выполнил три задания на основополагающие умения и навыки счета",,,,,,,,Наличие инвалидности у матери,,47.9
2023,"Процентная доля детей в возрасте от 7 до 14 лет, кто успешно выполнил три задания на основополагающие умения и навыки счета",,,,,,,,Наличие инвалидности у матери,,56.5
2018,"Процентная доля детей в возрасте от 7 до 14 лет, кто успешно выполнил три задания на основополагающие умения и навыки счета",,,,,,,,Отсутствие инвалидности у матери,,52.0
2023,"Процентная доля детей в возрасте от 7 до 14 лет, кто успешно выполнил три задания на основополагающие умения и навыки счета",,,,,,,,Отсутствие инвалидности у матери,,55.2
2018,"Процентная доля детей в возрасте от 7 до 14 лет, кто успешно выполнил три задания на основополагающие умения и навыки счета",,,,,,,,Нет информации,,49.1
2018,"Процентная доля детей в возрасте от 7 до 14 лет, кто успешно выполнил три задания на основополагающие умения и навыки счета",,,,,Квинтиль 1 (беднейшие),,,,,50.8
2023,"Процентная доля детей в возрасте от 7 до 14 лет, кто успешно выполнил три задания на основополагающие умения и навыки счета",,,,,Квинтиль 1 (беднейшие),,,,,57.1
2018,"Процентная доля детей в возрасте от 7 до 14 лет, кто успешно выполнил три задания на основополагающие умения и навыки счета",,,,,Квинтиль 2,,,,,42.6
2023,"Процентная доля детей в возрасте от 7 до 14 лет, кто успешно выполнил три задания на основополагающие умения и навыки счета",,,,,Квинтиль 2,,,,,50.8
2018,"Процентная доля детей в возрасте от 7 до 14 лет, кто успешно выполнил три задания на основополагающие умения и навыки счета",,,,,Квинтиль 3,,,,,52.1
2023,"Процентная доля детей в возрасте от 7 до 14 лет, кто успешно выполнил три задания на основополагающие умения и навыки счета",,,,,Квинтиль 3,,,,,54.3
2018,"Процентная доля детей в возрасте от 7 до 14 лет, кто успешно выполнил три задания на основополагающие умения и навыки счета",,,,,Квинтиль 4,,,,,50.1
2023,"Процентная доля детей в возрасте от 7 до 14 лет, кто успешно выполнил три задания на основополагающие умения и навыки счета",,,,,Квинтиль 4,,,,,59.2
2018,"Процентная доля детей в возрасте от 7 до 14 лет, кто успешно выполнил три задания на основополагающие умения и навыки счета",,,,,Квинтиль 5 (богатейшие),,,,,64.4
2023,"Процентная доля детей в возрасте от 7 до 14 лет, кто успешно выполнил три задания на основополагающие умения и навыки счета",,,,,Квинтиль 5 (богатейшие),,,,,65.5
