Year,Пол,Возраст,Уровень образования,Value
2010,,от 15 до 17 лет,Среднее и послесреднее нетретичное образование (среднее),9.0
2013,,от 15 до 17 лет,Среднее и послесреднее нетретичное образование (среднее),9.4
2014,,от 15 до 17 лет,Среднее и послесреднее нетретичное образование (среднее),9.3
2015,,от 15 до 17 лет,Среднее и послесреднее нетретичное образование (среднее),9.5
2016,,от 15 до 17 лет,Среднее и послесреднее нетретичное образование (среднее),10.4
2017,,от 15 до 17 лет,Среднее и послесреднее нетретичное образование (среднее),10.9
2018,,от 15 до 17 лет,Среднее и послесреднее нетретичное образование (среднее),10.1
2019,,от 15 до 17 лет,Среднее и послесреднее нетретичное образование (среднее),9.5
2020,,от 15 до 17 лет,Среднее и послесреднее нетретичное образование (среднее),10.0
2021,,от 15 до 17 лет,Среднее и послесреднее нетретичное образование (среднее),10.8
2022,,от 15 до 17 лет,Среднее и послесреднее нетретичное образование (среднее),9.224469
2010,Женщины,от 15 до 17 лет,Среднее и послесреднее нетретичное образование (среднее),5.4
2013,Женщины,от 15 до 17 лет,Среднее и послесреднее нетретичное образование (среднее),6.0
2014,Женщины,от 15 до 17 лет,Среднее и послесреднее нетретичное образование (среднее),5.6
2015,Женщины,от 15 до 17 лет,Среднее и послесреднее нетретичное образование (среднее),5.8
2016,Женщины,от 15 до 17 лет,Среднее и послесреднее нетретичное образование (среднее),6.3
2017,Женщины,от 15 до 17 лет,Среднее и послесреднее нетретичное образование (среднее),6.9
2018,Женщины,от 15 до 17 лет,Среднее и послесреднее нетретичное образование (среднее),6.2
2019,Женщины,от 15 до 17 лет,Среднее и послесреднее нетретичное образование (среднее),5.9
2020,Женщины,от 15 до 17 лет,Среднее и послесреднее нетретичное образование (среднее),6.4
2021,Женщины,от 15 до 17 лет,Среднее и послесреднее нетретичное образование (среднее),5.2
2022,Женщины,от 15 до 17 лет,Среднее и послесреднее нетретичное образование (среднее),4.606854
2010,Мужчины,от 15 до 17 лет,Среднее и послесреднее нетретичное образование (среднее),12.5
2013,Мужчины,от 15 до 17 лет,Среднее и послесреднее нетретичное образование (среднее),12.6
2014,Мужчины,от 15 до 17 лет,Среднее и послесреднее нетретичное образование (среднее),12.9
2015,Мужчины,от 15 до 17 лет,Среднее и послесреднее нетретичное образование (среднее),13.1
2016,Мужчины,от 15 до 17 лет,Среднее и послесреднее нетретичное образование (среднее),14.3
2017,Мужчины,от 15 до 17 лет,Среднее и послесреднее нетретичное образование (среднее),14.7
2018,Мужчины,от 15 до 17 лет,Среднее и послесреднее нетретичное образование (среднее),13.9
2019,Мужчины,от 15 до 17 лет,Среднее и послесреднее нетретичное образование (среднее),13.1
2020,Мужчины,от 15 до 17 лет,Среднее и послесреднее нетретичное образование (среднее),13.5
2021,Мужчины,от 15 до 17 лет,Среднее и послесреднее нетретичное образование (среднее),16.2
2022,Мужчины,от 15 до 17 лет,Среднее и послесреднее нетретичное образование (среднее),13.54391
2010,,от 17 до 20 лет,Короткий цикл третичного образования,13.6
2013,,от 17 до 20 лет,Короткий цикл третичного образования,20.3
2014,,от 17 до 20 лет,Короткий цикл третичного образования,21.8
2015,,от 17 до 20 лет,Короткий цикл третичного образования,21.1
2016,,от 17 до 20 лет,Короткий цикл третичного образования,22.0
2017,,от 17 до 20 лет,Короткий цикл третичного образования,22.8
2018,,от 17 до 20 лет,Короткий цикл третичного образования,23.1
2019,,от 17 до 20 лет,Короткий цикл третичного образования,23.4
2020,,от 17 до 20 лет,Короткий цикл третичного образования,24.3
2021,,от 17 до 20 лет,Короткий цикл третичного образования,24.2
2022,,от 17 до 20 лет,Короткий цикл третичного образования,24.703328
2010,Женщины,от 17 до 20 лет,Короткий цикл третичного образования,16.0
2013,Женщины,от 17 до 20 лет,Короткий цикл третичного образования,23.8
2014,Женщины,от 17 до 20 лет,Короткий цикл третичного образования,24.3
2015,Женщины,от 17 до 20 лет,Короткий цикл третичного образования,24.2
2016,Женщины,от 17 до 20 лет,Короткий цикл третичного образования,25.2
2017,Женщины,от 17 до 20 лет,Короткий цикл третичного образования,26.4
2018,Женщины,от 17 до 20 лет,Короткий цикл третичного образования,26.4
2019,Женщины,от 17 до 20 лет,Короткий цикл третичного образования,26.8
2020,Женщины,от 17 до 20 лет,Короткий цикл третичного образования,27.8
2021,Женщины,от 17 до 20 лет,Короткий цикл третичного образования,27.6
2022,Женщины,от 17 до 20 лет,Короткий цикл третичного образования,28.608474
2010,Мужчины,от 17 до 20 лет,Короткий цикл третичного образования,11.2
2013,Мужчины,от 17 до 20 лет,Короткий цикл третичного образования,16.8
2014,Мужчины,от 17 до 20 лет,Короткий цикл третичного образования,18.0
2015,Мужчины,от 17 до 20 лет,Короткий цикл третичного образования,18.0
2016,Мужчины,от 17 до 20 лет,Короткий цикл третичного образования,18.8
2017,Мужчины,от 17 до 20 лет,Короткий цикл третичного образования,19.3
2018,Мужчины,от 17 до 20 лет,Короткий цикл третичного образования,19.9
2019,Мужчины,от 17 до 20 лет,Короткий цикл третичного образования,20.1
2020,Мужчины,от 17 до 20 лет,Короткий цикл третичного образования,20.9
2021,Мужчины,от 17 до 20 лет,Короткий цикл третичного образования,20.9
2022,Мужчины,от 17 до 20 лет,Короткий цикл третичного образования,20.904451
2010,,от 17 до 24 лет,Высшее образование (бакалавриат и магистратура или эквиваленты),24.3
2013,,от 17 до 24 лет,Высшее образование (бакалавриат и магистратура или эквиваленты),24.3
2014,,от 17 до 24 лет,Высшее образование (бакалавриат и магистратура или эквиваленты),23.8
2015,,от 17 до 24 лет,Высшее образование (бакалавриат и магистратура или эквиваленты),22.6
2016,,от 17 до 24 лет,Высшее образование (бакалавриат и магистратура или эквиваленты),20.2
2017,,от 17 до 24 лет,Высшее образование (бакалавриат и магистратура или эквиваленты),19.1
2018,,от 17 до 24 лет,Высшее образование (бакалавриат и магистратура или эквиваленты),19.8
2019,,от 17 до 24 лет,Высшее образование (бакалавриат и магистратура или эквиваленты),22.6
2020,,от 17 до 24 лет,Высшее образование (бакалавриат и магистратура или эквиваленты),26.7
2021,,от 17 до 24 лет,Высшее образование (бакалавриат и магистратура или эквиваленты),28.5
2022,,от 17 до 24 лет,Высшее образование (бакалавриат и магистратура или эквиваленты),26.720095
2010,Женщины,от 17 до 24 лет,Высшее образование (бакалавриат и магистратура или эквиваленты),26.3
2013,Женщины,от 17 до 24 лет,Высшее образование (бакалавриат и магистратура или эквиваленты),26.7
2014,Женщины,от 17 до 24 лет,Высшее образование (бакалавриат и магистратура или эквиваленты),26.5
2015,Женщины,от 17 до 24 лет,Высшее образование (бакалавриат и магистратура или эквиваленты),24.6
2016,Женщины,от 17 до 24 лет,Высшее образование (бакалавриат и магистратура или эквиваленты),22.2
2017,Женщины,от 17 до 24 лет,Высшее образование (бакалавриат и магистратура или эквиваленты),20.6
2018,Женщины,от 17 до 24 лет,Высшее образование (бакалавриат и магистратура или эквиваленты),21.3
2019,Женщины,от 17 до 24 лет,Высшее образование (бакалавриат и магистратура или эквиваленты),24.0
2020,Женщины,от 17 до 24 лет,Высшее образование (бакалавриат и магистратура или эквиваленты),28.4
2021,Женщины,от 17 до 24 лет,Высшее образование (бакалавриат и магистратура или эквиваленты),29.7
2022,Женщины,от 17 до 24 лет,Высшее образование (бакалавриат и магистратура или эквиваленты),27.704327
2010,Мужчины,от 17 до 24 лет,Высшее образование (бакалавриат и магистратура или эквиваленты),22.4
2013,Мужчины,от 17 до 24 лет,Высшее образование (бакалавриат и магистратура или эквиваленты),21.8
2014,Мужчины,от 17 до 24 лет,Высшее образование (бакалавриат и магистратура или эквиваленты),21.2
2015,Мужчины,от 17 до 24 лет,Высшее образование (бакалавриат и магистратура или эквиваленты),20.6
2016,Мужчины,от 17 до 24 лет,Высшее образование (бакалавриат и магистратура или эквиваленты),18.3
2017,Мужчины,от 17 до 24 лет,Высшее образование (бакалавриат и магистратура или эквиваленты),17.4
2018,Мужчины,от 17 до 24 лет,Высшее образование (бакалавриат и магистратура или эквиваленты),18.3
2019,Мужчины,от 17 до 24 лет,Высшее образование (бакалавриат и магистратура или эквиваленты),21.2
2020,Мужчины,от 17 до 24 лет,Высшее образование (бакалавриат и магистратура или эквиваленты),25.0
2021,Мужчины,от 17 до 24 лет,Высшее образование (бакалавриат и магистратура или эквиваленты),27.5
2022,Мужчины,от 17 до 24 лет,Высшее образование (бакалавриат и магистратура или эквиваленты),25.731792
