Year,Пол,Возраст,Уровень образования,Составная разбивка,Value
2009,,,,,2093
2010,,,,,1789
2011,,,,,1809
2012,,,,,2415
2013,,,,,2339
2014,,,,,2629
2015,,,,,3333
2016,,,,,7005
2017,,,,,7323
2018,,,,,7178
2019,,,,,6145
2009,Женщины,,,,1927
2010,Женщины,,,,1659
2011,Женщины,,,,1714
2012,Женщины,,,,2341
2013,Женщины,,,,2269
2014,Женщины,,,,2531
2015,Женщины,,,,3229
2016,Женщины,,,,6795
2017,Женщины,,,,6966
2018,Женщины,,,,6562
2019,Женщины,,,,5659
2009,Мужчины,,,,166
2010,Мужчины,,,,130
2011,Мужчины,,,,95
2012,Мужчины,,,,74
2013,Мужчины,,,,70
2014,Мужчины,,,,98
2015,Мужчины,,,,104
2016,Мужчины,,,,210
2017,Мужчины,,,,357
2018,Мужчины,,,,616
2019,Мужчины,,,,486
2009,,до 20 лет,,,126
2010,,до 20 лет,,,212
2011,,до 20 лет,,,37
2012,,до 20 лет,,,92
2013,,до 20 лет,,,73
2014,,до 20 лет,,,100
2015,,до 20 лет,,,134
2016,,до 20 лет,,,533
2017,,до 20 лет,,,394
2018,,до 20 лет,,,250
2019,,до 20 лет,,,561
2009,,от 21 до 30 лет,,,738
2010,,от 21 до 30 лет,,,634
2011,,от 21 до 30 лет,,,476
2012,,от 21 до 30 лет,,,654
2013,,от 21 до 30 лет,,,678
2014,,от 21 до 30 лет,,,837
2015,,от 21 до 30 лет,,,1054
2016,,от 21 до 30 лет,,,2085
2017,,от 21 до 30 лет,,,1888
2018,,от 21 до 30 лет,,,2108
2019,,от 21 до 30 лет,,,1879
2009,,от 31 до 40 лет,,,762
2010,,от 31 до 40 лет,,,552
2011,,от 31 до 40 лет,,,687
2012,,от 31 до 40 лет,,,1108
2013,,от 31 до 40 лет,,,957
2014,,от 31 до 40 лет,,,904
2015,,от 31 до 40 лет,,,1264
2016,,от 31 до 40 лет,,,2422
2017,,от 31 до 40 лет,,,2531
2018,,от 31 до 40 лет,,,2385
2019,,от 31 до 40 лет,,,1974
2009,,от 41 до 50 лет,,,336
2010,,от 41 до 50 лет,,,283
2011,,от 41 до 50 лет,,,461
2012,,от 41 до 50 лет,,,424
2013,,от 41 до 50 лет,,,463
2014,,от 41 до 50 лет,,,482
2015,,от 41 до 50 лет,,,625
2016,,от 41 до 50 лет,,,1435
2017,,от 41 до 50 лет,,,1496
2018,,от 41 до 50 лет,,,1550
2019,,от 41 до 50 лет,,,1121
2009,,51 лет и старше,,,131
2010,,51 лет и старше,,,108
2011,,51 лет и старше,,,148
2012,,51 лет и старше,,,137
2013,,51 лет и старше,,,168
2014,,51 лет и старше,,,296
2015,,51 лет и старше,,,256
2016,,51 лет и старше,,,530
2017,,51 лет и старше,,,1014
2018,,51 лет и старше,,,885
2019,,51 лет и старше,,,610
2009,,,Магистратура или её эквивалент,,264
2010,,,Магистратура или её эквивалент,,141
2011,,,Магистратура или её эквивалент,,156
2012,,,Магистратура или её эквивалент,,222
2013,,,Магистратура или её эквивалент,,174
2014,,,Магистратура или её эквивалент,,246
2015,,,Магистратура или её эквивалент,,276
2016,,,Магистратура или её эквивалент,,559
2017,,,Магистратура или её эквивалент,,650
2018,,,Магистратура или её эквивалент,,818
2019,,,Магистратура или её эквивалент,,728
2009,,,Бакалавриат или его эквивалент,,131
2010,,,Бакалавриат или его эквивалент,,191
2011,,,Бакалавриат или его эквивалент,,164
2012,,,Бакалавриат или его эквивалент,,121
2013,,,Бакалавриат или его эквивалент,,87
2014,,,Бакалавриат или его эквивалент,,173
2015,,,Бакалавриат или его эквивалент,,159
2016,,,Бакалавриат или его эквивалент,,576
2017,,,Бакалавриат или его эквивалент,,585
2018,,,Бакалавриат или его эквивалент,,685
2019,,,Бакалавриат или его эквивалент,,407
2009,,,Короткий цикл третичного образования,,523
2010,,,Короткий цикл третичного образования,,495
2011,,,Короткий цикл третичного образования,,359
2012,,,Короткий цикл третичного образования,,421
2013,,,Короткий цикл третичного образования,,483
2014,,,Короткий цикл третичного образования,,318
2015,,,Короткий цикл третичного образования,,563
2016,,,Короткий цикл третичного образования,,1226
2017,,,Короткий цикл третичного образования,,1035
2018,,,Короткий цикл третичного образования,,1223
2019,,,Короткий цикл третичного образования,,1177
2009,,,Второй этап среднего образования,,1101
2010,,,Второй этап среднего образования,,795
2011,,,Второй этап среднего образования,,1072
2012,,,Второй этап среднего образования,,1647
2013,,,Второй этап среднего образования,,1588
2014,,,Второй этап среднего образования,,1839
2015,,,Второй этап среднего образования,,2195
2016,,,Второй этап среднего образования,,4436
2017,,,Второй этап среднего образования,,4793
2018,,,Второй этап среднего образования,,4228
2019,,,Второй этап среднего образования,,3381
2009,,,,Образование: Другое,74
2010,,,,Образование: Другое,167
2011,,,,Образование: Другое,58
2012,,,,Образование: Другое,4
2013,,,,Образование: Другое,7
2014,,,,Образование: Другое,42
2015,,,,Образование: Другое,140
2016,,,,Образование: Другое,208
2017,,,,Образование: Другое,260
2018,,,,Образование: Другое,224
2019,,,,Образование: Другое,452
2009,,,,Занятость: работают ,533
2010,,,,Занятость: работают ,560
2011,,,,Занятость: работают ,493
2012,,,,Занятость: работают ,478
2013,,,,Занятость: работают ,383
2014,,,,Занятость: работают ,464
2015,,,,Занятость: работают ,646
2016,,,,Занятость: работают ,1658
2017,,,,Занятость: работают ,1516
2018,,,,Занятость: работают ,1818
2019,,,,Занятость: работают ,1178
2009,,,,Занятость: не работают,1384
2010,,,,Занятость: не работают,1106
2011,,,,Занятость: не работают,1232
2012,,,,Занятость: не работают,1814
2013,,,,Занятость: не работают,1810
2014,,,,Занятость: не работают,1916
2015,,,,Занятость: не работают,2428
2016,,,,Занятость: не работают,4906
2017,,,,Занятость: не работают,5164
2018,,,,Занятость: не работают,4681
2019,,,,Занятость: не работают,4290
2009,,,,"Занятость: учащиеся, студенты",82
2010,,,,"Занятость: учащиеся, студенты",30
2011,,,,"Занятость: учащиеся, студенты",14
2012,,,,"Занятость: учащиеся, студенты",36
2013,,,,"Занятость: учащиеся, студенты",61
2014,,,,"Занятость: учащиеся, студенты",95
2015,,,,"Занятость: учащиеся, студенты",94
2016,,,,"Занятость: учащиеся, студенты",74
2017,,,,"Занятость: учащиеся, студенты",120
2018,,,,"Занятость: учащиеся, студенты",364
2019,,,,"Занятость: учащиеся, студенты",318
2009,,,,Занятость: пенсионеры,94
2010,,,,Занятость: пенсионеры,93
2011,,,,Занятость: пенсионеры,70
2012,,,,Занятость: пенсионеры,87
2013,,,,Занятость: пенсионеры,85
2014,,,,Занятость: пенсионеры,143
2015,,,,Занятость: пенсионеры,165
2016,,,,Занятость: пенсионеры,367
2017,,,,Занятость: пенсионеры,523
2018,,,,Занятость: пенсионеры,315
2019,,,,Занятость: пенсионеры,359
