Year,Территория,Местность,Пол,Возраст,Уровень образования,Value
2016,Кыргызская Республика,,,,,76.66
2017,Кыргызская Республика,,,,,79.59
2018,Кыргызская Республика,,,,,75.69
2016,Кыргызская Республика,Городская,,,,86.92
2017,Кыргызская Республика,Городская,,,,88.37
2018,Кыргызская Республика,Городская,,,,88.61
2016,Кыргызская Республика,Сельская,,,,71.08
2017,Кыргызская Республика,Сельская,,,,74.83
2018,Кыргызская Республика,Сельская,,,,68.68
2016,Кыргызская Республика,,Мужчины,,,76.07
2017,Кыргызская Республика,,Мужчины,,,79.16
2018,Кыргызская Республика,,Мужчины,,,74.69
2016,Кыргызская Республика,,Женщины,,,77.19
2017,Кыргызская Республика,,Женщины,,,79.98
2018,Кыргызская Республика,,Женщины,,,76.59
2016,Баткенская область,,,,,75.84
2017,Баткенская область,,,,,70.83
2018,Баткенская область,,,,,71.77
2016,Джалал-Абадская область,,,,,76.7
2017,Джалал-Абадская область,,,,,74.37
2018,Джалал-Абадская область,,,,,64.44
2016,Иссык-Кульская область,,,,,47.35
2017,Иссык-Кульская область,,,,,57.48
2018,Иссык-Кульская область,,,,,67.01
2016,Нарынская область,,,,,77.44
2017,Нарынская область,,,,,79.32
2018,Нарынская область,,,,,79.01
2016,Ошская область,,,,,74.64
2017,Ошская область,,,,,79.02
2018,Ошская область,,,,,66.58
2016,Таласская область,,,,,73.72
2017,Таласская область,,,,,74.07
2018,Таласская область,,,,,53.97
2016,Чуйская область,,,,,72.26
2017,Чуйская область,,,,,82.94
2018,Чуйская область,,,,,88.43
2016,г. Бишкек,,,,,91.99
2017,г. Бишкек,,,,,95.05
2018,г. Бишкек,,,,,93.87
2016,г. Ош,,,,,100.0
2017,г. Ош,,,,,99.42
2018,г. Ош,,,,,100.0
2016,Кыргызская Республика,,,Дети в возрасте 0-6 лет,,75.93
2017,Кыргызская Республика,,,Дети в возрасте 0-6 лет,,77.9
2018,Кыргызская Республика,,,Дети в возрасте 0-6 лет,,75.28
2016,Кыргызская Республика,,,Дети в возрасте 7-14 лет,,76.34
2017,Кыргызская Республика,,,Дети в возрасте 7-14 лет,,78.4
2018,Кыргызская Республика,,,Дети в возрасте 7-14 лет,,75.8
2016,Кыргызская Республика,,,"Молодёжь, 15-28 лет",,77.13
2017,Кыргызская Республика,,,"Молодёжь, 15-28 лет",,81.3
2018,Кыргызская Республика,,,"Молодёжь, 15-28 лет",,74.3
2016,Кыргызская Республика,,,Взрослое население трудоспособного возраста (от 29 лет),,76.83
2017,Кыргызская Республика,,,Взрослое население трудоспособного возраста (от 29 лет),,79.63
2018,Кыргызская Республика,,,Взрослое население трудоспособного возраста (от 29 лет),,76.52
2016,Кыргызская Республика,,,"Старше трудоспособного возраста (женщины 58 лет и старше, мужчины 63 лет и старше)",,76.79
2017,Кыргызская Республика,,,"Старше трудоспособного возраста (женщины 58 лет и старше, мужчины 63 лет и старше)",,80.93
2018,Кыргызская Республика,,,"Старше трудоспособного возраста (женщины 58 лет и старше, мужчины 63 лет и старше)",,75.76
2016,Кыргызская Республика,,,,Начальное и ниже,75.22
2017,Кыргызская Республика,,,,Начальное и ниже,78.3
2018,Кыргызская Республика,,,,Начальное и ниже,75.14
2016,Кыргызская Республика,,,,Основное общее,80.23
2017,Кыргызская Республика,,,,Основное общее,79.02
2018,Кыргызская Республика,,,,Основное общее,76.53
2016,Кыргызская Республика,,,,Среднее общее,75.04
2017,Кыргызская Республика,,,,Среднее общее,78.35
2018,Кыргызская Республика,,,,Среднее общее,72.09
2016,Кыргызская Республика,,,,Профессиональное среднее/общее,78.37
2017,Кыргызская Республика,,,,Профессиональное среднее/общее,83.85
2018,Кыргызская Республика,,,,Профессиональное среднее/общее,80.18
2016,Кыргызская Республика,,,,Профессиональное высшее,79.94
2017,Кыргызская Республика,,,,Профессиональное высшее,83.95
2018,Кыргызская Республика,,,,Профессиональное высшее,82.07
