Year,Территория,Пол,Возраст,Тип местности,Уровень дохода или квантиль благосостояния,Уровень образования,GeoCode,Value
2018,,,15 лет и старше,,,,,24.4
2019,,,15 лет и старше,,,,,32.172359
2020,,,15 лет и старше,,,,,35.908367
2021,,,15 лет и старше,,,,,36.349478
2022,,,15 лет и старше,,,,,39.085887
2023,,,15 лет и старше,,,,,45.94958
2018,,,15 лет и старше,Городская,,,,28.1
2019,,,15 лет и старше,Городская,,,,36.797119
2020,,,15 лет и старше,Городская,,,,38.037471
2021,,,15 лет и старше,Городская,,,,40.242575
2022,,,15 лет и старше,Городская,,,,44.724599
2023,,,15 лет и старше,Городская,,,,50.315129
2018,,,15 лет и старше,Сельская,,,,22.2
2019,,,15 лет и старше,Сельская,,,,29.421489
2020,,,15 лет и старше,Сельская,,,,34.606561
2021,,,15 лет и старше,Сельская,,,,33.921337
2022,,,15 лет и старше,Сельская,,,,35.518984
2023,,,15 лет и старше,Сельская,,,,43.219999
2018,,Мужчины,15 лет и старше,,,,,23.4
2019,,Мужчины,15 лет и старше,,,,,30.211974
2020,,Мужчины,15 лет и старше,,,,,33.229388
2021,,Мужчины,15 лет и старше,,,,,33.726935
2022,,Мужчины,15 лет и старше,,,,,36.217649
2023,,Мужчины,15 лет и старше,,,,,44.415418
2018,,Женщины,15 лет и старше,,,,,25.2
2019,,Женщины,15 лет и старше,,,,,33.807908
2020,,Женщины,15 лет и старше,,,,,38.177301
2021,,Женщины,15 лет и старше,,,,,38.549214
2022,,Женщины,15 лет и старше,,,,,41.476188
2023,,Женщины,15 лет и старше,,,,,47.251391
2018,Баткенская область,,15 лет и старше,,,,KG05,11.9
2019,Баткенская область,,15 лет и старше,,,,KG05,20.274736
2020,Баткенская область,,15 лет и старше,,,,KG05,26.775957
2021,Баткенская область,,15 лет и старше,,,,KG05,30.726355
2022,Баткенская область,,15 лет и старше,,,,KG05,32.430346
2023,Баткенская область,,15 лет и старше,,,,KG05,41.66781
2018,Джалал-Абадская область,,15 лет и старше,,,,KG03,13.1
2019,Джалал-Абадская область,,15 лет и старше,,,,KG03,26.361287
2020,Джалал-Абадская область,,15 лет и старше,,,,KG03,26.539366
2021,Джалал-Абадская область,,15 лет и старше,,,,KG03,24.114348
2022,Джалал-Абадская область,,15 лет и старше,,,,KG03,30.944932
2023,Джалал-Абадская область,,15 лет и старше,,,,KG03,41.486442
2018,Иссык-Кульская область,,15 лет и старше,,,,KG02,8.8
2019,Иссык-Кульская область,,15 лет и старше,,,,KG02,9.973074
2020,Иссык-Кульская область,,15 лет и старше,,,,KG02,27.245677
2021,Иссык-Кульская область,,15 лет и старше,,,,KG02,32.26432
2022,Иссык-Кульская область,,15 лет и старше,,,,KG02,38.701564
2023,Иссык-Кульская область,,15 лет и старше,,,,KG02,52.909629
2018,Нарынская область,,15 лет и старше,,,,KG04,35.3
2019,Нарынская область,,15 лет и старше,,,,KG04,43.200634
2020,Нарынская область,,15 лет и старше,,,,KG04,40.824543
2021,Нарынская область,,15 лет и старше,,,,KG04,55.72775
2022,Нарынская область,,15 лет и старше,,,,KG04,58.238267
2023,Нарынская область,,15 лет и старше,,,,KG04,62.57402
2018,Ошская область,,15 лет и старше,,,,KG06,30.7
2019,Ошская область,,15 лет и старше,,,,KG06,37.460737
2020,Ошская область,,15 лет и старше,,,,KG06,43.889458
2021,Ошская область,,15 лет и старше,,,,KG06,42.653948
2022,Ошская область,,15 лет и старше,,,,KG06,43.927782
2023,Ошская область,,15 лет и старше,,,,KG06,50.089747
2018,Таласская область,,15 лет и старше,,,,KG07,18.4
2019,Таласская область,,15 лет и старше,,,,KG07,32.044373
2020,Таласская область,,15 лет и старше,,,,KG07,33.277756
2021,Таласская область,,15 лет и старше,,,,KG07,32.64037
2022,Таласская область,,15 лет и старше,,,,KG07,40.137596
2023,Таласская область,,15 лет и старше,,,,KG07,44.864452
2018,Чуйская область,,15 лет и старше,,,,KG08,35.9
2019,Чуйская область,,15 лет и старше,,,,KG08,41.213464
2020,Чуйская область,,15 лет и старше,,,,KG08,43.885818
2021,Чуйская область,,15 лет и старше,,,,KG08,38.114375
2022,Чуйская область,,15 лет и старше,,,,KG08,32.977038
2023,Чуйская область,,15 лет и старше,,,,KG08,35.967163
2018,г. Бишкек,,15 лет и старше,,,,KG11,30.8
2019,г. Бишкек,,15 лет и старше,,,,KG11,34.961164
2020,г. Бишкек,,15 лет и старше,,,,KG11,38.853903
2021,г. Бишкек,,15 лет и старше,,,,KG11,42.722517
2022,г. Бишкек,,15 лет и старше,,,,KG11,44.695765
2023,г. Бишкек,,15 лет и старше,,,,KG11,47.242248
2018,г. Ош,,15 лет и старше,,,,KG21,23.3
2019,г. Ош,,15 лет и старше,,,,KG21,40.128114
2020,г. Ош,,15 лет и старше,,,,KG21,31.952317
2021,г. Ош,,15 лет и старше,,,,KG21,33.53691
2022,г. Ош,,15 лет и старше,,,,KG21,44.154401
2023,г. Ош,,15 лет и старше,,,,KG21,57.053084
2018,,,от 15 до 28 лет,,,,,12.7
2019,,,от 15 до 28 лет,,,,,16.40832
2020,,,от 15 до 28 лет,,,,,18.496814
2021,,,от 15 до 28 лет,,,,,16.180534
2022,,,от 15 до 28 лет,,,,,17.375255
2023,,,от 15 до 28 лет,,,,,23.872923
2018,,,"от 29 до 62 лет (население трудоспособного возраста: женщины до 57 лет, мужчины до 62 лет)",,,,,26.3
2019,,,"от 29 до 62 лет (население трудоспособного возраста: женщины до 57 лет, мужчины до 62 лет)",,,,,33.477733
2020,,,"от 29 до 62 лет (население трудоспособного возраста: женщины до 57 лет, мужчины до 62 лет)",,,,,37.033088
2021,,,"от 29 до 62 лет (население трудоспособного возраста: женщины до 57 лет, мужчины до 62 лет)",,,,,37.684305
2022,,,"от 29 до 62 лет (население трудоспособного возраста: женщины до 57 лет, мужчины до 62 лет)",,,,,40.007538
2023,,,"от 29 до 62 лет (население трудоспособного возраста: женщины до 57 лет, мужчины до 62 лет)",,,,,48.277417
2018,,,"58 лет и старше (население старше струдоспособного возраста: женщины 58 лет и старше, мужчины 63 лет и старше)",,,,,39.5
2019,,,"58 лет и старше (население старше струдоспособного возраста: женщины 58 лет и старше, мужчины 63 лет и старше)",,,,,55.192244
2020,,,"58 лет и старше (население старше струдоспособного возраста: женщины 58 лет и старше, мужчины 63 лет и старше)",,,,,59.619519
2021,,,"58 лет и старше (население старше струдоспособного возраста: женщины 58 лет и старше, мужчины 63 лет и старше)",,,,,63.542409
2022,,,"58 лет и старше (население старше струдоспособного возраста: женщины 58 лет и старше, мужчины 63 лет и старше)",,,,,67.680041
2023,,,"58 лет и старше (население старше струдоспособного возраста: женщины 58 лет и старше, мужчины 63 лет и старше)",,,,,69.714657
2018,,,15 лет и старше,,,Начальное образование,,17.0
2019,,,15 лет и старше,,,Начальное образование,,25.253959
2020,,,15 лет и старше,,,Начальное образование,,24.636899
2021,,,15 лет и старше,,,Начальное образование,,19.578465
2022,,,15 лет и старше,,,Начальное образование,,23.074575
2023,,,15 лет и старше,,,Начальное образование,,21.777107
2018,,,15 лет и старше,,,Первый этап среднего образования,,10.8
2019,,,15 лет и старше,,,Первый этап среднего образования,,15.506281
2020,,,15 лет и старше,,,Первый этап среднего образования,,18.134313
2021,,,15 лет и старше,,,Первый этап среднего образования,,17.192247
2022,,,15 лет и старше,,,Первый этап среднего образования,,18.330539
2023,,,15 лет и старше,,,Первый этап среднего образования,,24.75644
2018,,,15 лет и старше,,,Второй этап среднего образования,,18.2
2019,,,15 лет и старше,,,Второй этап среднего образования,,25.60731
2020,,,15 лет и старше,,,Второй этап среднего образования,,29.738081
2021,,,15 лет и старше,,,Второй этап среднего образования,,29.859968
2022,,,15 лет и старше,,,Второй этап среднего образования,,33.251389
2023,,,15 лет и старше,,,Второй этап среднего образования,,41.781083
2018,,,15 лет и старше,,,Послесреднее нетретичное образование,,32.1
2019,,,15 лет и старше,,,Послесреднее нетретичное образование,,39.576314
2020,,,15 лет и старше,,,Послесреднее нетретичное образование,,44.647997
2021,,,15 лет и старше,,,Послесреднее нетретичное образование,,45.738416
2022,,,15 лет и старше,,,Послесреднее нетретичное образование,,48.411721
2023,,,15 лет и старше,,,Послесреднее нетретичное образование,,55.952588
2018,,,15 лет и старше,,,Высшее образование (бакалавриат и магистратура или эквиваленты),,44.1
2019,,,15 лет и старше,,,Высшее образование (бакалавриат и магистратура или эквиваленты),,54.556962
2020,,,15 лет и старше,,,Высшее образование (бакалавриат и магистратура или эквиваленты),,57.646116
2021,,,15 лет и старше,,,Высшее образование (бакалавриат и магистратура или эквиваленты),,60.938271
2022,,,15 лет и старше,,,Высшее образование (бакалавриат и магистратура или эквиваленты),,62.32607
2023,,,15 лет и старше,,,Высшее образование (бакалавриат и магистратура или эквиваленты),,65.760348
2018,,,15 лет и старше,,Квинтиль 1 (беднейшие),,,12.285869
2019,,,15 лет и старше,,Квинтиль 1 (беднейшие),,,19.928329
2020,,,15 лет и старше,,Квинтиль 1 (беднейшие),,,23.264547
2021,,,15 лет и старше,,Квинтиль 1 (беднейшие),,,24.833636
2022,,,15 лет и старше,,Квинтиль 1 (беднейшие),,,28.434755
2023,,,15 лет и старше,,Квинтиль 1 (беднейшие),,,36.943115
2018,,,15 лет и старше,,Квинтиль 2,,,20.108219
2019,,,15 лет и старше,,Квинтиль 2,,,29.54173
2020,,,15 лет и старше,,Квинтиль 2,,,35.464543
2021,,,15 лет и старше,,Квинтиль 2,,,34.313233
2022,,,15 лет и старше,,Квинтиль 2,,,36.417518
2023,,,15 лет и старше,,Квинтиль 2,,,43.758492
2018,,,15 лет и старше,,Квинтиль 3,,,23.688371
2019,,,15 лет и старше,,Квинтиль 3,,,31.242776
2020,,,15 лет и старше,,Квинтиль 3,,,39.252696
2021,,,15 лет и старше,,Квинтиль 3,,,38.165514
2022,,,15 лет и старше,,Квинтиль 3,,,40.969805
2023,,,15 лет и старше,,Квинтиль 3,,,45.502117
2018,,,15 лет и старше,,Квинтиль 4,,,28.405545
2019,,,15 лет и старше,,Квинтиль 4,,,36.901646
2020,,,15 лет и старше,,Квинтиль 4,,,39.606036
2021,,,15 лет и старше,,Квинтиль 4,,,41.587399
2022,,,15 лет и старше,,Квинтиль 4,,,42.296455
2023,,,15 лет и старше,,Квинтиль 4,,,47.369936
2018,,,15 лет и старше,,Квинтиль 5 (богатейшие),,,32.674186
2019,,,15 лет и старше,,Квинтиль 5 (богатейшие),,,38.816776
2020,,,15 лет и старше,,Квинтиль 5 (богатейшие),,,46.669807
2021,,,15 лет и старше,,Квинтиль 5 (богатейшие),,,46.108628
2022,,,15 лет и старше,,Квинтиль 5 (богатейшие),,,51.345982
2023,,,15 лет и старше,,Квинтиль 5 (богатейшие),,,52.665873
