Year,Территория,Пол,Возраст,Value
2007,,,,8.2
2008,,,,8.2
2009,,,,8.4
2010,,,,8.6
2011,,,,8.5
2012,,,,8.4
2013,,,,8.3
2014,,,,8.0
2015,,,,7.6
2016,,,,7.2
2017,,,,6.9
2018,,,,6.2
2019,,,,5.5
2020,,,,5.8
2021,,,,5.3
2007,,Женщины,,9.0
2008,,Женщины,,9.4
2009,,Женщины,,9.8
2010,,Женщины,,9.9
2011,,Женщины,,9.9
2012,,Женщины,,9.5
2013,,Женщины,,9.7
2014,,Женщины,,9.5
2015,,Женщины,,9.0
2016,,Женщины,,8.7
2017,,Женщины,,8.9
2018,,Женщины,,6.9
2019,,Женщины,,6.2
2020,,Женщины,,6.7
2021,,Женщины,,6.3
2007,,Мужчины,,7.6
2008,,Мужчины,,7.3
2009,,Мужчины,,7.4
2010,,Мужчины,,7.7
2011,,Мужчины,,7.6
2012,,Мужчины,,7.7
2013,,Мужчины,,7.4
2014,,Мужчины,,7.0
2015,,Мужчины,,6.5
2016,,Мужчины,,6.2
2017,,Мужчины,,5.6
2018,,Мужчины,,5.7
2019,,Мужчины,,5.0
2020,,Мужчины,,5.2
2021,,Мужчины,,4.7
2007,Баткенская область,,,10.3
2008,Баткенская область,,,11.1
2009,Баткенская область,,,10.2
2010,Баткенская область,,,10.6
2011,Баткенская область,,,10.6
2012,Баткенская область,,,10.8
2013,Баткенская область,,,12.7
2014,Баткенская область,,,12.6
2015,Баткенская область,,,10.9
2016,Баткенская область,,,10.2
2017,Баткенская область,,,9.9
2018,Баткенская область,,,9.0
2019,Баткенская область,,,8.2
2020,Баткенская область,,,7.4
2021,Баткенская область,,,6.6
2009,Баткенская область,Женщины,,14.8
2010,Баткенская область,Женщины,,15.8
2011,Баткенская область,Женщины,,14.0
2012,Баткенская область,Женщины,,14.1
2013,Баткенская область,Женщины,,18.4
2014,Баткенская область,Женщины,,18.7
2015,Баткенская область,Женщины,,16.5
2016,Баткенская область,Женщины,,15.3
2017,Баткенская область,Женщины,,16.0
2018,Баткенская область,Женщины,,12.2
2019,Баткенская область,Женщины,,11.5
2020,Баткенская область,Женщины,,10.9
2021,Баткенская область,Женщины,,7.5
2009,Баткенская область,Мужчины,,7.2
2010,Баткенская область,Мужчины,,7.2
2011,Баткенская область,Мужчины,,8.4
2012,Баткенская область,Мужчины,,8.7
2013,Баткенская область,Мужчины,,9.8
2014,Баткенская область,Мужчины,,9.6
2015,Баткенская область,Мужчины,,7.6
2016,Баткенская область,Мужчины,,7.1
2017,Баткенская область,Мужчины,,6.3
2018,Баткенская область,Мужчины,,7.3
2019,Баткенская область,Мужчины,,6.7
2020,Баткенская область,Мужчины,,5.9
2021,Баткенская область,Мужчины,,6.2
2007,Джалал-Абадская область,,,6.8
2008,Джалал-Абадская область,,,6.9
2009,Джалал-Абадская область,,,7.0
2010,Джалал-Абадская область,,,7.8
2011,Джалал-Абадская область,,,8.2
2012,Джалал-Абадская область,,,8.4
2013,Джалал-Абадская область,,,8.2
2014,Джалал-Абадская область,,,7.6
2015,Джалал-Абадская область,,,7.7
2016,Джалал-Абадская область,,,7.5
2017,Джалал-Абадская область,,,7.2
2018,Джалал-Абадская область,,,6.2
2019,Джалал-Абадская область,,,5.5
2020,Джалал-Абадская область,,,11.0
2021,Джалал-Абадская область,,,11.8
2009,Джалал-Абадская область,Женщины,,8.5
2010,Джалал-Абадская область,Женщины,,8.9
2011,Джалал-Абадская область,Женщины,,9.4
2012,Джалал-Абадская область,Женщины,,9.0
2013,Джалал-Абадская область,Женщины,,10.3
2014,Джалал-Абадская область,Женщины,,10.0
2015,Джалал-Абадская область,Женщины,,9.9
2016,Джалал-Абадская область,Женщины,,10.3
2017,Джалал-Абадская область,Женщины,,10.5
2018,Джалал-Абадская область,Женщины,,9.1
2019,Джалал-Абадская область,Женщины,,7.9
2020,Джалал-Абадская область,Женщины,,13.2
2021,Джалал-Абадская область,Женщины,,15.5
2009,Джалал-Абадская область,Мужчины,,5.9
2010,Джалал-Абадская область,Мужчины,,7.1
2011,Джалал-Абадская область,Мужчины,,7.3
2012,Джалал-Абадская область,Мужчины,,7.9
2013,Джалал-Абадская область,Мужчины,,6.7
2014,Джалал-Абадская область,Мужчины,,6.0
2015,Джалал-Абадская область,Мужчины,,6.1
2016,Джалал-Абадская область,Мужчины,,5.8
2017,Джалал-Абадская область,Мужчины,,5.3
2018,Джалал-Абадская область,Мужчины,,4.7
2019,Джалал-Абадская область,Мужчины,,4.2
2020,Джалал-Абадская область,Мужчины,,9.7
2021,Джалал-Абадская область,Мужчины,,9.7
2007,Иссык-Кульская область,,,7.0
2008,Иссык-Кульская область,,,7.2
2009,Иссык-Кульская область,,,9.4
2010,Иссык-Кульская область,,,10.2
2011,Иссык-Кульская область,,,9.7
2012,Иссык-Кульская область,,,9.6
2013,Иссык-Кульская область,,,9.5
2014,Иссык-Кульская область,,,9.3
2015,Иссык-Кульская область,,,9.1
2016,Иссык-Кульская область,,,8.9
2017,Иссык-Кульская область,,,8.7
2018,Иссык-Кульская область,,,8.4
2019,Иссык-Кульская область,,,7.8
2020,Иссык-Кульская область,,,7.4
2021,Иссык-Кульская область,,,6.3
2009,Иссык-Кульская область,Женщины,,11.1
2010,Иссык-Кульская область,Женщины,,10.1
2011,Иссык-Кульская область,Женщины,,10.8
2012,Иссык-Кульская область,Женщины,,8.9
2013,Иссык-Кульская область,Женщины,,9.4
2014,Иссык-Кульская область,Женщины,,10.1
2015,Иссык-Кульская область,Женщины,,9.6
2016,Иссык-Кульская область,Женщины,,8.5
2017,Иссык-Кульская область,Женщины,,8.0
2018,Иссык-Кульская область,Женщины,,4.9
2019,Иссык-Кульская область,Женщины,,4.9
2020,Иссык-Кульская область,Женщины,,6.1
2021,Иссык-Кульская область,Женщины,,7.5
2009,Иссык-Кульская область,Мужчины,,8.2
2010,Иссык-Кульская область,Мужчины,,10.3
2011,Иссык-Кульская область,Мужчины,,8.9
2012,Иссык-Кульская область,Мужчины,,10.0
2013,Иссык-Кульская область,Мужчины,,9.5
2014,Иссык-Кульская область,Мужчины,,8.7
2015,Иссык-Кульская область,Мужчины,,8.7
2016,Иссык-Кульская область,Мужчины,,9.1
2017,Иссык-Кульская область,Мужчины,,9.0
2018,Иссык-Кульская область,Мужчины,,10.2
2019,Иссык-Кульская область,Мужчины,,9.4
2020,Иссык-Кульская область,Мужчины,,8.2
2021,Иссык-Кульская область,Мужчины,,5.6
2007,Нарынская область,,,11.1
2008,Нарынская область,,,11.2
2009,Нарынская область,,,10.0
2010,Нарынская область,,,10.3
2011,Нарынская область,,,10.3
2012,Нарынская область,,,10.2
2013,Нарынская область,,,9.1
2014,Нарынская область,,,9.7
2015,Нарынская область,,,9.3
2016,Нарынская область,,,9.0
2017,Нарынская область,,,8.8
2018,Нарынская область,,,8.8
2019,Нарынская область,,,8.3
2020,Нарынская область,,,7.3
2021,Нарынская область,,,6.3
2009,Нарынская область,Женщины,,14.7
2010,Нарынская область,Женщины,,14.7
2011,Нарынская область,Женщины,,14.7
2012,Нарынская область,Женщины,,16.3
2013,Нарынская область,Женщины,,14.2
2014,Нарынская область,Женщины,,15.4
2015,Нарынская область,Женщины,,13.7
2016,Нарынская область,Женщины,,14.6
2017,Нарынская область,Женщины,,12.3
2018,Нарынская область,Женщины,,15.0
2019,Нарынская область,Женщины,,11.1
2020,Нарынская область,Женщины,,12.4
2021,Нарынская область,Женщины,,10.8
2009,Нарынская область,Мужчины,,7.6
2010,Нарынская область,Мужчины,,8.2
2011,Нарынская область,Мужчины,,8.1
2012,Нарынская область,Мужчины,,7.4
2013,Нарынская область,Мужчины,,6.8
2014,Нарынская область,Мужчины,,7.4
2015,Нарынская область,Мужчины,,7.6
2016,Нарынская область,Мужчины,,6.6
2017,Нарынская область,Мужчины,,7.1
2018,Нарынская область,Мужчины,,6.2
2019,Нарынская область,Мужчины,,7.1
2020,Нарынская область,Мужчины,,5.2
2021,Нарынская область,Мужчины,,4.3
2007,Ошская область,,,5.4
2008,Ошская область,,,5.5
2009,Ошская область,,,6.6
2010,Ошская область,,,6.61
2011,Ошская область,,,6.6
2012,Ошская область,,,6.8
2013,Ошская область,,,6.3
2014,Ошская область,,,6.6
2015,Ошская область,,,6.0
2016,Ошская область,,,5.5
2017,Ошская область,,,5.1
2018,Ошская область,,,4.2
2019,Ошская область,,,3.5
2020,Ошская область,,,2.6
2021,Ошская область,,,1.9
2009,Ошская область,Женщины,,8.1
2010,Ошская область,Женщины,,7.8
2011,Ошская область,Женщины,,7.8
2012,Ошская область,Женщины,,8.9
2013,Ошская область,Женщины,,7.4
2014,Ошская область,Женщины,,7.3
2015,Ошская область,Женщины,,7.7
2016,Ошская область,Женщины,,7.1
2017,Ошская область,Женщины,,7.7
2018,Ошская область,Женщины,,6.6
2019,Ошская область,Женщины,,4.3
2020,Ошская область,Женщины,,4.1
2021,Ошская область,Женщины,,3.1
2009,Ошская область,Мужчины,,5.7
2010,Ошская область,Мужчины,,5.9
2011,Ошская область,Мужчины,,5.8
2012,Ошская область,Мужчины,,5.5
2013,Ошская область,Мужчины,,5.6
2014,Ошская область,Мужчины,,6.0
2015,Ошская область,Мужчины,,4.8
2016,Ошская область,Мужчины,,4.4
2017,Ошская область,Мужчины,,3.5
2018,Ошская область,Мужчины,,2.7
2019,Ошская область,Мужчины,,3.0
2020,Ошская область,Мужчины,,1.5
2021,Ошская область,Мужчины,,1.1
2007,Таласская область,,,5.1
2008,Таласская область,,,5.4
2009,Таласская область,,,4.9
2010,Таласская область,,,5.1
2011,Таласская область,,,5.0
2012,Таласская область,,,4.1
2013,Таласская область,,,3.7
2014,Таласская область,,,3.9
2015,Таласская область,,,3.3
2016,Таласская область,,,2.8
2017,Таласская область,,,2.5
2018,Таласская область,,,2.5
2019,Таласская область,,,2.5
2020,Таласская область,,,2.6
2021,Таласская область,,,2.6
2009,Таласская область,Женщины,,5.7
2010,Таласская область,Женщины,,5.2
2011,Таласская область,Женщины,,5.9
2012,Таласская область,Женщины,,4.1
2013,Таласская область,Женщины,,4.8
2014,Таласская область,Женщины,,6.5
2015,Таласская область,Женщины,,5.6
2016,Таласская область,Женщины,,5.0
2017,Таласская область,Женщины,,4.6
2018,Таласская область,Женщины,,3.6
2019,Таласская область,Женщины,,3.6
2020,Таласская область,Женщины,,3.7
2021,Таласская область,Женщины,,3.8
2009,Таласская область,Мужчины,,4.2
2010,Таласская область,Мужчины,,4.9
2011,Таласская область,Мужчины,,4.4
2012,Таласская область,Мужчины,,4.1
2013,Таласская область,Мужчины,,2.8
2014,Таласская область,Мужчины,,1.7
2015,Таласская область,Мужчины,,1.3
2016,Таласская область,Мужчины,,1.2
2017,Таласская область,Мужчины,,0.9
2018,Таласская область,Мужчины,,1.7
2019,Таласская область,Мужчины,,1.8
2020,Таласская область,Мужчины,,1.8
2021,Таласская область,Мужчины,,1.7
2007,Чуйская область,,,13.0
2008,Чуйская область,,,12.7
2009,Чуйская область,,,10.3
2010,Чуйская область,,,10.2
2011,Чуйская область,,,9.9
2012,Чуйская область,,,9.9
2013,Чуйская область,,,9.8
2014,Чуйская область,,,8.9
2015,Чуйская область,,,8.6
2016,Чуйская область,,,8.4
2017,Чуйская область,,,8.1
2018,Чуйская область,,,7.3
2019,Чуйская область,,,6.6
2020,Чуйская область,,,6.1
2021,Чуйская область,,,5.3
2009,Чуйская область,Женщины,,11.3
2010,Чуйская область,Женщины,,11.4
2011,Чуйская область,Женщины,,10.5
2012,Чуйская область,Женщины,,9.1
2013,Чуйская область,Женщины,,10.8
2014,Чуйская область,Женщины,,9.6
2015,Чуйская область,Женщины,,8.2
2016,Чуйская область,Женщины,,8.9
2017,Чуйская область,Женщины,,9.1
2018,Чуйская область,Женщины,,7.4
2019,Чуйская область,Женщины,,7.4
2020,Чуйская область,Женщины,,7.3
2021,Чуйская область,Женщины,,6.2
2009,Чуйская область,Мужчины,,9.6
2010,Чуйская область,Мужчины,,9.3
2011,Чуйская область,Мужчины,,9.5
2012,Чуйская область,Мужчины,,10.5
2013,Чуйская область,Мужчины,,9.1
2014,Чуйская область,Мужчины,,8.4
2015,Чуйская область,Мужчины,,8.9
2016,Чуйская область,Мужчины,,8.0
2017,Чуйская область,Мужчины,,7.4
2018,Чуйская область,Мужчины,,7.3
2019,Чуйская область,Мужчины,,6.1
2020,Чуйская область,Мужчины,,5.3
2021,Чуйская область,Мужчины,,4.8
2007,г. Бишкек,,,8.7
2008,г. Бишкек,,,8.6
2009,г. Бишкек,,,10.2
2010,г. Бишкек,,,10.0
2011,г. Бишкек,,,9.6
2012,г. Бишкек,,,8.7
2013,г. Бишкек,,,9.4
2014,г. Бишкек,,,8.9
2015,г. Бишкек,,,8.1
2016,г. Бишкек,,,7.7
2017,г. Бишкек,,,7.3
2018,г. Бишкек,,,6.7
2019,г. Бишкек,,,5.9
2020,г. Бишкек,,,5.0
2021,г. Бишкек,,,4.1
2009,г. Бишкек,Женщины,,9.6
2010,г. Бишкек,Женщины,,10.6
2011,г. Бишкек,Женщины,,10.6
2012,г. Бишкек,Женщины,,9.7
2013,г. Бишкек,Женщины,,9.7
2014,г. Бишкек,Женщины,,9.5
2015,г. Бишкек,Женщины,,8.4
2016,г. Бишкек,Женщины,,7.6
2017,г. Бишкек,Женщины,,7.9
2018,г. Бишкек,Женщины,,5.0
2019,г. Бишкек,Женщины,,5.5
2020,г. Бишкек,Женщины,,4.6
2021,г. Бишкек,Женщины,,3.3
2009,г. Бишкек,Мужчины,,10.7
2010,г. Бишкек,Мужчины,,9.5
2011,г. Бишкек,Мужчины,,8.7
2012,г. Бишкек,Мужчины,,7.8
2013,г. Бишкек,Мужчины,,9.3
2014,г. Бишкек,Мужчины,,8.4
2015,г. Бишкек,Мужчины,,7.7
2016,г. Бишкек,Мужчины,,7.8
2017,г. Бишкек,Мужчины,,6.7
2018,г. Бишкек,Мужчины,,8.2
2019,г. Бишкек,Мужчины,,6.2
2020,г. Бишкек,Мужчины,,5.4
2021,г. Бишкек,Мужчины,,4.9
2013,г. Ош,,,4.6
2014,г. Ош,,,4.2
2015,г. Ош,,,3.9
2016,г. Ош,,,3.6
2017,г. Ош,,,3.5
2018,г. Ош,,,3.0
2019,г. Ош,,,2.5
2020,г. Ош,,,2.8
2021,г. Ош,,,2.8
2013,г. Ош,Женщины,,3.8
2014,г. Ош,Женщины,,5.2
2015,г. Ош,Женщины,,5.6
2016,г. Ош,Женщины,,6.3
2017,г. Ош,Женщины,,4.5
2018,г. Ош,Женщины,,3.5
2019,г. Ош,Женщины,,4.4
2020,г. Ош,Женщины,,3.7
2021,г. Ош,Женщины,,3.4
2013,г. Ош,Мужчины,,5.0
2014,г. Ош,Мужчины,,3.8
2015,г. Ош,Мужчины,,3.1
2016,г. Ош,Мужчины,,2.5
2017,г. Ош,Мужчины,,3.0
2018,г. Ош,Мужчины,,2.7
2019,г. Ош,Мужчины,,1.5
2020,г. Ош,Мужчины,,2.3
2021,г. Ош,Мужчины,,2.6
2007,,,от 15 до 19 лет,15.1
2008,,,от 15 до 19 лет,13.3
2009,,,от 15 до 19 лет,16.8
2010,,,от 15 до 19 лет,19.072445
2011,,,от 15 до 19 лет,18.9
2012,,,от 15 до 19 лет,21.3
2013,,,от 15 до 19 лет,16.2
2014,,,от 15 до 19 лет,17.7
2015,,,от 15 до 19 лет,17.3
2016,,,от 15 до 19 лет,19.9
2017,,,от 15 до 19 лет,18.3
2018,,,от 15 до 19 лет,13.9
2019,,,от 15 до 19 лет,13.9
2020,,,от 15 до 19 лет,13.7
2021,,,от 15 до 19 лет,15.7
2007,,,от 20 до 29 лет,10.2
2008,,,от 20 до 29 лет,11.4
2009,,,от 20 до 29 лет,12.7
2010,,,от 20 до 29 лет,12.397261
2011,,,от 20 до 29 лет,12.5
2012,,,от 20 до 29 лет,11.9
2013,,,от 20 до 29 лет,10.4
2014,,,от 20 до 29 лет,10.2
2015,,,от 20 до 29 лет,10.5
2016,,,от 20 до 29 лет,10.4
2017,,,от 20 до 29 лет,10.2
2018,,,от 20 до 29 лет,9.5
2019,,,от 20 до 29 лет,9.3
2020,,,от 20 до 29 лет,8.9
2021,,,от 20 до 29 лет,7.9
2007,,,от 30 до 39 лет,7.2
2008,,,от 30 до 39 лет,7.3
2009,,,от 30 до 39 лет,6.1
2010,,,от 30 до 39 лет,6.198562
2011,,,от 30 до 39 лет,6.5
2012,,,от 30 до 39 лет,7.0
2013,,,от 30 до 39 лет,7.2
2014,,,от 30 до 39 лет,6.7
2015,,,от 30 до 39 лет,6.2
2016,,,от 30 до 39 лет,5.9
2017,,,от 30 до 39 лет,5.4
2018,,,от 30 до 39 лет,4.6
2019,,,от 30 до 39 лет,4.0
2020,,,от 30 до 39 лет,5.1
2021,,,от 30 до 39 лет,4.5
2007,,,от 40 до 49 лет,6.2
2008,,,от 40 до 49 лет,6.2
2009,,,от 40 до 49 лет,5.2
2010,,,от 40 до 49 лет,5.90176
2011,,,от 40 до 49 лет,5.5
2012,,,от 40 до 49 лет,4.9
2013,,,от 40 до 49 лет,6.4
2014,,,от 40 до 49 лет,6.7
2015,,,от 40 до 49 лет,5.8
2016,,,от 40 до 49 лет,5.3
2017,,,от 40 до 49 лет,5.3
2018,,,от 40 до 49 лет,4.3
2019,,,от 40 до 49 лет,3.6
2020,,,от 40 до 49 лет,4.4
2021,,,от 40 до 49 лет,4.4
2007,,,от 50 до 59 лет,5.7
2008,,,от 50 до 59 лет,4.5
2009,,,от 50 до 59 лет,4.6
2010,,,от 50 до 59 лет,4.823213
2011,,,от 50 до 59 лет,4.6
2012,,,от 50 до 59 лет,4.8
2013,,,от 50 до 59 лет,6.1
2014,,,от 50 до 59 лет,5.1
2015,,,от 50 до 59 лет,4.2
2016,,,от 50 до 59 лет,3.5
2017,,,от 50 до 59 лет,3.8
2018,,,от 50 до 59 лет,4.2
2019,,,от 50 до 59 лет,3.1
2020,,,от 50 до 59 лет,3.1
2021,,,от 50 до 59 лет,2.9
2007,,,от 60 до 69 лет,2.9
2008,,,от 60 до 69 лет,0.8
2009,,,от 60 до 69 лет,1.5
2010,,,от 60 до 69 лет,2.319915
2011,,,от 60 до 69 лет,2.5
2012,,,от 60 до 69 лет,2.8
2013,,,от 60 до 69 лет,3.2
2014,,,от 60 до 69 лет,2.6
2015,,,от 60 до 69 лет,2.8
2016,,,от 60 до 69 лет,1.3
2017,,,от 60 до 69 лет,1.6
2018,,,от 60 до 69 лет,2.7
2019,,,от 60 до 69 лет,1.1
2020,,,от 60 до 69 лет,1.8
2021,,,от 60 до 69 лет,1.4
2010,,,70 лет и старше,0.561023
2011,,,70 лет и старше,0.7
2013,,,70 лет и старше,1.6
2014,,,70 лет и старше,2.8
2015,,,70 лет и старше,1.4
2016,,,70 лет и старше,0.9
2017,,,70 лет и старше,0.3
2020,,,70 лет и старше,0.6
