Year,SERIES,Value
2015,Выбросы углекислого газа от сжигания топлива,10275.0
2016,Выбросы углекислого газа от сжигания топлива,8840.5
2017,Выбросы углекислого газа от сжигания топлива,9449.1
2015,Выбросы углекислого газа на единицу ВВП,2.4
2016,Выбросы углекислого газа на единицу ВВП,1.9
2017,Выбросы углекислого газа на единицу ВВП,1.8
2015,Выбросы углекислого газа на единицу добавленной стоимости производства,1.6
2016,Выбросы углекислого газа на единицу добавленной стоимости производства,1.3
2017,Выбросы углекислого газа на единицу добавленной стоимости производства,1.4
