Year,COMPOSITE_BREAKDOWN,Value
2010,,153.6
2011,,212.4
2012,,217.7
2013,,225.5
2014,,302.6
2015,,304.9
2016,,264.3
2017,,248.2
2018,,283.6
2019,,251.6
2020,,253.276648
2021,,272.6
2022,,292.199619
2023,,311.655828
2010,Загрязняющие вещества: твердые,74.5
2011,Загрязняющие вещества: твердые,90.6
2012,Загрязняющие вещества: твердые,90.9
2013,Загрязняющие вещества: твердые,80.0
2014,Загрязняющие вещества: твердые,112.7
2015,Загрязняющие вещества: твердые,121.8
2016,Загрязняющие вещества: твердые,101.3
2017,Загрязняющие вещества: твердые,126.1
2018,Загрязняющие вещества: твердые,91.0
2019,Загрязняющие вещества: твердые,76.5
2020,Загрязняющие вещества: твердые,93.236078
2021,Загрязняющие вещества: твердые,98.1
2022,Загрязняющие вещества: твердые,99.522498
2023,Загрязняющие вещества: твердые,119.55978
2010,Загрязняющие вещества: газообразные и жидкие,79.0
2011,Загрязняющие вещества: газообразные и жидкие,121.8
2012,Загрязняющие вещества: газообразные и жидкие,126.8
2013,Загрязняющие вещества: газообразные и жидкие,145.6
2014,Загрязняющие вещества: газообразные и жидкие,189.9
2015,Загрязняющие вещества: газообразные и жидкие,183.1
2016,Загрязняющие вещества: газообразные и жидкие,163.0
2017,Загрязняющие вещества: газообразные и жидкие,122.1
2018,Загрязняющие вещества: газообразные и жидкие,192.6
2019,Загрязняющие вещества: газообразные и жидкие,175.1
2020,Загрязняющие вещества: газообразные и жидкие,160.0
2021,Загрязняющие вещества: газообразные и жидкие,174.5
2022,Загрязняющие вещества: газообразные и жидкие,192.677121
2023,Загрязняющие вещества: газообразные и жидкие,192.096048
2010,Загрязняющие вещества: сернистый ангидрид,39.5
2011,Загрязняющие вещества: сернистый ангидрид,47.0
2012,Загрязняющие вещества: сернистый ангидрид,27.1
2013,Загрязняющие вещества: сернистый ангидрид,63.1
2014,Загрязняющие вещества: сернистый ангидрид,92.3
2015,Загрязняющие вещества: сернистый ангидрид,95.4
2016,Загрязняющие вещества: сернистый ангидрид,80.6
2017,Загрязняющие вещества: сернистый ангидрид,39.0
2018,Загрязняющие вещества: сернистый ангидрид,90.3
2019,Загрязняющие вещества: сернистый ангидрид,75.5
2020,Загрязняющие вещества: сернистый ангидрид,69.0
2021,Загрязняющие вещества: сернистый ангидрид,75.6
2022,Загрязняющие вещества: сернистый ангидрид,88.011953
2023,Загрязняющие вещества: сернистый ангидрид,78.53927
2010,Загрязняющие вещества: окись углерода,17.0
2011,Загрязняющие вещества: окись углерода,48.4
2012,Загрязняющие вещества: окись углерода,49.8
2013,Загрязняющие вещества: окись углерода,52.3
2014,Загрязняющие вещества: окись углерода,61.5
2015,Загрязняющие вещества: окись углерода,49.9
2016,Загрязняющие вещества: окись углерода,47.1
2017,Загрязняющие вещества: окись углерода,47.1
2018,Загрязняющие вещества: окись углерода,60.7
2019,Загрязняющие вещества: окись углерода,48.0
2020,Загрязняющие вещества: окись углерода,48.5
2021,Загрязняющие вещества: окись углерода,55.5
2022,Загрязняющие вещества: окись углерода,56.91943
2023,Загрязняющие вещества: окись углерода,60.030015
2010,Загрязняющие вещества: окислы азота,12.5
2011,Загрязняющие вещества: окислы азота,15.4
2012,Загрязняющие вещества: окислы азота,17.6
2013,Загрязняющие вещества: окислы азота,17.3
2014,Загрязняющие вещества: окислы азота,21.2
2015,Загрязняющие вещества: окислы азота,20.0
2016,Загрязняющие вещества: окислы азота,21.8
2017,Загрязняющие вещества: окислы азота,19.5
2018,Загрязняющие вещества: окислы азота,22.8
2019,Загрязняющие вещества: окислы азота,25.5
2020,Загрязняющие вещества: окислы азота,22.8
2021,Загрязняющие вещества: окислы азота,24.9
2022,Загрязняющие вещества: окислы азота,24.176373
2023,Загрязняющие вещества: окислы азота,26.013007
